id,split,region,label,class,scene_type,purity,frac_water,frac_vegetation,frac_built_up,frac_barren,frac_cropland,deg_sigma_x,deg_sigma_y,deg_theta,deg_noise,deg_jpeg_q,deg_noise_seed
lulc_00000,lulc,214,4,cropland,farmland,0.8305935329861112,0.039713541666666664,0.0,0.1296929253472222,0.0,0.8305935329861112,1.4329706076679813,1.1539987848128381,2.3108379007707818,3.4924206439690493,57,1844205634
lulc_00001,lulc,213,4,cropland,farmland,0.8040364583333334,0.0,0.19596354166666666,0.0,0.0,0.8040364583333334,2.299297196214512,1.0064060449530001,0.9055443578597498,4.926375596630093,68,1517295781
lulc_00002,lulc,210,0,water,harbour,1.0,1.0,0.0,0.0,0.0,0.0,0.8485209071671658,0.897275571154232,2.5946220513913216,3.423036076606249,64,1999423345
lulc_00003,lulc,234,4,cropland,farmland,0.9213053385416666,0.03811306423611111,0.040581597222222224,0.0,0.0,0.9213053385416666,1.8768581963411846,0.865693983556952,0.008196556006191957,6.411893479453339,46,556127982
lulc_00004,lulc,218,2,built_up,urban_grid,1.0,0.0,0.0,1.0,0.0,0.0,2.153087832815142,1.6642662767235286,1.6283191031544237,2.278612762805941,83,531240964
lulc_00005,lulc,229,2,built_up,urban_grid,0.6562228732638888,0.0,0.169677734375,0.6562228732638888,0.1740993923611111,0.0,1.422873600299928,1.7885880713113589,0.829677543191402,0.5410771175497677,82,107018212
lulc_00006,lulc,214,1,vegetation,farmland,0.7989637586805556,0.05881076388888889,0.7989637586805556,0.07953559027777778,0.0,0.06268988715277778,1.3499024930237302,0.7132807139963453,1.6484204321233673,1.1314723834647467,74,1686253843
lulc_00007,lulc,225,4,cropland,farmland,0.7698838975694444,0.037841796875,0.0,0.19227430555555555,0.0,0.7698838975694444,1.7367226191039937,1.9484684946386093,0.15023957022488338,8.636969315585375,79,91196156
lulc_00008,lulc,232,1,vegetation,farmland,0.7695041232638888,0.0,0.7695041232638888,0.2304958767361111,0.0,0.0,1.6529156016632354,2.0695280621678838,1.9565756109954668,0.9141182382743627,60,2043187635
lulc_00009,lulc,225,1,vegetation,river_delta,0.6754014756944444,0.035237630208333336,0.6754014756944444,0.0,0.2893608940972222,0.0,1.7600387695440762,1.4183632177987398,2.5147256292592934,6.536027041781472,77,2029091538
lulc_00010,lulc,232,0,water,river_delta,1.0,1.0,0.0,0.0,0.0,0.0,0.6828877234721707,1.9875816966929132,0.5184941412888112,0.4449435280091367,92,1278416895
lulc_00011,lulc,222,3,barren,urban_grid,0.7664930555555556,0.0,0.2057834201388889,0.027723524305555556,0.7664930555555556,0.0,1.5037220936834332,1.4182156739373906,2.914181612219874,6.454862715983823,48,955446439
lulc_00012,lulc,219,1,vegetation,farmland,0.7948404947916666,0.0,0.7948404947916666,0.20515950520833334,0.0,0.0,1.1176239388576468,1.8397638971466965,2.312472339224234,6.234432152803623,58,1128273178
lulc_00013,lulc,211,2,built_up,urban_grid,1.0,0.0,0.0,1.0,0.0,0.0,1.5025629606959283,1.1470989257836333,1.9223190362761278,0.7468495331184206,88,785134400
lulc_00014,lulc,220,4,cropland,farmland,1.0,0.0,0.0,0.0,0.0,1.0,1.0059101089823557,0.9510690227137932,1.5355052733344057,0.22832678860831912,64,1824891113
lulc_00015,lulc,235,3,barren,urban_grid,1.0,0.0,0.0,0.0,1.0,0.0,0.9749011110055779,2.1997727670114324,2.241198701493885,9.273696189829199,89,567474639
lulc_00016,lulc,236,2,built_up,harbour,0.88427734375,0.07218424479166667,0.0,0.88427734375,0.043538411458333336,0.0,1.0131434603221199,1.7171035625275461,1.901009300427302,6.838974948148435,86,1150664370
lulc_00017,lulc,228,3,barren,river_delta,0.7118326822916666,0.0866427951388889,0.10799153645833333,0.0,0.7118326822916666,0.0935329861111111,1.2089417309157784,1.5948169204898237,0.09372972425133033,9.910853210843898,74,755301908
lulc_00018,lulc,232,4,cropland,farmland,0.8081868489583334,0.11311848958333333,0.07869466145833333,0.0,0.0,0.8081868489583334,0.8107738970404654,0.8054793101238542,0.4692808779504626,8.035313556755579,51,1075362954
lulc_00019,lulc,229,4,cropland,river_delta,0.9542643229166666,0.0,0.045735677083333336,0.0,0.0,0.9542643229166666,1.8079810067627538,1.8824089411510148,2.9447066302089246,0.12398121682590224,61,1836912089
lulc_00020,lulc,226,0,water,harbour,0.8666720920138888,0.8666720920138888,0.0,0.09434678819444445,0.038981119791666664,0.0,1.8025591166650003,1.8206540664037614,0.030762428137504853,2.740013922292454,66,1990883696
lulc_00021,lulc,224,1,vegetation,farmland,0.7241753472222222,0.1829155815972222,0.7241753472222222,0.037353515625,0.0,0.05555555555555555,2.3540862955318835,2.270674423812361,1.619006249311323,8.835045417301474,58,1808113037
lulc_00022,lulc,227,2,built_up,urban_grid,1.0,0.0,0.0,1.0,0.0,0.0,2.1550715938310687,0.7768701903858621,0.5520111819238758,8.050745923541564,83,368079419
lulc_00023,lulc,212,0,water,river_delta,0.9211968315972222,0.9211968315972222,0.027235243055555556,0.0,0.051567925347222224,0.0,1.8869489167545872,1.4144250735609887,2.8805158291303945,8.023714408207534,56,640696712
lulc_00024,lulc,213,0,water,river_delta,1.0,1.0,0.0,0.0,0.0,0.0,1.0375595701750713,1.1547647501788076,1.157946952246681,1.19426205760728,87,194042130
lulc_00025,lulc,216,4,cropland,farmland,0.6952311197916666,0.06684027777777778,0.106201171875,0.13172743055555555,0.0,0.6952311197916666,0.7480126127620601,0.7259619933666556,1.029703048024488,1.764500035371484,74,134015821
lulc_00026,lulc,212,3,barren,urban_grid,0.6975911458333334,0.0,0.3004828559027778,0.001925998263888889,0.6975911458333334,0.0,1.2284589370680306,0.8997440823520966,1.2669397405738083,3.6462838550920855,47,1669459491
lulc_00027,lulc,236,0,water,river_delta,0.736572265625,0.736572265625,0.263427734375,0.0,0.0,0.0,0.8415074935175879,0.6425216287132328,1.013642471819062,9.761029366217825,58,737553123
lulc_00028,lulc,232,4,cropland,farmland,1.0,0.0,0.0,0.0,0.0,1.0,0.8601292053532449,1.57460895909781,0.2683474921884277,7.795264446040757,56,2128383925
lulc_00029,lulc,214,1,vegetation,quarry,0.8483615451388888,0.0,0.8483615451388888,0.1516384548611111,0.0,0.0,1.36666565501453,0.8636807362145342,0.06924462751865684,3.3693387399358072,94,1684516355
lulc_00030,lulc,215,2,built_up,harbour,0.8463541666666666,0.15364583333333334,0.0,0.8463541666666666,0.0,0.0,1.9887701691483302,2.081596088952411,2.322664437387625,1.8437674219255693,72,2036230904
lulc_00031,lulc,218,0,water,harbour,0.72412109375,0.72412109375,0.0,0.18798828125,0.087890625,0.0,1.8983145050087926,1.3967419160520702,0.13892923992293726,10.685017819935883,47,315359681
lulc_00032,lulc,216,4,cropland,farmland,1.0,0.0,0.0,0.0,0.0,1.0,0.8319855257926869,2.0030343217477746,1.3382656074314851,1.0473243927449651,81,1732477932
lulc_00033,lulc,225,1,vegetation,farmland,0.7273763020833334,0.0,0.7273763020833334,0.05164930555555555,0.0,0.2209743923611111,0.6876102284551107,2.032589504036921,2.8394396954243595,2.04487647517426,95,566858263
lulc_00034,lulc,225,2,built_up,urban_grid,0.9647081163194444,0.0,0.002170138888888889,0.9647081163194444,0.033121744791666664,0.0,0.6576906934551657,1.974899279926687,2.8498900611177302,3.47650480903217,57,153352450
lulc_00035,lulc,225,4,cropland,farmland,0.8792588975694444,0.0,0.08544921875,0.03529188368055555,0.0,0.8792588975694444,1.7447215531790006,0.6804761870598176,2.052387942110412,8.245988093706345,87,141817012
lulc_00036,lulc,220,1,vegetation,farmland,0.7113715277777778,0.08802625868055555,0.7113715277777778,0.09575737847222222,0.0,0.10484483506944445,1.629943932798509,2.1120613556438244,0.8402855786432832,4.7663320384647205,52,829874418
lulc_00037,lulc,239,3,barren,quarry,1.0,0.0,0.0,0.0,1.0,0.0,1.4375384369908484,0.6389168283982369,2.8117331180344647,0.7877745206338735,46,2082637651
lulc_00038,lulc,235,0,water,river_delta,0.7714301215277778,0.7714301215277778,0.058159722222222224,0.0,0.05715603298611111,0.1132541232638889,1.4411175129588107,2.1747217610010696,0.6213696238213295,1.751781403712393,52,579350925
lulc_00039,lulc,214,4,cropland,farmland,0.6814778645833334,0.0,0.20035807291666666,0.1181640625,0.0,0.6814778645833334,2.3510754446518507,1.4844395240589954,1.6048972121005545,0.2679212604010388,76,428797930
lulc_00040,lulc,233,2,built_up,urban_grid,0.6852756076388888,0.0,0.3147243923611111,0.6852756076388888,0.0,0.0,1.9495433964779112,1.1456236119656609,1.5697095304023716,4.7908973104573285,85,1694931205
lulc_00041,lulc,233,0,water,river_delta,0.873291015625,0.873291015625,0.126708984375,0.0,0.0,0.0,1.4472427430594879,1.8187935498609176,1.2409144424503857,0.4168626946272904,93,2109724524
lulc_00042,lulc,224,3,barren,quarry,1.0,0.0,0.0,0.0,1.0,0.0,0.7993355484572301,0.8828334188516951,3.1261394438234027,11.881932485323912,94,5652757
lulc_00043,lulc,227,3,barren,quarry,0.7177463107638888,0.1174045138888889,0.1648491753472222,0.0,0.7177463107638888,0.0,1.3807937717584569,1.0021739340916105,0.04300145175620558,5.318969110786692,58,39523194
lulc_00044,lulc,218,1,vegetation,farmland,1.0,0.0,1.0,0.0,0.0,0.0,1.0682153389881055,0.6023780760863464,0.500553982824047,5.58876080138619,82,310722063
lulc_00045,lulc,223,4,cropland,farmland,0.6365559895833334,0.09917534722222222,0.0,0.2642686631944444,0.0,0.6365559895833334,1.0316740108949627,1.3864401207366432,0.5393442238065477,0.4106478989719289,87,1007113120
lulc_00046,lulc,224,1,vegetation,river_delta,0.9095594618055556,0.046223958333333336,0.9095594618055556,0.0,0.007839626736111112,0.036376953125,2.380775625734517,1.9069657857792723,0.904356844625944,10.111925982301262,63,193390484
lulc_00047,lulc,232,4,cropland,river_delta,0.9532063802083334,0.0,0.046793619791666664,0.0,0.0,0.9532063802083334,1.8570039930783997,1.0984265783788154,0.7255665089015209,4.664449358387002,50,783395114
lulc_00048,lulc,234,1,vegetation,urban_grid,0.8634982638888888,0.0,0.8634982638888888,0.1365017361111111,0.0,0.0,1.9715279018752399,1.42118124762283,2.3333137582923658,5.204067780560236,57,784370367
lulc_00049,lulc,213,4,cropland,farmland,0.8780924479166666,0.032524956597222224,0.009195963541666666,0.08018663194444445,0.0,0.8780924479166666,2.2457816252438842,1.7821226756648287,0.9750100002698294,4.40790055562179,53,1973270457
lulc_00050,lulc,220,1,vegetation,river_delta,1.0,0.0,1.0,0.0,0.0,0.0,1.097558793799444,0.8198341946103938,1.5022899183032299,3.5804080556937015,78,208250372
lulc_00051,lulc,229,3,barren,quarry,0.8113878038194444,0.18861219618055555,0.0,0.0,0.8113878038194444,0.0,2.071660946045658,0.803273017440108,1.1835957244630644,4.945255559795553,56,1650649140
lulc_00052,lulc,225,4,cropland,farmland,1.0,0.0,0.0,0.0,0.0,1.0,1.211475003593363,1.8835951989537643,1.4092028671354253,9.173837123952158,59,149824219
lulc_00053,lulc,221,2,built_up,urban_grid,0.8149956597222222,0.0,0.17955186631944445,0.8149956597222222,0.005452473958333333,0.0,1.6127403802148335,2.2968099461524574,3.041825290548842,5.599441690147266,53,526383570
lulc_00054,lulc,210,0,water,river_delta,0.6389702690972222,0.6389702690972222,0.043782552083333336,0.0,0.3172471788194444,0.0,0.9778173927125408,2.3876169304229404,2.990104662503989,6.378397096584518,75,237143514
lulc_00055,lulc,211,1,vegetation,river_delta,0.7410210503472222,0.2589789496527778,0.7410210503472222,0.0,0.0,0.0,1.3204534515354767,2.2852112923189174,3.1134516987082805,0.2125450067812178,48,1192972779
lulc_00056,lulc,231,0,water,harbour,0.8878038194444444,0.8878038194444444,0.0,0.05626085069444445,0.05593532986111111,0.0,1.7311138684251643,2.2707966507389643,1.4683475208120265,9.463184271497713,93,1726741746
lulc_00057,lulc,214,4,cropland,farmland,0.7588161892361112,0.06873914930555555,0.0,0.17244466145833334,0.0,0.7588161892361112,1.8890614150582201,2.2858927071728568,1.6461337707763775,2.9653632538475483,84,1148649564
lulc_00058,lulc,211,2,built_up,harbour,0.7963053385416666,0.022596571180555556,0.0,0.7963053385416666,0.1810980902777778,0.0,1.8926569346233268,1.2112373973239836,2.769536687098316,11.488062676403437,47,1998908272
lulc_00059,lulc,232,2,built_up,urban_grid,0.9102376302083334,0.0,0.06681315104166667,0.9102376302083334,0.02294921875,0.0,1.456204022188428,1.5148141422868329,2.7310824016866104,3.0957736316556295,86,310892828
lulc_00060,lulc,238,3,barren,urban_grid,1.0,0.0,0.0,0.0,1.0,0.0,1.5448509782774829,0.8886232234938657,3.012478944632462,9.165492874996625,74,515807595
lulc_00061,lulc,238,1,vegetation,quarry,0.8353678385416666,0.030354817708333332,0.8353678385416666,0.0,0.13427734375,0.0,2.1194674138194918,2.181265256119804,0.7172965133889889,0.5810619718805565,78,1529082459
lulc_00062,lulc,221,1,vegetation,quarry,1.0,0.0,1.0,0.0,0.0,0.0,1.5266580451151848,1.4220523699379035,1.3958160887554627,9.599247889405872,86,1249820412
lulc_00063,lulc,218,0,water,harbour,0.709716796875,0.709716796875,0.0,0.2449273003472222,0.045355902777777776,0.0,2.131912900045269,2.2942914418375526,1.5239328799514926,7.307451334799579,85,1730966918
lulc_00064,lulc,211,0,water,harbour,0.6848958333333334,0.6848958333333334,0.0,0.110595703125,0.20450846354166666,0.0,1.1810125425836098,1.4099198431653681,1.3717384256461929,2.688137898417454,84,690070292
lulc_00065,lulc,236,3,barren,quarry,0.7211371527777778,0.0,0.2788628472222222,0.0,0.7211371527777778,0.0,1.9434365647660847,1.5386705173289545,2.7805918454194094,8.815830871368245,90,103593964
lulc_00066,lulc,225,2,built_up,urban_grid,0.8118218315972222,0.0,0.0,0.8118218315972222,0.1881781684027778,0.0,1.0904129413994066,1.9765971774826174,2.8472031797525013,9.274565112425542,72,1177237513
lulc_00067,lulc,226,2,built_up,urban_grid,0.8141004774305556,0.0,0.18589952256944445,0.8141004774305556,0.0,0.0,1.249435681786307,1.2577971178483551,3.1150785980983544,7.627789383401938,87,199720602
lulc_00068,lulc,230,4,cropland,farmland,0.8809136284722222,0.0,0.11908637152777778,0.0,0.0,0.8809136284722222,2.0896786433867587,0.8020432052733993,1.796198089783665,10.831427691077478,70,160110343
lulc_00069,lulc,233,2,built_up,urban_grid,0.8821072048611112,0.0,0.057698567708333336,0.8821072048611112,0.06019422743055555,0.0,2.1861996612821972,0.7551376056324629,0.02465862950936537,9.559689392973024,72,324557567
lulc_00070,lulc,239,4,cropland,farmland,0.9048665364583334,0.06504991319444445,0.0005696614583333334,0.029513888888888888,0.0,0.9048665364583334,1.432785979387893,1.5633163915563935,2.94468069902127,0.8651419845555095,52,312837636
lulc_00071,lulc,232,4,cropland,river_delta,1.0,0.0,0.0,0.0,0.0,1.0,0.9851903896850898,2.1422139076735953,1.2111671653146827,10.394486050944968,71,1938250947
lulc_00072,lulc,214,3,barren,quarry,0.947998046875,0.0,0.0,0.052001953125,0.947998046875,0.0,1.5269381609233714,0.7581215051288375,1.2517938494289063,9.160565151896074,70,921572870
lulc_00073,lulc,217,2,built_up,urban_grid,1.0,0.0,0.0,1.0,0.0,0.0,2.0505360859957134,1.278124954367402,2.7770395744590424,3.553229942733742,54,886539559
lulc_00074,lulc,213,3,barren,river_delta,0.6648220486111112,0.0,0.05921766493055555,0.0,0.6648220486111112,0.2759602864583333,2.3943194220984445,2.357978169063863,1.9783761058682332,6.791209110521979,89,1052006235
lulc_00075,lulc,213,3,barren,quarry,0.8272026909722222,0.055609809027777776,0.03271484375,0.08447265625,0.8272026909722222,0.0,1.9552325423511006,1.4904772008726712,1.8224134128627856,5.5869836769687575,61,1277936208
lulc_00076,lulc,234,3,barren,river_delta,0.8034396701388888,0.04212782118055555,0.0949978298611111,0.0,0.8034396701388888,0.05943467881944445,2.363815671945623,1.8856102677912672,1.5405976332812137,5.31717050126357,75,542770013
lulc_00077,lulc,225,1,vegetation,river_delta,0.7585177951388888,0.036078559027777776,0.7585177951388888,0.0,0.0,0.20540364583333334,1.0314375453234037,1.2754645753888578,1.0167791554277106,10.642767688796386,92,660637365
lulc_00078,lulc,231,4,cropland,river_delta,0.7221950954861112,0.1420355902777778,0.0,0.0,0.1357693142361111,0.7221950954861112,1.322694708827199,1.0719421451071505,0.8869443319453657,1.1480231227595312,53,1835093577
lulc_00079,lulc,232,4,cropland,farmland,0.8162163628472222,0.059733072916666664,0.12266710069444445,0.0013834635416666667,0.0,0.8162163628472222,1.5080745899660082,1.1883680720158856,1.9476085665534464,11.452986698984633,89,59444677
lulc_00080,lulc,212,2,built_up,urban_grid,0.718017578125,0.0,0.281982421875,0.718017578125,0.0,0.0,0.6979595343584901,2.099396076341611,1.7066803475294723,2.7078323780457474,71,1127168352
lulc_00081,lulc,228,2,built_up,urban_grid,0.7604709201388888,0.0,0.07505967881944445,0.7604709201388888,0.16446940104166666,0.0,1.2192928641639342,1.2965348977264273,1.3457884809882414,8.281764065149302,92,960359361
lulc_00082,lulc,213,3,barren,river_delta,0.6882052951388888,0.1288791232638889,0.052652994791666664,0.0,0.6882052951388888,0.13026258680555555,2.376956396505573,1.1782674519296428,2.803791335530986,5.671074375885509,68,1729340024
lulc_00083,lulc,219,2,built_up,urban_grid,1.0,0.0,0.0,1.0,0.0,0.0,1.3453502653339453,1.8570608261446822,1.464760979977265,7.603533127619119,81,2115419950
lulc_00084,lulc,226,1,vegetation,quarry,1.0,0.0,1.0,0.0,0.0,0.0,1.979139330749256,2.132011186995675,3.048827646228561,2.2611846984071486,51,320497824
lulc_00085,lulc,223,2,built_up,urban_grid,0.7516004774305556,0.0,0.0,0.7516004774305556,0.24839952256944445,0.0,1.7463611237076848,2.0834238154854887,1.6195348414849278,1.7272884728863214,79,742371146
lulc_00086,lulc,232,4,cropland,farmland,0.9319118923611112,0.026692708333333332,0.04139539930555555,0.0,0.0,0.9319118923611112,1.3579108372164286,1.5728520392793706,1.7493366229720717,8.25991650105081,86,2045993383
lulc_00087,lulc,231,3,barren,urban_grid,0.8136393229166666,0.0,0.1399468315972222,0.04641384548611111,0.8136393229166666,0.0,1.4912129945974288,2.30032640338158,2.4903111240931444,6.214339612860881,64,174959953
lulc_00088,lulc,238,4,cropland,farmland,0.7247992621527778,0.1759711371527778,0.0,0.09922960069444445,0.0,0.7247992621527778,2.1842039819156813,2.022962883531486,0.2552703207614804,11.70529616611632,77,835132469
lulc_00089,lulc,228,2,built_up,urban_grid,0.6551378038194444,0.0,0.0,0.6551378038194444,0.3448621961805556,0.0,0.6824760724155509,0.7511273115439047,2.77438611705442,5.980030301844223,65,1371874042
lulc_00090,lulc,227,0,water,harbour,1.0,1.0,0.0,0.0,0.0,0.0,0.6711630048622321,1.1612993612445102,1.8658461651009475,10.609168036503617,60,1032325729
lulc_00091,lulc,217,3,barren,river_delta,0.7233072916666666,0.0,0.2022026909722222,0.0,0.7233072916666666,0.0744900173611111,1.2128925321424013,2.2349433528087093,1.0883674084952184,4.760206366501099,83,270873710
lulc_00092,lulc,236,3,barren,quarry,0.8598361545138888,0.057074652777777776,0.02294921875,0.060139973958333336,0.8598361545138888,0.0,2.1858126323199984,0.7806425073091581,2.848640598074421,4.263987897057957,88,2097324740
lulc_00093,lulc,222,1,vegetation,river_delta,0.9180772569444444,0.029730902777777776,0.9180772569444444,0.0,0.030056423611111112,0.022135416666666668,0.8327160377028594,2.1844077666465718,3.0939993980819884,5.212796013063956,76,1573859091
lulc_00094,lulc,215,3,barren,river_delta,1.0,0.0,0.0,0.0,1.0,0.0,1.4511548760794826,0.7176410995677739,1.251761019117598,3.3809365413103456,56,796211493
lulc_00095,lulc,238,2,built_up,urban_grid,1.0,0.0,0.0,1.0,0.0,0.0,0.8486751027260221,1.827004257291525,2.995217333294871,4.816962976281129,81,844594625
lulc_00096,lulc,212,4,cropland,farmland,0.9446885850694444,0.05531141493055555,0.0,0.0,0.0,0.9446885850694444,1.3945799100691187,1.0932125255922194,1.308758339908191,9.019128456411426,75,1148681367
lulc_00097,lulc,220,0,water,quarry,1.0,1.0,0.0,0.0,0.0,0.0,2.2167118992762793,1.3399269281423576,2.1343171810585617,5.942781477152058,53,366832881
lulc_00098,lulc,226,1,vegetation,river_delta,0.8151041666666666,0.18489583333333334,0.8151041666666666,0.0,0.0,0.0,1.4450129777590837,0.6886803978721986,0.8413020329447984,7.197812734111901,90,2124829381
lulc_00099,lulc,218,4,cropland,farmland,0.6760525173611112,0.054768880208333336,0.2691786024305556,0.0,0.0,0.6760525173611112,0.9841657142144928,0.8710004568339524,0.9407235669649593,11.833615335605757,59,1580864845
lulc_00100,lulc,221,4,cropland,farmland,0.9270833333333334,0.0,0.002902560763888889,0.07001410590277778,0.0,0.9270833333333334,1.598926314985487,1.8904337753363056,0.5820342677269783,6.333227807472155,56,1497156836
lulc_00101,lulc,218,1,vegetation,urban_grid,0.6171332465277778,0.0,0.6171332465277778,0.050591362847222224,0.332275390625,0.0,2.0088272391285225,1.2675698346773827,3.0390642770688516,7.472666088447033,82,19946815
lulc_00102,lulc,220,2,built_up,urban_grid,0.6442599826388888,0.0,0.3557400173611111,0.6442599826388888,0.0,0.0,2.157464880969289,0.9441867821808854,1.3249305490518233,3.3421011976919712,57,843027704
lulc_00103,lulc,223,2,built_up,urban_grid,1.0,0.0,0.0,1.0,0.0,0.0,1.099393741422589,0.8846452444565784,0.1547659241911538,10.862429394738484,62,2071752932
lulc_00104,lulc,235,1,vegetation,river_delta,1.0,0.0,1.0,0.0,0.0,0.0,1.4518826979248385,1.6271269423015315,3.0506720053444853,2.0990268936375536,51,1054968858
lulc_00105,lulc,224,4,cropland,farmland,0.7060546875,0.16761610243055555,0.0,0.12632921006944445,0.0,0.7060546875,1.269969590525947,2.228462839761241,0.17835245235177027,11.457079025893256,47,241202045
lulc_00106,lulc,227,0,water,harbour,1.0,1.0,0.0,0.0,0.0,0.0,1.6905137577764084,2.1268858391444003,1.802103708770089,3.3231118832500917,62,1620373758
lulc_00107,lulc,235,4,cropland,farmland,0.7237684461805556,0.025472005208333332,0.2463921440972222,0.004367404513888889,0.0,0.7237684461805556,0.8239773911501619,0.8248678743944773,1.037400863057091,3.9463532959906265,53,1542852957
lulc_00108,lulc,232,0,water,harbour,0.7216525607638888,0.7216525607638888,0.0,0.0,0.2783474392361111,0.0,1.24577803375107,1.8684893167947987,1.4018101915084948,9.589618613762124,55,321864903
lulc_00109,lulc,214,1,vegetation,farmland,0.7309027777777778,0.013970269097222222,0.7309027777777778,0.055474175347222224,0.0,0.1996527777777778,1.336166286167515,1.1104022007506336,2.3462824609715756,6.371594003179032,61,674862410
lulc_00110,lulc,214,3,barren,quarry,1.0,0.0,0.0,0.0,1.0,0.0,0.7997729832330941,1.322586604902075,0.005651670075397859,0.1403554329176333,59,515073595
lulc_00111,lulc,217,3,barren,quarry,0.7436252170138888,0.1769476996527778,0.020317925347222224,0.05910915798611111,0.7436252170138888,0.0,1.2490716233065675,1.2149219782658522,1.7171666173053244,4.5126904270613135,48,1631856639
lulc_00112,lulc,219,3,barren,quarry,0.9280598958333334,0.03868272569444445,0.033257378472222224,0.0,0.9280598958333334,0.0,1.3960950122018592,1.3925230566173465,0.7455515194019661,0.7734272787376049,55,2083468148
lulc_00113,lulc,227,0,water,river_delta,0.8990342881944444,0.8990342881944444,0.05295138888888889,0.0,0.0,0.048014322916666664,1.564352103764631,0.9803317575391636,0.49171601939380816,11.82534391407868,92,522680817
lulc_00114,lulc,223,0,water,harbour,0.6286892361111112,0.6286892361111112,0.0,0.3710123697916667,0.00029839409722222225,0.0,1.8770046257400619,1.8704980653521304,1.2101486633645004,0.4244909421415719,81,53050614
lulc_00115,lulc,233,0,water,river_delta,0.756591796875,0.756591796875,0.11054144965277778,0.0,0.014458550347222222,0.118408203125,1.7870216694300942,1.2132471243977876,2.477377135396225,9.602120570545516,83,1086778244
lulc_00116,lulc,225,0,water,harbour,1.0,1.0,0.0,0.0,0.0,0.0,1.6598172144617012,1.6585084955924954,0.4662871264996097,3.226645270049428,62,845883708
lulc_00117,lulc,216,4,cropland,farmland,0.9500054253472222,0.049994574652777776,0.0,0.0,0.0,0.9500054253472222,1.7536241311661263,0.6671994644514934,3.027741620621094,10.651539554383218,80,1760491461
lulc_00118,lulc,229,1,vegetation,farmland,0.6507975260416666,0.0,0.6507975260416666,0.10538736979166667,0.0,0.24381510416666666,1.0162916813583274,0.8647520901619589,3.128959897256699,6.801163261688894,76,746044108
lulc_00119,lulc,216,2,built_up,urban_grid,0.8444010416666666,0.0,0.1312934027777778,0.8444010416666666,0.024305555555555556,0.0,2.1057321717804305,1.120884474239319,0.9228129955154788,5.1905570480731935,71,444786614
lulc_00120,lulc,232,0,water,harbour,0.8891872829861112,0.8891872829861112,0.0,0.0,0.1108127170138889,0.0,1.2882660448373247,0.876599445763878,1.3320296131990312,8.410101105607753,57,1608729104
lulc_00121,lulc,228,4,cropland,farmland,1.0,0.0,0.0,0.0,0.0,1.0,1.2043170280336937,1.553741614085297,1.5800079699692668,11.90918017524923,70,931891357
lulc_00122,lulc,238,4,cropland,river_delta,0.6816948784722222,0.0,0.3183051215277778,0.0,0.0,0.6816948784722222,2.113436349676406,1.5402175396948743,3.0525700295048463,6.403947244918079,55,386919070
lulc_00123,lulc,215,4,cropland,river_delta,0.7633192274305556,0.0,0.0788302951388889,0.0,0.15785047743055555,0.7633192274305556,1.4204652624058822,0.9356156817667121,2.829251600429374,8.321618003868766,55,344852514
lulc_00124,lulc,215,3,barren,quarry,0.729248046875,0.021484375,0.2121039496527778,0.037163628472222224,0.729248046875,0.0,2.055074246358873,1.6561479576235238,0.5136401845886336,2.675817663408193,79,1963621512
lulc_00125,lulc,233,1,vegetation,river_delta,0.6666666666666666,0.0,0.6666666666666666,0.0,0.3333333333333333,0.0,1.7531022441160986,1.4229563780655512,0.859003008961908,3.1334775367875105,86,591092919
lulc_00126,lulc,238,1,vegetation,urban_grid,1.0,0.0,1.0,0.0,0.0,0.0,1.9436155701546727,0.8538397027111788,1.306747482931153,5.836024210469458,79,2129469847
lulc_00127,lulc,223,2,built_up,quarry,0.8376736111111112,0.1623263888888889,0.0,0.8376736111111112,0.0,0.0,2.12437278905868,0.9348365589710557,2.1053959314895967,2.474365838546633,84,1265721886
lulc_00128,lulc,219,1,vegetation,farmland,0.8398980034722222,0.03903537326388889,0.8398980034722222,0.011257595486111112,0.0,0.10980902777777778,1.9161980781559724,1.2269561568785599,2.0036991361383842,10.481563843607208,83,621274902
lulc_00129,lulc,230,0,water,harbour,1.0,1.0,0.0,0.0,0.0,0.0,1.5619966111439758,1.9427854302210226,0.060194584464325976,8.001333708204891,47,1428839923
lulc_00130,lulc,216,3,barren,river_delta,0.7302788628472222,0.2697211371527778,0.0,0.0,0.7302788628472222,0.0,1.755686198646245,1.3220940056932693,2.5505114040720467,8.053168358187035,83,989171450
lulc_00131,lulc,213,1,vegetation,river_delta,0.8102213541666666,0.0,0.8102213541666666,0.0,0.18977864583333334,0.0,1.6552877834641633,2.0748096573848045,2.2257847983051464,6.168589282629405,70,2121748398
lulc_00132,lulc,227,1,vegetation,urban_grid,0.7415635850694444,0.0,0.7415635850694444,0.1583930121527778,0.10004340277777778,0.0,2.006758766429516,0.6239870214220066,0.05554183239077389,10.747721401452761,86,100336669
lulc_00133,lulc,230,0,water,harbour,1.0,1.0,0.0,0.0,0.0,0.0,2.1768132977894696,1.1023533902473313,1.4591879183740568,11.249697958327047,79,2074225732
lulc_00134,lulc,215,4,cropland,farmland,0.8040364583333334,0.047932942708333336,0.0,0.14803059895833334,0.0,0.8040364583333334,1.6177203639256241,1.5780552953257057,0.5344450238972859,0.0702115393854621,77,1606271802
lulc_00135,lulc,224,0,water,river_delta,0.8091634114583334,0.8091634114583334,0.07142469618055555,0.0,0.009629991319444444,0.10978190104166667,0.9870664831950363,2.159082248906131,1.0209243491574467,0.022759795765706414,74,1645824459
lulc_00136,lulc,210,1,vegetation,quarry,0.8400336371527778,0.029839409722222224,0.8400336371527778,0.07164171006944445,0.05848524305555555,0.0,2.362067564819119,2.0320709836500876,2.6431760581801496,10.025539945840078,93,187180071
lulc_00137,lulc,225,1,vegetation,river_delta,0.6573079427083334,0.0810546875,0.6573079427083334,0.0,0.12261284722222222,0.13902452256944445,2.3384543125593162,0.7065278324216848,1.3391107191351574,0.47337470471210885,93,196750011
lulc_00138,lulc,236,1,vegetation,farmland,0.8997938368055556,0.031195746527777776,0.8997938368055556,0.06901041666666667,0.0,0.0,1.85088686701966,1.8488478260734724,0.2686873770406239,6.483865679106154,52,286780581
lulc_00139,lulc,213,1,vegetation,river_delta,0.8518880208333334,0.047770182291666664,0.8518880208333334,0.0,0.026828342013888888,0.0735134548611111,1.3096732272530511,1.9797318067525218,1.0961748856913058,11.476895651140167,45,1472972643
lulc_00140,lulc,215,2,built_up,harbour,0.6990559895833334,0.2047797309027778,0.0,0.6990559895833334,0.0961642795138889,0.0,1.707308435073323,2.0977025484143317,0.687387390749795,0.820102858279951,60,667642650
lulc_00141,lulc,226,4,cropland,farmland,0.7776421440972222,0.08927408854166667,0.0,0.1330837673611111,0.0,0.7776421440972222,0.6896435104547122,0.6284273715403009,0.5957128592994211,1.9726030652873225,63,958246068
lulc_00142,lulc,216,4,cropland,farmland,0.8931206597222222,0.06431749131944445,0.042561848958333336,0.0,0.0,0.8931206597222222,1.597723003087503,1.4019330816307307,2.6197041883214007,1.575925631048332,54,535203436
lulc_00143,lulc,223,2,built_up,harbour,0.6907280815972222,0.032036675347222224,0.0,0.6907280815972222,0.2772352430555556,0.0,0.6964788164200792,0.7787051070404287,0.1916965015075969,1.604648135150558,80,1590124068
lulc_00144,lulc,233,2,built_up,harbour,1.0,0.0,0.0,1.0,0.0,0.0,2.297566425573122,1.2583245730104098,0.42070103648763524,1.9821445904759512,95,2142255432
lulc_00145,lulc,212,1,vegetation,urban_grid,0.8777398003472222,0.0,0.8777398003472222,0.12226019965277778,0.0,0.0,2.3158698705053586,1.9613111434224892,1.223851054312478,11.53973408306144,78,436896718
lulc_00146,lulc,231,4,cropland,farmland,0.8212890625,0.12353515625,0.0,0.05517578125,0.0,0.8212890625,2.148932950451528,1.1571529564121534,1.406919955853016,8.813143979260381,92,429917584
lulc_00147,lulc,227,3,barren,urban_grid,0.8593207465277778,0.0,0.1406792534722222,0.0,0.8593207465277778,0.0,1.8205153275783093,1.333646151752173,1.0046531983669456,5.842570262752039,50,556247218
lulc_00148,lulc,224,4,cropland,farmland,0.8596733940972222,0.03244357638888889,0.1078830295138889,0.0,0.0,0.8596733940972222,1.3027444892996907,2.2102836092253506,2.3657773990259754,9.635330729705863,89,2004238489
lulc_00149,lulc,220,0,water,quarry,0.8295627170138888,0.8295627170138888,0.1704372829861111,0.0,0.0,0.0,1.5123748356205207,0.8743355171676768,1.6406600439947092,6.825832885871954,48,1671821346
lulc_00150,lulc,234,3,barren,river_delta,0.8014051649305556,0.0,0.14225260416666666,0.0,0.8014051649305556,0.056342230902777776,1.228049341580912,1.2155470790369294,0.10069229851106457,9.759080102019325,62,265056310
lulc_00151,lulc,217,4,cropland,farmland,0.7284342447916666,0.0,0.10077582465277778,0.17078993055555555,0.0,0.7284342447916666,1.3279174437154935,1.0648131017114206,3.1252449355820393,9.306433394957626,67,837035416
lulc_00152,lulc,224,2,built_up,harbour,0.6332736545138888,0.0,0.0,0.6332736545138888,0.3667263454861111,0.0,0.6297727128218393,1.504185843494784,0.9053271134201942,4.358986720562594,49,2066707902
lulc_00153,lulc,218,2,built_up,quarry,0.916259765625,0.083740234375,0.0,0.916259765625,0.0,0.0,1.1218979418935566,0.6143146017054467,1.4809981293969734,10.944362761274398,72,1290187276
lulc_00154,lulc,217,4,cropland,farmland,1.0,0.0,0.0,0.0,0.0,1.0,2.1014780695639272,1.3451105960302594,0.5809454441839443,4.4418738975696686,74,554551385
lulc_00155,lulc,233,2,built_up,harbour,0.7209743923611112,0.0,0.0,0.7209743923611112,0.2790256076388889,0.0,1.4997320884721992,1.403564264955238,1.679031593082434,4.64252067517738,51,1400588352
lulc_00156,lulc,216,1,vegetation,river_delta,1.0,0.0,1.0,0.0,0.0,0.0,1.0623328511779162,0.7642264077032217,0.5538052654780192,5.085560929592424,73,1857607544
lulc_00157,lulc,239,1,vegetation,quarry,1.0,0.0,1.0,0.0,0.0,0.0,1.6878342714516856,2.172066348434902,0.34054933746418314,11.171894369944576,49,2102276574
lulc_00158,lulc,236,3,barren,urban_grid,1.0,0.0,0.0,0.0,1.0,0.0,0.6436179000937805,1.8307443440528166,0.42882846004381525,2.2946156199445342,60,738981226
lulc_00159,lulc,212,1,vegetation,river_delta,0.6891818576388888,0.0,0.6891818576388888,0.0,0.018717447916666668,0.2921006944444444,1.6648310873937349,2.0610709230454605,0.6599251187646824,1.9850606659093666,63,1055310081
lulc_00160,lulc,231,2,built_up,urban_grid,0.8344184027777778,0.0,0.0,0.8344184027777778,0.1655815972222222,0.0,0.6659281476028036,1.0394622802474744,2.011534358631781,0.011695284867180522,68,1292190274
lulc_00161,lulc,234,4,cropland,farmland,0.9229058159722222,0.026475694444444444,0.050618489583333336,0.0,0.0,0.9229058159722222,0.6513159826808811,2.0621607518396248,0.5776247438420155,6.572455494938206,95,1039875034
lulc_00162,lulc,238,1,vegetation,farmland,0.9125162760416666,0.0,0.9125162760416666,0.08748372395833333,0.0,0.0,0.6091332652570368,1.2195481565126234,0.8283721733593015,3.982883759821413,77,1544333612
lulc_00163,lulc,210,0,water,river_delta,0.828857421875,0.828857421875,0.0,0.0,0.171142578125,0.0,2.3700851513021965,1.30258223670348,1.6725189667866467,8.046608943455174,64,1504077546
lulc_00164,lulc,215,3,barren,urban_grid,0.7075737847222222,0.0,0.0390625,0.2533637152777778,0.7075737847222222,0.0,1.166555812168647,0.8840270855784484,0.08952609086779907,1.106676876523954,70,1538179736
lulc_00165,lulc,210,0,water,harbour,0.7262098524305556,0.7262098524305556,0.0,0.169189453125,0.10460069444444445,0.0,1.5522549848808085,2.180530603554314,0.5659432739487246,1.552218804578346,58,369599833
lulc_00166,lulc,236,4,cropland,farmland,1.0,0.0,0.0,0.0,0.0,1.0,0.8595545020015936,0.9605042313804348,1.700707981287868,6.8518215063751065,46,788232073
lulc_00167,lulc,210,3,barren,river_delta,0.6357150607638888,0.3642849392361111,0.0,0.0,0.6357150607638888,0.0,2.097374202910925,1.449367191140417,2.852933499662979,2.085494204275641,53,1170091745
lulc_00168,lulc,238,0,water,harbour,0.9541015625,0.9541015625,0.0,0.011908637152777778,0.033989800347222224,0.0,1.8774028729567775,0.6257523918796916,1.931830129008658,9.630999650853273,78,430155423
lulc_00169,lulc,228,4,cropland,farmland,0.92138671875,0.0,0.07861328125,0.0,0.0,0.92138671875,2.3166865961424548,1.386867375399965,0.5355160252363191,8.319685245223086,58,1490435862
lulc_00170,lulc,233,2,built_up,urban_grid,0.7989637586805556,0.0,0.027316623263888888,0.7989637586805556,0.17371961805555555,0.0,2.2559634098907684,0.6130076024629978,0.9163475579190546,11.43143890933598,94,1043777040
lulc_00171,lulc,233,4,cropland,farmland,0.5802408854166666,0.06266276041666667,0.2855631510416667,0.071533203125,0.0,0.5802408854166666,0.7959860557177072,1.493572993782578,3.114692882586252,8.242480141936591,85,948828053
lulc_00172,lulc,220,0,water,harbour,1.0,1.0,0.0,0.0,0.0,0.0,0.9581663592388541,1.804846478415981,1.4683649783353019,10.907390460630621,81,741761651
lulc_00173,lulc,228,3,barren,river_delta,0.6734754774305556,0.048665364583333336,0.08995225694444445,0.0,0.6734754774305556,0.18790690104166666,2.15300859984517,1.488160477959835,0.061725618388894433,4.854684210768518,48,1980420659
lulc_00174,lulc,210,4,cropland,river_delta,0.7279459635416666,0.07549370659722222,0.1965603298611111,0.0,0.0,0.7279459635416666,1.9648933236824724,0.8041688187927609,0.06138065379936946,3.508554748092656,46,803307030
lulc_00175,lulc,238,1,vegetation,river_delta,0.8705512152777778,0.032172309027777776,0.8705512152777778,0.0,0.0010308159722222222,0.09624565972222222,0.9264295701391223,0.7158060662393119,1.712198273533577,6.979245673983024,90,1566512685
lulc_00176,lulc,239,2,built_up,urban_grid,0.9651692708333334,0.0,0.03404405381944445,0.9651692708333334,0.0007866753472222222,0.0,1.126377904388655,0.6680314370901167,1.4854411943729504,1.9261032217145728,54,78017361
lulc_00177,lulc,234,3,barren,urban_grid,0.7230631510416666,0.0,0.192138671875,0.08479817708333333,0.7230631510416666,0.0,1.268061503135774,2.0291442248673293,1.4373914151680047,6.144668740582036,78,16367564
lulc_00178,lulc,238,3,barren,urban_grid,1.0,0.0,0.0,0.0,1.0,0.0,1.9025479932102458,0.6050202279887813,1.0892704880339685,4.131563743620339,91,2114991411
lulc_00179,lulc,238,1,vegetation,quarry,0.6284450954861112,0.0,0.6284450954861112,0.3715549045138889,0.0,0.0,0.9513950002521316,1.838839811690776,1.7379408035038468,5.7060388884841675,71,869852200
lulc_00180,lulc,222,1,vegetation,urban_grid,0.7540690104166666,0.0,0.7540690104166666,0.2274848090277778,0.018446180555555556,0.0,0.787528445647964,1.731589895146889,0.18835994615992846,5.141955595389254,71,153676826
lulc_00181,lulc,214,0,water,river_delta,1.0,1.0,0.0,0.0,0.0,0.0,1.6084213458343082,1.5801668243130853,2.9507316624927666,4.3174588761740855,58,1519065296
lulc_00182,lulc,214,2,built_up,harbour,1.0,0.0,0.0,1.0,0.0,0.0,1.6486795790119122,1.7970472984462633,2.4697500198996525,7.498321085528902,65,1857393345
lulc_00183,lulc,224,1,vegetation,farmland,1.0,0.0,1.0,0.0,0.0,0.0,2.159711546083299,1.0107877059663928,2.3252705533363156,10.878047300380356,48,241597374
lulc_00184,lulc,239,2,built_up,urban_grid,0.7769368489583334,0.0,0.07291666666666667,0.7769368489583334,0.150146484375,0.0,1.8973580565184212,2.2325506351184448,1.6496621563219467,10.773675799300314,77,51072586
lulc_00185,lulc,231,3,barren,urban_grid,0.8109809027777778,0.0,0.05221896701388889,0.13680013020833334,0.8109809027777778,0.0,1.6162797707130694,1.5294888359096797,0.24213234215216062,5.534714832166388,70,1537221551
lulc_00186,lulc,212,4,cropland,farmland,0.68408203125,0.0,0.2724880642361111,0.04342990451388889,0.0,0.68408203125,1.584105492317192,2.1070786704266093,1.191521657968821,1.2286360235936886,84,1684234216
lulc_00187,lulc,212,3,barren,quarry,0.8751898871527778,0.042561848958333336,0.0,0.0822482638888889,0.8751898871527778,0.0,2.2816940404622224,1.354173187351278,0.6298970285320592,9.066806793002609,83,1892758941
lulc_00188,lulc,230,1,vegetation,farmland,0.7728135850694444,0.048746744791666664,0.7728135850694444,0.031928168402777776,0.0,0.1465115017361111,1.4362151347981753,2.351518988179665,1.1004613274836765,10.65415617716215,45,1743946600
lulc_00189,lulc,220,0,water,river_delta,0.7354871961805556,0.7354871961805556,0.0,0.0,0.0,0.2645128038194444,0.8306176887617938,2.2116751391072214,0.04844519762790106,10.270688015597052,52,1707772112
lulc_00190,lulc,220,3,barren,quarry,0.7680935329861112,0.07454427083333333,0.052001953125,0.10536024305555555,0.7680935329861112,0.0,1.9286480939851631,1.938989288749506,1.723106537825747,11.687267309842579,48,1525276295
lulc_00191,lulc,210,4,cropland,farmland,0.858154296875,0.04698350694444445,0.034369574652777776,0.060492621527777776,0.0,0.858154296875,2.259493669567933,1.963778637516369,0.5490082262049731,3.5690713402691094,51,347298281
lulc_00192,lulc,235,3,barren,quarry,1.0,0.0,0.0,0.0,1.0,0.0,0.6692198644579962,1.5634188499731512,1.8317905353891566,1.0384055381965696,51,1781023403
lulc_00193,lulc,213,3,barren,urban_grid,1.0,0.0,0.0,0.0,1.0,0.0,2.024655379697175,2.0903852813702404,0.25538823617942896,5.795067020429257,70,2082308963
lulc_00194,lulc,238,2,built_up,urban_grid,0.7855631510416666,0.0,0.21443684895833334,0.7855631510416666,0.0,0.0,1.492704071412171,2.1345435468040503,0.061197269742074456,1.0187830389346542,57,631048546
lulc_00195,lulc,210,2,built_up,urban_grid,0.9294704861111112,0.0,0.020914713541666668,0.9294704861111112,0.049614800347222224,0.0,1.4013271334552648,1.7555858716980675,2.3218417858762113,5.294782204664843,57,747769621
lulc_00196,lulc,213,0,water,harbour,0.6577690972222222,0.6577690972222222,0.0,0.0,0.3422309027777778,0.0,1.583809279094936,0.6317161076421797,2.459654663497581,4.794818894172653,55,783685744
lulc_00197,lulc,232,2,built_up,quarry,0.7879774305555556,0.059624565972222224,0.07430013020833333,0.7879774305555556,0.0780978732638889,0.0,0.8428355681984974,1.1487024676372146,2.662316279507089,0.45980172701171496,86,1793704430
lulc_00198,lulc,218,3,barren,urban_grid,0.9612630208333334,0.0,0.038736979166666664,0.0,0.9612630208333334,0.0,1.5035801033084066,1.794927829420458,2.6769776881156697,9.433373328495716,50,1422686219
lulc_00199,lulc,212,4,cropland,farmland,1.0,0.0,0.0,0.0,0.0,1.0,1.2228083829447889,1.9668136274541,2.6082474235230912,5.838194155147988,66,1412754519
lulc_00200,lulc,219,2,built_up,urban_grid,0.9097222222222222,0.0,0.06081814236111111,0.9097222222222222,0.029459635416666668,0.0,1.449325385902668,1.5595151276557666,1.2694870893949137,0.8409952236274951,53,67416479
lulc_00201,lulc,227,3,barren,river_delta,0.6705729166666666,0.2513563368055556,0.0,0.0,0.6705729166666666,0.07807074652777778,0.995568198497082,1.110459777395329,2.5341100737273408,5.454744350531609,66,653309563
lulc_00202,lulc,226,4,cropland,farmland,0.5844455295138888,0.3035753038194444,0.0,0.11197916666666667,0.0,0.5844455295138888,1.7525196924519948,2.2755252827396637,2.968667893856672,4.434786011496881,93,2027301595
lulc_00203,lulc,222,3,barren,river_delta,0.8168131510416666,0.18318684895833334,0.0,0.0,0.8168131510416666,0.0,2.1090913207489734,0.8907524151627826,0.8453189558343875,8.532327315333795,73,1837021905
lulc_00204,lulc,220,0,water,river_delta,0.7444390190972222,0.7444390190972222,0.0666775173611111,0.0,0.029215494791666668,0.15966796875,1.1026853255203475,1.631905506032814,2.4187323134222742,1.4933821732314274,81,2106063687
lulc_00205,lulc,229,4,cropland,farmland,0.8896213107638888,0.055013020833333336,0.0,0.055365668402777776,0.0,0.8896213107638888,1.957409037142814,1.5777847777559912,1.811043459695832,4.4740482147251,45,1518026070
lulc_00206,lulc,235,0,water,harbour,0.6242133246527778,0.6242133246527778,0.0,0.119873046875,0.2559136284722222,0.0,2.375915618387446,1.0571901554521248,2.2108175564425276,5.106748653855759,52,572337694
lulc_00207,lulc,218,0,water,river_delta,0.84423828125,0.84423828125,0.0,0.0,0.15576171875,0.0,1.6760227270028216,0.7745483725561173,3.0318833877739757,3.14922528342757,89,656264955
lulc_00208,lulc,229,3,barren,urban_grid,0.8882649739583334,0.0,0.021837022569444444,0.08989800347222222,0.8882649739583334,0.0,0.9955220189848526,0.7576606705797374,3.0219183279988204,10.55837617905948,74,361722493
lulc_00209,lulc,227,1,vegetation,farmland,1.0,0.0,1.0,0.0,0.0,0.0,0.6806402426434788,0.6378038185638074,2.284706361894019,6.021073388772731,58,1866017634
lulc_00210,lulc,229,3,barren,quarry,0.7100151909722222,0.2899848090277778,0.0,0.0,0.7100151909722222,0.0,1.1815140090691119,1.345885764058649,2.2803045260452657,11.835070652074828,90,218656072
lulc_00211,lulc,212,1,vegetation,quarry,1.0,0.0,1.0,0.0,0.0,0.0,1.7538897546623722,1.2078103057414593,2.575825336436355,0.4482589133183823,48,203842692
lulc_00212,lulc,236,3,barren,quarry,0.7061089409722222,0.0,0.23470052083333334,0.05919053819444445,0.7061089409722222,0.0,0.6118807585299387,0.8672081738492563,1.146608104625601,7.71874628011952,64,2080838473
lulc_00213,lulc,226,1,vegetation,farmland,1.0,0.0,1.0,0.0,0.0,0.0,1.036018904244455,1.9757669480879714,0.39244945212956905,10.865001763048912,45,1037578239
lulc_00214,lulc,232,4,cropland,farmland,0.7172309027777778,0.04201931423611111,0.18489583333333334,0.055853949652777776,0.0,0.7172309027777778,2.0109495334830036,2.243090959460023,1.5826740006752655,10.192962409922714,51,756495472
lulc_00215,lulc,226,0,water,harbour,0.6918674045138888,0.6918674045138888,0.0,0.16267903645833334,0.1454535590277778,0.0,1.0129394714220714,1.8841444260092857,1.5433339862528956,6.200736155848093,76,397621861
lulc_00216,lulc,238,4,cropland,river_delta,0.7317979600694444,0.1758355034722222,0.0,0.0,0.09236653645833333,0.7317979600694444,1.3615861164853609,1.9937343651188835,0.8096615136324796,2.6584267901980962,78,278250851
lulc_00217,lulc,226,0,water,river_delta,0.8057996961805556,0.8057996961805556,0.0637478298611111,0.0,0.04177517361111111,0.08867730034722222,0.9693265731005785,0.810585588231673,2.2423226260488165,9.532738735435142,54,743548031
lulc_00218,lulc,216,4,cropland,farmland,0.7223849826388888,0.0,0.2776150173611111,0.0,0.0,0.7223849826388888,2.209898778169214,0.7450651489612264,1.370227180221332,2.5542768861979135,50,1967713932
lulc_00219,lulc,238,1,vegetation,farmland,0.8205295138888888,0.030381944444444444,0.8205295138888888,0.024441189236111112,0.0,0.12464735243055555,1.843852181455829,1.423314141053228,2.746483027010338,2.9181111646051914,84,1477307105
lulc_00220,lulc,227,2,built_up,urban_grid,0.7176649305555556,0.0,0.0,0.7176649305555556,0.2823350694444444,0.0,1.6277606657036787,0.9741365369058703,2.110390668661159,5.513262269384134,48,1073357549
lulc_00221,lulc,239,1,vegetation,river_delta,0.8124457465277778,0.024197048611111112,0.8124457465277778,0.0,0.012396918402777778,0.15096028645833334,0.6534365608108355,1.7390229897468754,1.6756654162608067,9.090462077126896,70,1303863630
lulc_00222,lulc,225,3,barren,urban_grid,0.8972710503472222,0.0,0.0,0.10272894965277778,0.8972710503472222,0.0,0.8646203170327413,2.0250374987855335,2.060246930836504,1.2506648344721212,81,317486853
lulc_00223,lulc,214,4,cropland,river_delta,0.8987901475694444,0.0,0.10120985243055555,0.0,0.0,0.8987901475694444,0.853328876640097,1.2610172457691973,1.3645233882197159,6.73477552024707,53,96501471
lulc_00224,lulc,217,4,cropland,farmland,0.8655056423611112,0.018093532986111112,0.04050021701388889,0.0759006076388889,0.0,0.8655056423611112,1.334925611831918,2.392173992201341,0.538079663907694,3.219054682357968,58,1041949464
lulc_00225,lulc,228,0,water,river_delta,0.7764485677083334,0.7764485677083334,0.0,0.0,0.0,0.22355143229166666,0.6148440938356243,1.962855766891709,2.3537527863525165,4.770492226815691,82,1067109495
lulc_00226,lulc,223,0,water,harbour,1.0,1.0,0.0,0.0,0.0,0.0,1.8568110526919082,1.000185074960582,1.2140093532064313,10.584796709494487,84,768269932
lulc_00227,lulc,225,1,vegetation,farmland,0.7767469618055556,0.15226236979166666,0.7767469618055556,0.003634982638888889,0.0,0.0673556857638889,1.7817848418715228,0.6474856514367473,0.1469046972592007,7.194639662571854,84,1480782816
lulc_00228,lulc,227,2,built_up,urban_grid,0.7242296006944444,0.0,0.2321506076388889,0.7242296006944444,0.043619791666666664,0.0,2.377682472960511,1.6804706588175962,2.3838476827260564,6.076752752259722,63,678124056
lulc_00229,lulc,225,2,built_up,harbour,0.7085774739583334,0.2914225260416667,0.0,0.7085774739583334,0.0,0.0,1.409583366911334,1.571723197110316,2.6813958914810714,5.905871456745306,54,1924833147
lulc_00230,lulc,210,2,built_up,quarry,0.8905164930555556,0.018907335069444444,0.018961588541666668,0.8905164930555556,0.07161458333333333,0.0,0.9001781483062439,1.7001952190998675,2.546953696644468,1.3295963671669737,70,1970418136
lulc_00231,lulc,213,3,barren,urban_grid,0.7696940104166666,0.0,0.07413736979166667,0.15616861979166666,0.7696940104166666,0.0,0.8191919207068207,2.0192463791586,2.0490317729555305,3.4857817885805247,59,2133357778
lulc_00232,lulc,210,1,vegetation,farmland,1.0,0.0,1.0,0.0,0.0,0.0,0.6959982778530925,1.8063061639599978,2.8144331204194715,3.994453234082847,53,421463913
lulc_00233,lulc,222,4,cropland,farmland,0.7228732638888888,0.05430772569444445,0.044921875,0.17789713541666666,0.0,0.7228732638888888,0.9700469941987506,0.7367812128015423,3.1126418570247036,10.101236665565233,95,219901942
lulc_00234,lulc,211,2,built_up,quarry,1.0,0.0,0.0,1.0,0.0,0.0,1.590914879612979,1.6640641470844786,1.7615863703263785,1.5989088786105992,79,1207220173
lulc_00235,lulc,230,1,vegetation,river_delta,0.6609700520833334,0.07476128472222222,0.6609700520833334,0.0,0.0,0.2642686631944444,1.9845546685830815,2.1847650203832645,0.09449298488223987,6.037837597527604,63,1570984844
lulc_00236,lulc,226,3,barren,quarry,0.9508192274305556,0.0,0.0,0.04918077256944445,0.9508192274305556,0.0,2.046600311593924,0.8731373095164279,1.8329157383019674,8.140382387003678,74,1429772580
lulc_00237,lulc,238,3,barren,quarry,0.6944173177083334,0.027967664930555556,0.265869140625,0.011745876736111112,0.6944173177083334,0.0,0.9150452453077187,1.1626644840266107,1.6200466490997383,0.5433952656059633,84,294507822
lulc_00238,lulc,218,1,vegetation,farmland,0.8533799913194444,0.068603515625,0.8533799913194444,0.0,0.0,0.07801649305555555,1.355942207271303,1.9674081407988067,1.6327561165946436,5.817253859780502,69,266066641
lulc_00239,lulc,216,0,water,quarry,0.7263454861111112,0.7263454861111112,0.0,0.2736545138888889,0.0,0.0,1.6529857166109987,1.3717884660455173,0.9382920843290562,8.47518282049587,71,14827202
lulc_00240,lulc,231,1,vegetation,farmland,1.0,0.0,1.0,0.0,0.0,0.0,2.340036785371437,1.115889405580103,1.0775978228675627,6.63671889895003,94,495297044
lulc_00241,lulc,216,3,barren,urban_grid,0.6222873263888888,0.0,0.3777126736111111,0.0,0.6222873263888888,0.0,0.9988685983105712,0.9161207805732849,2.2958780207837632,5.077408905729076,50,14204779
lulc_00242,lulc,233,1,vegetation,river_delta,0.8722601996527778,0.1277398003472222,0.8722601996527778,0.0,0.0,0.0,1.7660003896255505,0.651115014669116,0.511428269828803,2.212426848448342,89,738484645
lulc_00243,lulc,220,3,barren,quarry,0.89404296875,0.03268771701388889,0.0732693142361111,0.0,0.89404296875,0.0,1.0285588434542314,0.7955013328330277,2.1204244930703315,2.3760435152650947,49,1551872539
lulc_00244,lulc,231,1,vegetation,farmland,1.0,0.0,1.0,0.0,0.0,0.0,1.4620869497638032,2.3944569992988702,2.1422674929505074,11.790002104986378,71,1701545036
lulc_00245,lulc,210,0,water,harbour,0.696044921875,0.696044921875,0.0,0.303955078125,0.0,0.0,1.4177648809678787,1.5054814506375918,2.497079065632914,3.094324148772364,57,136556395
lulc_00246,lulc,216,3,barren,river_delta,0.9125434027777778,0.0,0.0,0.0,0.9125434027777778,0.08745659722222222,2.177273553610081,2.023959308243393,0.3986561936547702,10.89355795507986,69,1622048085
lulc_00247,lulc,236,3,barren,quarry,0.8630099826388888,0.07161458333333333,0.06537543402777778,0.0,0.8630099826388888,0.0,0.78243247691585,2.3972417912604924,2.0930053849503656,7.933726742227708,86,525003264
lulc_00248,lulc,213,1,vegetation,river_delta,0.8066677517361112,0.056722005208333336,0.8066677517361112,0.0,0.033935546875,0.10267469618055555,1.5772915354787407,1.847872741146165,2.096767585903177,9.428070178389227,49,1376727971
lulc_00249,lulc,223,2,built_up,urban_grid,0.9418674045138888,0.0,0.0,0.9418674045138888,0.05813259548611111,0.0,2.1393085782539942,0.9412084620461092,1.556763910580963,1.6197845336214582,89,832256297
lulc_00250,lulc,222,0,water,river_delta,1.0,1.0,0.0,0.0,0.0,0.0,1.8910691173410528,2.09532691562533,1.2989054043035753,0.7766294546235026,94,1468790905
lulc_00251,lulc,214,2,built_up,harbour,0.8776041666666666,0.0,0.0,0.8776041666666666,0.12239583333333333,0.0,1.2909333063970747,1.83516192225487,2.5222309786430768,9.936800310791163,66,1865821971
lulc_00252,lulc,211,4,cropland,farmland,0.7513563368055556,0.24864366319444445,0.0,0.0,0.0,0.7513563368055556,1.794565079984296,1.8539009244913993,0.3804505273634274,8.197619880285302,45,219313769
lulc_00253,lulc,219,2,built_up,urban_grid,0.8722601996527778,0.0,0.1277398003472222,0.8722601996527778,0.0,0.0,2.1739411377645776,2.3267877280741525,1.0569970784824354,3.928385632413473,52,1718380804
lulc_00254,lulc,213,3,barren,quarry,0.6964246961805556,0.2648383246527778,0.0,0.038736979166666664,0.6964246961805556,0.0,0.6006346549221246,0.6706271191913634,0.3897039832446611,0.8228589270285234,75,1837418346
lulc_00255,lulc,215,0,water,quarry,0.8291829427083334,0.8291829427083334,0.0,0.0,0.17081705729166666,0.0,1.602998973372722,1.4353287609252245,2.972865627017787,2.7072995738243555,69,1465126776
lulc_00256,lulc,223,2,built_up,harbour,0.7839898003472222,0.1633843315972222,0.0,0.7839898003472222,0.05262586805555555,0.0,2.1823122785473137,1.5745936133852583,2.5254274197404047,6.5676006465788515,67,1125168040
lulc_00257,lulc,236,1,vegetation,river_delta,1.0,0.0,1.0,0.0,0.0,0.0,2.144762628792566,1.7002991756752173,2.165924132051654,8.981873554678469,57,901264728
lulc_00258,lulc,232,1,vegetation,river_delta,0.8756510416666666,0.0,0.8756510416666666,0.0,0.0,0.12434895833333333,2.385422022347317,0.8408238311758914,3.112956876957776,8.705967010397499,49,1873387812
lulc_00259,lulc,229,2,built_up,harbour,0.834716796875,0.0,0.0,0.834716796875,0.165283203125,0.0,2.3840699939636654,1.0086633917462122,1.4016900000379433,0.0922304342227731,80,1010408620
lulc_00260,lulc,238,0,water,harbour,0.8204210069444444,0.8204210069444444,0.0,0.0,0.17957899305555555,0.0,1.827481012387611,1.6277757825265216,0.11450384773921483,0.653604825368566,66,746331553
lulc_00261,lulc,218,2,built_up,urban_grid,0.9273003472222222,0.0,0.0,0.9273003472222222,0.07269965277777778,0.0,1.6171828478813426,2.344758705610227,0.8700445707333093,8.410977051808741,82,1931285175
lulc_00262,lulc,232,0,water,harbour,1.0,1.0,0.0,0.0,0.0,0.0,1.3469825148787191,0.9675631511536198,2.023892389330039,11.903897123010317,88,1973290817
lulc_00263,lulc,227,0,water,river_delta,0.961181640625,0.961181640625,0.038818359375,0.0,0.0,0.0,1.9792664675667004,1.7996441758224404,1.714271124574706,6.498512171696767,77,823285562
lulc_00264,lulc,222,2,built_up,urban_grid,0.9307454427083334,0.0,0.04416232638888889,0.9307454427083334,0.025092230902777776,0.0,2.0524085711991567,1.589031690400932,0.15637788745390385,3.6605933274934306,52,727666706
lulc_00265,lulc,217,1,vegetation,urban_grid,0.7422960069444444,0.0,0.7422960069444444,0.04722764756944445,0.2104763454861111,0.0,1.4873612413167185,2.2167304034965616,0.4104205168767243,5.148485533696965,67,909468501
lulc_00266,lulc,216,1,vegetation,river_delta,1.0,0.0,1.0,0.0,0.0,0.0,1.6686697999442663,0.7935415089827055,0.989855061440675,1.554749933476511,72,379590215
lulc_00267,lulc,239,2,built_up,urban_grid,1.0,0.0,0.0,1.0,0.0,0.0,1.2256432446587593,1.2710476022432544,0.37244484471935274,1.0999072375260566,59,735843597
lulc_00268,lulc,222,4,cropland,farmland,0.85302734375,0.0302734375,0.033148871527777776,0.08355034722222222,0.0,0.85302734375,2.1748136097791892,1.0848698774970833,2.4681813265727452,11.300316771047283,65,274001178
lulc_00269,lulc,225,2,built_up,urban_grid,1.0,0.0,0.0,1.0,0.0,0.0,1.058900947966254,2.086396239285583,0.5662452599231458,8.714871828960737,87,1602911991
lulc_00270,lulc,213,0,water,river_delta,0.9478624131944444,0.9478624131944444,0.0,0.0,0.05213758680555555,0.0,1.9146152326444548,0.7546592304118493,0.6516119637250586,5.488553666149158,47,2037123972
lulc_00271,lulc,232,3,barren,river_delta,1.0,0.0,0.0,0.0,1.0,0.0,1.9034100504780787,2.361303523383752,1.9266716568087983,9.291846792177166,85,1180078533
lulc_00272,lulc,213,3,barren,urban_grid,1.0,0.0,0.0,0.0,1.0,0.0,1.4498532396825081,1.0832726113430102,2.156171868231822,3.0497324135373054,54,1805669093
lulc_00273,lulc,229,1,vegetation,farmland,0.7935655381944444,0.03257921006944445,0.7935655381944444,0.0,0.0,0.1738552517361111,0.870913982500963,1.6941530950301376,2.010912986079906,3.1044818564776193,87,1488916925
lulc_00274,lulc,213,3,barren,urban_grid,1.0,0.0,0.0,0.0,1.0,0.0,2.0199115737286997,2.1930050712321796,1.3284095338722983,6.08813422427064,85,1774983436
lulc_00275,lulc,220,3,barren,quarry,0.8686252170138888,0.07972547743055555,0.03146701388888889,0.020182291666666668,0.8686252170138888,0.0,1.5207505959459744,2.0862702868111835,2.1918976283269753,2.2441010602771914,66,150623841
lulc_00276,lulc,223,4,cropland,farmland,1.0,0.0,0.0,0.0,0.0,1.0,1.2954296707881992,1.0704199134858823,0.4235600302377489,8.784620638024215,49,807646118
lulc_00277,lulc,213,3,barren,quarry,0.88525390625,0.11474609375,0.0,0.0,0.88525390625,0.0,0.6831888041109774,1.9855472432625692,1.8021762562623411,0.5919165389509629,82,1836879551
lulc_00278,lulc,229,3,barren,river_delta,0.7762858072916666,0.058349609375,0.16536458333333334,0.0,0.7762858072916666,0.0,1.6302053825632394,1.9840907365905132,1.8427484993089451,3.584751788430651,86,360792546
lulc_00279,lulc,239,3,barren,quarry,0.6780870225694444,0.0,0.3219129774305556,0.0,0.6780870225694444,0.0,1.464519924874304,2.0967372903444335,2.429536580675931,1.0623612413603412,94,1528159955
lulc_00280,lulc,218,0,water,harbour,0.6961263020833334,0.6961263020833334,0.0,0.05520290798611111,0.24867078993055555,0.0,0.8026761753355577,2.1403422664606824,3.0748944784903096,2.3930885213845,90,2050583425
lulc_00281,lulc,210,4,cropland,farmland,0.9055447048611112,0.0,0.0944552951388889,0.0,0.0,0.9055447048611112,2.0589434805683196,1.8039077038540423,0.3289651035644213,4.16298721941517,63,23140516
lulc_00282,lulc,228,3,barren,quarry,0.8604329427083334,0.0678982204861111,0.03968641493055555,0.031982421875,0.8604329427083334,0.0,2.380304947100316,2.2132513982927766,0.7698331317425211,6.063655337207269,80,1031065638
lulc_00283,lulc,222,1,vegetation,river_delta,0.6775987413194444,0.0,0.6775987413194444,0.0,0.0,0.3224012586805556,1.1693766575778328,0.6714508317495577,0.8297319028277641,3.6016474093234874,46,1228593494
lulc_00284,lulc,224,3,barren,urban_grid,0.8898654513888888,0.0,0.03293185763888889,0.07720269097222222,0.8898654513888888,0.0,1.0543552690606255,1.7036202140983372,0.0669093508884498,8.240164440208485,69,799513572
lulc_00285,lulc,222,3,barren,quarry,0.7637532552083334,0.140380859375,0.08460828993055555,0.011257595486111112,0.7637532552083334,0.0,1.4549881566122886,1.483424495987483,2.8393801913843193,5.97826658311628,70,514455028
lulc_00286,lulc,213,0,water,river_delta,0.6962890625,0.6962890625,0.039008246527777776,0.0,0.2241753472222222,0.04052734375,0.9217692721141648,0.9613522090548221,0.9134496392642342,7.879761305721297,47,1875508354
lulc_00287,lulc,220,3,barren,quarry,0.7963324652777778,0.0,0.2036675347222222,0.0,0.7963324652777778,0.0,2.16089946143362,1.5666080349832823,0.5192613471004753,7.088246477164422,88,2070911940
lulc_00288,lulc,217,4,cropland,farmland,1.0,0.0,0.0,0.0,0.0,1.0,2.298455999743415,1.5649361248103282,2.496473879918362,6.8819713267545515,60,703205109
lulc_00289,lulc,219,1,vegetation,river_delta,0.6037326388888888,0.0786404079861111,0.6037326388888888,0.0,0.046820746527777776,0.2708062065972222,1.3833362561811713,1.2645326368438417,0.9468079331394065,2.1603614654962606,74,318846006
lulc_00290,lulc,233,3,barren,quarry,1.0,0.0,0.0,0.0,1.0,0.0,2.2637829972429815,1.0135485398970738,1.080061352125485,5.104110881507776,89,235060503
lulc_00291,lulc,230,0,water,river_delta,0.8210177951388888,0.8210177951388888,0.0,0.0,0.1789822048611111,0.0,1.3212316752080047,1.89903423714388,1.9519283818831115,10.847384985995838,56,1921860733
lulc_00292,lulc,220,0,water,river_delta,1.0,1.0,0.0,0.0,0.0,0.0,1.0478091302520267,1.3371835249485151,0.3255313213578412,7.383612751745469,57,1412516273
lulc_00293,lulc,223,3,barren,quarry,0.7273491753472222,0.03578016493055555,0.14705403645833334,0.0898166232638889,0.7273491753472222,0.0,1.3964239900744753,2.0823300865515937,0.4173819137853461,5.5312460883180865,82,887233264
lulc_00294,lulc,239,0,water,harbour,0.6155870225694444,0.6155870225694444,0.0,0.11409505208333333,0.2703179253472222,0.0,1.7295245301431974,1.7457967642892847,1.9661933688253035,5.643377561730353,83,538871224
lulc_00295,lulc,229,3,barren,river_delta,1.0,0.0,0.0,0.0,1.0,0.0,2.1043525762961686,1.9171466589303412,0.9409462014005198,4.3051321463551435,74,591126580
lulc_00296,lulc,224,4,cropland,farmland,1.0,0.0,0.0,0.0,0.0,1.0,1.929200637934017,1.710242234952816,3.1351334188252196,8.255596296681775,79,1770898552
lulc_00297,lulc,231,2,built_up,harbour,1.0,0.0,0.0,1.0,0.0,0.0,1.7724075592368647,0.9774436190734914,2.813470408662925,1.34925396128215,53,1546977442
lulc_00298,lulc,236,2,built_up,harbour,0.7119140625,0.0,0.0,0.7119140625,0.2880859375,0.0,1.5579101038788208,2.2644969864588513,1.6219326401243375,6.785758896917617,87,570957393
lulc_00299,lulc,238,3,barren,urban_grid,1.0,0.0,0.0,0.0,1.0,0.0,1.0597641523583237,1.5953078598125225,2.5484939380753464,0.9961082859844148,45,1429271746
lulc_00300,lulc,213,2,built_up,harbour,0.9020182291666666,0.0693359375,0.0,0.9020182291666666,0.028645833333333332,0.0,1.0077395758871477,0.8650886903591903,0.9997207913990582,6.31716051500606,57,2032163113
lulc_00301,lulc,217,2,built_up,urban_grid,1.0,0.0,0.0,1.0,0.0,0.0,1.350756883274545,0.6951076714403023,2.964773471870457,10.578001177235745,82,1593120099
lulc_00302,lulc,214,2,built_up,urban_grid,0.78759765625,0.0,0.21240234375,0.78759765625,0.0,0.0,1.2940169633647918,0.801883138970054,3.0894006366282323,7.801634502930648,69,518185585
lulc_00303,lulc,233,1,vegetation,farmland,0.7443033854166666,0.0,0.7443033854166666,0.2556966145833333,0.0,0.0,1.5447356052176997,1.1901179081541855,2.858728050090059,0.09493610920768747,87,965967391
lulc_00304,lulc,228,3,barren,river_delta,0.7645670572916666,0.0,0.041097005208333336,0.0,0.7645670572916666,0.1943359375,1.2370510540224857,1.069549367743923,2.0208946463841433,6.842384179970374,81,1004939668
lulc_00305,lulc,236,3,barren,quarry,1.0,0.0,0.0,0.0,1.0,0.0,2.3087417990148733,2.044172744839466,2.8857955961736277,0.49269406034465213,49,1763221413
lulc_00306,lulc,236,4,cropland,farmland,0.7264268663194444,0.08794487847222222,0.09849717881944445,0.0871310763888889,0.0,0.7264268663194444,0.9400928412853242,1.283668802062324,0.6250845951768069,8.419648336617094,93,2055942809
lulc_00307,lulc,239,0,water,river_delta,0.886474609375,0.886474609375,0.113525390625,0.0,0.0,0.0,0.6671768205044354,0.6728938742289403,2.5738716013195297,9.919818938716148,60,2134003769
lulc_00308,lulc,214,1,vegetation,river_delta,1.0,0.0,1.0,0.0,0.0,0.0,1.8314682680007435,2.289208559522859,3.1050853966164014,4.056843171887959,47,1564404431
lulc_00309,lulc,227,1,vegetation,river_delta,0.6133626302083334,0.0,0.6133626302083334,0.0,0.0,0.3866373697916667,1.925909266445704,2.3895940814323855,2.196816356728581,6.657079670359449,47,2059466030
lulc_00310,lulc,229,1,vegetation,farmland,1.0,0.0,1.0,0.0,0.0,0.0,1.3907678232071956,1.676821293308279,1.3813045233485481,9.095438517199087,75,402361850
lulc_00311,lulc,233,3,barren,quarry,0.7022840711805556,0.10831705729166667,0.0,0.1893988715277778,0.7022840711805556,0.0,2.026700545712625,1.9627483743111234,1.1623992919513708,11.64603921378615,65,1931832371
lulc_00312,lulc,218,2,built_up,urban_grid,0.9380967881944444,0.0,0.06190321180555555,0.9380967881944444,0.0,0.0,2.179899190707571,1.3788056788187184,1.0911135057257288,3.680104023817582,93,1035715982
lulc_00313,lulc,211,3,barren,quarry,0.911376953125,0.0,0.0,0.088623046875,0.911376953125,0.0,1.4379263926176171,2.337816213991095,1.9142540492332771,5.43698041190744,53,1346468301
lulc_00314,lulc,226,0,water,river_delta,1.0,1.0,0.0,0.0,0.0,0.0,1.6926945413152361,0.7806072072550221,0.9756598082408675,1.7022152438987384,71,598601613
lulc_00315,lulc,226,4,cropland,farmland,0.8005913628472222,0.0,0.1994086371527778,0.0,0.0,0.8005913628472222,1.4058199112767842,0.854558393547626,2.4277674059034893,1.5816969975335335,94,2066463431
lulc_00316,lulc,229,3,barren,quarry,0.924560546875,0.04465060763888889,0.029622395833333332,0.0011664496527777778,0.924560546875,0.0,2.17236726192262,1.160517576599709,1.9266490979180626,1.306648858616474,51,68058205
lulc_00317,lulc,212,2,built_up,urban_grid,0.8047417534722222,0.0,0.05091688368055555,0.8047417534722222,0.1443413628472222,0.0,1.859531859491256,1.7239950376584345,2.649853972319177,4.509703173649843,83,1322515299
lulc_00318,lulc,215,1,vegetation,farmland,0.9316134982638888,0.04359266493055555,0.9316134982638888,0.024793836805555556,0.0,0.0,1.7917433682392745,0.9762308714882313,1.4012221706773995,6.785538419204903,61,1024596287
lulc_00319,lulc,237,0,water,river_delta,0.7740885416666666,0.7740885416666666,0.03781467013888889,0.0,0.18809678819444445,0.0,2.06389573626831,1.1516789824964917,1.366029092234595,3.189968668174674,66,1515738481
lulc_00320,lulc,213,1,vegetation,river_delta,0.6182454427083334,0.22941080729166666,0.6182454427083334,0.0,0.0,0.15234375,0.6195748680220083,0.6402783957356739,0.27314267082944743,8.37580487347714,73,972733171
lulc_00321,lulc,233,2,built_up,urban_grid,0.7385796440972222,0.0,0.18888346354166666,0.7385796440972222,0.0725368923611111,0.0,2.0286332231498783,1.8039900788901222,1.365097917322969,10.83656974433422,51,1322896361
lulc_00322,lulc,221,4,cropland,farmland,0.6988932291666666,0.026638454861111112,0.11439344618055555,0.16007486979166666,0.0,0.6988932291666666,2.0972125527841876,1.570677438433607,2.2053614332875657,0.4398969620529649,88,1358941892
lulc_00323,lulc,212,1,vegetation,farmland,0.7600640190972222,0.0,0.7600640190972222,0.2399359809027778,0.0,0.0,1.393429404887684,1.8773932447736974,1.5292238974365961,7.794022807304578,95,1006847398
lulc_00324,lulc,233,4,cropland,farmland,0.7950575086805556,0.09217664930555555,0.0030110677083333335,0.10975477430555555,0.0,0.7950575086805556,0.6684925155916033,1.6790047489920896,1.3767463024153048,11.278757939567942,69,1035191337
lulc_00325,lulc,224,4,cropland,farmland,0.7090657552083334,0.0,0.2909342447916667,0.0,0.0,0.7090657552083334,1.6291180271508168,1.5226108173852624,0.9821473790151428,11.842398112390507,59,1923737337
lulc_00326,lulc,235,2,built_up,urban_grid,0.7681206597222222,0.0,0.022515190972222224,0.7681206597222222,0.20936414930555555,0.0,1.9107468428841456,0.7215402446273548,1.6418198070508538,4.466422766839423,88,859675314
lulc_00327,lulc,217,0,water,harbour,0.8999565972222222,0.8999565972222222,0.0,0.06700303819444445,0.033040364583333336,0.0,1.0290860508459998,1.1440744744904183,2.9543228674524222,8.347197082352354,67,337247551
lulc_00328,lulc,233,0,water,river_delta,0.7039116753472222,0.7039116753472222,0.14759657118055555,0.0,0.06464301215277778,0.08384874131944445,1.596674297860898,2.17632540321229,0.5071779924093596,6.309024467181483,78,1659623519
lulc_00329,lulc,233,2,built_up,urban_grid,0.8287217881944444,0.0,0.17127821180555555,0.8287217881944444,0.0,0.0,0.7260483368200487,0.8025183110287555,1.237565784350017,2.7868229209855384,80,709875449
lulc_00330,lulc,221,4,cropland,farmland,0.8418782552083334,0.0,0.15812174479166666,0.0,0.0,0.8418782552083334,1.6867282238318482,1.3038379443062484,1.0803126508628984,0.8438920128939964,55,1020781253
lulc_00331,lulc,236,4,cropland,river_delta,0.714111328125,0.035807291666666664,0.2287055121527778,0.0,0.021375868055555556,0.714111328125,1.397992999036036,0.7735808136416296,1.9813503607181244,5.176594354714872,61,1182899139
lulc_00332,lulc,234,3,barren,quarry,0.7999945746527778,0.0,0.2000054253472222,0.0,0.7999945746527778,0.0,1.7004572940350613,1.1544307447644941,0.06926649311453527,8.617512939965323,47,814867894
lulc_00333,lulc,228,2,built_up,harbour,1.0,0.0,0.0,1.0,0.0,0.0,2.083119077523525,2.362243932116317,1.4838041583056532,3.056176987995581,83,411296223
lulc_00334,lulc,222,1,vegetation,farmland,0.7146267361111112,0.1586642795138889,0.7146267361111112,0.0,0.0,0.126708984375,0.6247700543283684,2.089713612000703,1.6927145336522469,9.211805037952152,60,836955659
lulc_00335,lulc,225,3,barren,river_delta,0.6563585069444444,0.013509114583333334,0.2045355902777778,0.0,0.6563585069444444,0.12559678819444445,1.0626322419815981,2.051998273044389,0.020167887316247853,5.22830777223506,59,247060387
lulc_00336,lulc,237,0,water,river_delta,0.85009765625,0.85009765625,0.0,0.0,0.14990234375,0.0,1.978923593465105,1.7169898779588997,1.8302852895672022,7.2176232488964205,67,1027910486
lulc_00337,lulc,224,0,water,harbour,0.9163682725694444,0.9163682725694444,0.0,0.08235677083333333,0.0012749565972222222,0.0,1.0035429818215844,2.345797442468016,0.9150793472361876,5.690029767469852,52,1050939198
lulc_00338,lulc,231,3,barren,quarry,0.8110894097222222,0.06675889756944445,0.0,0.12215169270833333,0.8110894097222222,0.0,1.8290580402048886,1.1422687279170143,1.7281217011181775,5.041268673261779,94,1471666933
lulc_00339,lulc,237,0,water,harbour,1.0,1.0,0.0,0.0,0.0,0.0,1.798911818920788,2.2352542580351,0.9326113803931707,2.683532887322084,75,343846700
lulc_00340,lulc,211,0,water,harbour,1.0,1.0,0.0,0.0,0.0,0.0,2.3848430437387766,1.7064269492821662,0.3617380497436045,8.67412168346197,48,664798466
lulc_00341,lulc,221,4,cropland,farmland,0.6910536024305556,0.0,0.3089463975694444,0.0,0.0,0.6910536024305556,1.6051141569357856,1.3800001149172627,1.8851105748122328,4.754550229640676,82,645223934
lulc_00342,lulc,221,2,built_up,urban_grid,1.0,0.0,0.0,1.0,0.0,0.0,0.8990130228400005,0.9152631152251449,2.9161382603426773,0.37772722133929104,92,1366577573
lulc_00343,lulc,225,0,water,harbour,0.6166449652777778,0.6166449652777778,0.0,0.3833550347222222,0.0,0.0,0.9045183547412945,0.6711869525025423,1.826874694722824,0.6841124485256502,86,1511471592
lulc_00344,lulc,219,3,barren,river_delta,0.8649088541666666,0.040473090277777776,0.0012749565972222222,0.0,0.8649088541666666,0.09334309895833333,2.2463653289904797,1.7840447772192305,1.7309649640699096,0.4218920998490434,75,854704684
lulc_00345,lulc,236,2,built_up,urban_grid,0.8369140625,0.0,0.0,0.8369140625,0.1630859375,0.0,0.710075312018122,1.0326412095039652,2.224661997331449,11.434457521395883,54,2107104790
lulc_00346,lulc,233,0,water,harbour,0.5801866319444444,0.5801866319444444,0.0,0.4198133680555556,0.0,0.0,1.8361206940407633,0.8152678295392097,1.2899152119039456,7.662897416700909,47,1320837809
lulc_00347,lulc,212,1,vegetation,river_delta,1.0,0.0,1.0,0.0,0.0,0.0,0.8666396987024718,0.6273544163471657,2.130751870155697,3.264704404015501,62,2112428300
lulc_00348,lulc,226,0,water,river_delta,1.0,1.0,0.0,0.0,0.0,0.0,1.2371798009716024,1.5125007109383435,2.5961749244772747,0.48236800450930595,91,2074946265
lulc_00349,lulc,224,1,vegetation,farmland,0.6825086805555556,0.2102593315972222,0.6825086805555556,0.0,0.0,0.10723198784722222,2.349574405867626,1.2765822202201544,0.8337836732673314,0.8277819714975192,70,1439586504
lulc_00350,lulc,235,3,barren,quarry,1.0,0.0,0.0,0.0,1.0,0.0,1.426842765006302,1.0782976366473438,1.2774467514947154,6.382955929148335,47,28794608
lulc_00351,lulc,235,0,water,harbour,0.8686252170138888,0.8686252170138888,0.0,0.05601671006944445,0.07535807291666667,0.0,2.2985866442804865,0.7254616245408047,0.20804322470489495,0.8932371152369587,45,734228857
lulc_00352,lulc,236,3,barren,river_delta,0.6225043402777778,0.0,0.3774956597222222,0.0,0.6225043402777778,0.0,1.8565355705267748,1.9445187394013663,0.33909334993648804,5.878849560540514,77,164372069
lulc_00353,lulc,221,3,barren,quarry,0.8673502604166666,0.08436414930555555,0.020263671875,0.028021918402777776,0.8673502604166666,0.0,1.8241843007464862,0.7885605796667052,0.1704812499340711,11.848859280353814,46,509475344
lulc_00354,lulc,218,2,built_up,harbour,0.8968912760416666,0.0,0.0,0.8968912760416666,0.10310872395833333,0.0,0.9647844600695714,1.3415654749018557,0.5874038146288862,1.0488755547294466,88,702314376
lulc_00355,lulc,232,0,water,harbour,0.6902398003472222,0.6902398003472222,0.0,0.0,0.3097601996527778,0.0,0.9789126725659583,1.1465378878527455,0.46202996204025737,10.543569601768873,61,893279223
lulc_00356,lulc,225,1,vegetation,farmland,0.6010199652777778,0.239990234375,0.6010199652777778,0.0,0.0,0.1589898003472222,1.917086260567162,1.3066478415321257,3.013441517365281,11.85195666600527,58,1174990894
lulc_00357,lulc,217,0,water,harbour,0.6285536024305556,0.6285536024305556,0.0,0.0,0.3714463975694444,0.0,1.1469228096606765,1.8197918040272207,0.8980992526312683,3.1590970631795483,80,2060092511
lulc_00358,lulc,225,4,cropland,river_delta,0.8840060763888888,0.0866427951388889,0.004258897569444444,0.0,0.025092230902777776,0.8840060763888888,0.7824689872145572,2.273097480064625,1.5463693539676435,7.403721438776479,51,1280342912
lulc_00359,lulc,217,2,built_up,urban_grid,1.0,0.0,0.0,1.0,0.0,0.0,0.8214155105140231,0.7878716695258421,1.394654826384566,9.973741785378007,83,589957247
lulc_00360,lulc,227,3,barren,quarry,0.7581922743055556,0.24180772569444445,0.0,0.0,0.7581922743055556,0.0,2.1220979601160908,1.328094439953348,0.3318987225642606,1.8124940331193433,56,1739288617
lulc_00361,lulc,219,1,vegetation,river_delta,0.8214246961805556,0.0,0.8214246961805556,0.0,0.009494357638888888,0.16908094618055555,2.0927206118028647,1.6839880605534554,0.8988812413957944,6.362388564592249,58,80002059
lulc_00362,lulc,211,2,built_up,harbour,0.8997938368055556,0.10020616319444445,0.0,0.8997938368055556,0.0,0.0,1.537785766961568,0.6059228972454631,1.2377632233949087,6.109676437476773,65,491539870
lulc_00363,lulc,238,4,cropland,farmland,1.0,0.0,0.0,0.0,0.0,1.0,1.2189599596019578,2.0571364870415305,0.9563418474464894,8.644533813456887,87,1845708076
lulc_00364,lulc,223,2,built_up,quarry,0.7381998697916666,0.0,0.0,0.7381998697916666,0.2618001302083333,0.0,1.8399526727452846,1.3319226808234577,1.8623321060438294,4.702298106373868,69,2017892649
lulc_00365,lulc,225,0,water,river_delta,0.9011773003472222,0.9011773003472222,0.04283311631944445,0.0,0.0,0.055989583333333336,0.6523214748703049,0.9657447071004411,1.7608136969538897,9.828468893209772,48,1281422817
lulc_00366,lulc,215,3,barren,river_delta,1.0,0.0,0.0,0.0,1.0,0.0,2.068347603298174,1.906079612973493,1.9496881605780856,0.3884388575914324,75,1903768277
lulc_00367,lulc,218,1,vegetation,river_delta,0.6862250434027778,0.0,0.6862250434027778,0.0,0.3137749565972222,0.0,2.2319080992054543,2.3895344374132765,0.44403102915426224,4.496519163558956,77,1219213795
lulc_00368,lulc,216,0,water,river_delta,0.6465386284722222,0.6465386284722222,0.0,0.0,0.3534613715277778,0.0,1.0682264661243637,0.7186750018427208,2.7473398130154187,8.710276275683347,80,741772281
lulc_00369,lulc,225,0,water,harbour,0.8435329861111112,0.8435329861111112,0.0,0.1564670138888889,0.0,0.0,1.5853604684130502,2.3833803621536975,1.6934875331209585,10.188480163641346,88,84448145
lulc_00370,lulc,229,2,built_up,urban_grid,0.8009440104166666,0.0,0.0,0.8009440104166666,0.19905598958333334,0.0,0.9889324979916125,2.2392828275511234,0.2644157938735449,10.96123630338435,55,1960494754
lulc_00371,lulc,239,2,built_up,urban_grid,0.8780110677083334,0.0,0.12198893229166667,0.8780110677083334,0.0,0.0,1.4099712258588997,1.0876570531769578,2.4447273415999105,5.333570740362686,69,1663310227
lulc_00372,lulc,220,2,built_up,urban_grid,0.9475911458333334,0.0,0.004828559027777778,0.9475911458333334,0.04758029513888889,0.0,2.07569353860447,0.8922660845826083,0.5915392230757962,6.093891529946907,50,1929432137
lulc_00373,lulc,222,2,built_up,urban_grid,1.0,0.0,0.0,1.0,0.0,0.0,1.4809230722144218,1.723776430339922,1.46353637276488,1.756795904657709,47,345078385
lulc_00374,lulc,227,3,barren,urban_grid,1.0,0.0,0.0,0.0,1.0,0.0,1.817821366210882,1.7315011316917897,1.3418365326309492,1.1321175915762463,50,1575170542
lulc_00375,lulc,236,3,barren,river_delta,1.0,0.0,0.0,0.0,1.0,0.0,1.761407208483345,1.1082387798185818,0.09364046087664334,9.811041886909779,74,364948443
lulc_00376,lulc,217,2,built_up,urban_grid,0.7792154947916666,0.0,0.22078450520833334,0.7792154947916666,0.0,0.0,1.6132939315748098,0.8437587759198022,2.632359280314785,3.5460280144031358,87,1327484931
lulc_00377,lulc,223,4,cropland,river_delta,0.9235568576388888,0.026502821180555556,0.009521484375,0.0,0.04041883680555555,0.9235568576388888,2.1928413694968025,1.519650552738712,2.153029224889152,3.472704524099637,92,1510415139
lulc_00378,lulc,214,0,water,river_delta,0.6773003472222222,0.6773003472222222,0.0,0.0,0.0,0.3226996527777778,1.9194185612539876,1.3555729209873708,2.6582324518255325,7.417417713514796,91,755149138
lulc_00379,lulc,224,2,built_up,urban_grid,0.8850640190972222,0.0,0.0886501736111111,0.8850640190972222,0.026285807291666668,0.0,1.0312263370207346,1.0130977335655103,2.095776504191553,2.2642152454752846,45,2080195507
lulc_00380,lulc,230,0,water,river_delta,0.8136664496527778,0.8136664496527778,0.0,0.0,0.026584201388888888,0.15974934895833334,1.3970119587809084,1.1322231051076028,1.9678714352501407,6.293311285102108,80,1626084757
lulc_00381,lulc,217,3,barren,quarry,0.7792154947916666,0.0,0.0,0.22078450520833334,0.7792154947916666,0.0,1.8929914764848714,2.2282867521486374,1.3632056109073307,7.128079811693281,92,1521215141
lulc_00382,lulc,224,4,cropland,farmland,0.6249457465277778,0.3315700954861111,0.04348415798611111,0.0,0.0,0.6249457465277778,1.3557394889431928,1.1334985871929386,1.7383518958443862,11.44920219608697,88,980252597
lulc_00383,lulc,220,3,barren,urban_grid,0.9576551649305556,0.0,0.04234483506944445,0.0,0.9576551649305556,0.0,2.161903160700179,0.7204340794203169,1.1565136955139868,1.1943473856546705,45,90125991
lulc_00384,lulc,227,4,cropland,river_delta,1.0,0.0,0.0,0.0,0.0,1.0,1.3183726704809193,2.0956299066052795,0.5061385660721429,5.64121988472181,52,1433527740
lulc_00385,lulc,231,2,built_up,urban_grid,0.726806640625,0.0,0.273193359375,0.726806640625,0.0,0.0,1.012839252007249,2.189027031077039,2.2948885190977655,7.3141096774816505,52,146809987
lulc_00386,lulc,233,4,cropland,farmland,1.0,0.0,0.0,0.0,0.0,1.0,0.6500166754957962,2.098472969945631,0.6722203629532055,6.234011464105082,92,1410411837
lulc_00387,lulc,212,1,vegetation,quarry,1.0,0.0,1.0,0.0,0.0,0.0,1.014869656878542,0.8591042566318156,0.8259848213858252,3.0701319326034557,84,188101531
lulc_00388,lulc,229,3,barren,urban_grid,0.6121148003472222,0.0,0.17342122395833334,0.21446397569444445,0.6121148003472222,0.0,1.7097993453258309,2.1938039667556812,2.8007510864940124,9.258988596523979,69,1923452643
lulc_00389,lulc,211,1,vegetation,urban_grid,1.0,0.0,1.0,0.0,0.0,0.0,0.8214696610927319,1.2485302679661838,1.7030178862612622,2.6628426807678345,59,2079341170
lulc_00390,lulc,210,4,cropland,farmland,0.9227430555555556,0.04918077256944445,0.028076171875,0.0,0.0,0.9227430555555556,0.8173080273940647,1.8014198749175292,2.8845068631697814,11.189228754269552,55,677780492
lulc_00391,lulc,210,1,vegetation,urban_grid,1.0,0.0,1.0,0.0,0.0,0.0,1.7993343997096192,1.0609401041063882,1.6701560624332346,9.877230282972508,63,545034508
lulc_00392,lulc,210,1,vegetation,farmland,1.0,0.0,1.0,0.0,0.0,0.0,1.532225333917948,0.7993716645126432,0.4182542944483922,1.7650940802476645,56,1371328888
lulc_00393,lulc,231,4,cropland,farmland,0.7938639322916666,0.016140407986111112,0.0,0.1899956597222222,0.0,0.7938639322916666,2.1138563807184485,1.055062207918633,0.2861625789243052,3.2155124890902416,50,1721280607
lulc_00394,lulc,236,4,cropland,farmland,0.7190212673611112,0.051595052083333336,0.22938368055555555,0.0,0.0,0.7190212673611112,1.9654850723317998,0.7115056147440603,1.297062623488428,9.087337501711092,47,338568110
lulc_00395,lulc,226,4,cropland,farmland,1.0,0.0,0.0,0.0,0.0,1.0,1.4593609804910468,1.0737145278901568,1.2807792278668046,1.2295503186651544,45,1166698144
lulc_00396,lulc,215,1,vegetation,farmland,0.7722981770833334,0.22770182291666666,0.7722981770833334,0.0,0.0,0.0,0.763971756251783,1.2238249394779959,3.0357872183039487,6.945718844852072,46,68137099
lulc_00397,lulc,229,3,barren,quarry,1.0,0.0,0.0,0.0,1.0,0.0,2.2007754255458876,1.474969582234546,1.132701817209931,4.462703452291709,57,1768386512
lulc_00398,lulc,222,0,water,river_delta,0.7345377604166666,0.7345377604166666,0.20884874131944445,0.0,0.05661349826388889,0.0,1.4594293626150245,0.7230928497639033,1.3422796933665626,4.797608116673171,63,157415336
lulc_00399,lulc,224,4,cropland,farmland,0.7470431857638888,0.0,0.10381401909722222,0.1491427951388889,0.0,0.7470431857638888,1.5924872176235225,0.8378248445726904,0.01952135109514951,2.7689406790134,81,652215409
lulc_00400,lulc,223,4,cropland,farmland,0.9349500868055556,0.030192057291666668,0.0,0.034857855902777776,0.0,0.9349500868055556,2.0653662472651027,1.803727839352331,1.1331572940544197,10.271867220361385,85,1226878452
lulc_00401,lulc,226,4,cropland,river_delta,0.7416449652777778,0.021674262152777776,0.0,0.0,0.23668077256944445,0.7416449652777778,1.3233248721629338,0.7801185352080937,1.6314940730399758,2.9062106668072825,73,649738509
lulc_00402,lulc,234,1,vegetation,farmland,1.0,0.0,1.0,0.0,0.0,0.0,0.6609956554772246,1.1062828479844917,0.8029510796409937,10.848791956470833,60,836487289
lulc_00403,lulc,223,1,vegetation,quarry,0.7036946614583334,0.0,0.7036946614583334,0.0,0.2963053385416667,0.0,1.6231789980157822,1.2190280509584435,0.2732607635286254,0.3957372855775918,86,28545800
lulc_00404,lulc,232,4,cropland,farmland,0.8769802517361112,0.0,0.1230197482638889,0.0,0.0,0.8769802517361112,2.295367250269004,1.2724428912029233,0.08828100741344504,2.30499418858495,64,1597022919
lulc_00405,lulc,237,4,cropland,farmland,0.6577419704861112,0.0,0.3422580295138889,0.0,0.0,0.6577419704861112,1.714508884882953,0.9944913098293128,2.831339079443684,4.412699382093674,73,1624828968
lulc_00406,lulc,231,1,vegetation,river_delta,0.6717936197916666,0.10810004340277778,0.6717936197916666,0.0,0.22010633680555555,0.0,1.9832751266707032,2.041603103285562,2.444597564709503,5.011779049414207,79,938605365
lulc_00407,lulc,226,0,water,river_delta,1.0,1.0,0.0,0.0,0.0,0.0,2.0567999758439597,1.197050875371408,3.13235838554483,10.573956240664703,60,1367736237
lulc_00408,lulc,238,2,built_up,urban_grid,0.6262478298611112,0.0,0.3737521701388889,0.6262478298611112,0.0,0.0,0.6092349890936909,0.667266948631108,2.6040934362336947,4.811904411479909,64,780358498
lulc_00409,lulc,211,0,water,harbour,1.0,1.0,0.0,0.0,0.0,0.0,2.3801449577020137,0.9591487892003727,0.21777855398698792,10.505467887213438,50,1959615301
lulc_00410,lulc,226,0,water,harbour,0.7488335503472222,0.7488335503472222,0.0,0.1604546440972222,0.09071180555555555,0.0,2.078831378075216,1.726428016096504,1.2391151264084748,11.913090531015575,55,1459588174
lulc_00411,lulc,226,1,vegetation,river_delta,0.82470703125,0.0,0.82470703125,0.0,0.0,0.17529296875,2.0517401065723746,1.6713626366260814,0.646520638997267,11.85834365917839,58,1942193013
lulc_00412,lulc,211,0,water,harbour,0.9192437065972222,0.9192437065972222,0.0,0.08075629340277778,0.0,0.0,1.378363141628078,1.9530966704633,0.6348630229882959,6.635188253299045,49,1005200680
lulc_00413,lulc,214,1,vegetation,river_delta,0.5923665364583334,0.0,0.5923665364583334,0.0,0.1081271701388889,0.2995062934027778,1.4735559827259475,1.8088453778436158,1.751862835438585,5.60354400098844,46,1953216
lulc_00414,lulc,227,2,built_up,urban_grid,0.790771484375,0.0,0.12955729166666666,0.790771484375,0.07967122395833333,0.0,2.1052187412241388,0.9243488415748695,2.96451625651698,8.542275039706647,80,715311196
lulc_00415,lulc,233,0,water,harbour,0.8060980902777778,0.8060980902777778,0.0,0.1939019097222222,0.0,0.0,1.980733265653603,1.2967173253142508,0.9534616460194627,5.269285026050105,65,1565268995
lulc_00416,lulc,224,1,vegetation,river_delta,0.8753255208333334,0.021674262152777776,0.8753255208333334,0.0,0.018229166666666668,0.08477105034722222,1.8820135130586366,1.3259088666201393,3.114798605055725,8.2983199708246,57,770866303
lulc_00417,lulc,237,4,cropland,river_delta,0.7856716579861112,0.2143283420138889,0.0,0.0,0.0,0.7856716579861112,0.8260745512749721,2.2610055853532223,2.632381354390408,9.09728086715552,58,1078176222
lulc_00418,lulc,219,0,water,river_delta,0.5872938368055556,0.5872938368055556,0.0,0.0,0.0,0.4127061631944444,1.1963370649193283,1.4852819204472936,2.981362830632253,0.9170349082664297,83,1581634304
lulc_00419,lulc,227,1,vegetation,farmland,0.6511773003472222,0.0,0.6511773003472222,0.2808702256944444,0.0,0.06795247395833333,1.7574969524986108,1.3543983687054122,1.5233383927358883,3.824765556166329,63,850309230
lulc_00420,lulc,213,0,water,harbour,0.8858778211805556,0.8858778211805556,0.0,0.078857421875,0.03526475694444445,0.0,2.2722132091584446,2.007546695320386,1.3654930247812485,1.909589128796997,67,1014342224
lulc_00421,lulc,216,2,built_up,harbour,0.79248046875,0.13151041666666666,0.0,0.79248046875,0.07600911458333333,0.0,2.0739976038935177,2.36684004063051,2.5576552903082153,10.53966617789855,76,381569359
lulc_00422,lulc,226,4,cropland,farmland,0.6572265625,0.1792263454861111,0.024576822916666668,0.1389702690972222,0.0,0.6572265625,0.6515561310164035,1.0604617679479675,2.51514100200502,10.236561544064442,51,1112366165
lulc_00423,lulc,238,4,cropland,farmland,0.7498914930555556,0.09120008680555555,0.1309136284722222,0.027994791666666668,0.0,0.7498914930555556,0.6479553081277227,0.7257907370652678,0.5382048205410754,8.67204717527041,93,2037369265
lulc_00424,lulc,221,3,barren,quarry,0.6797688802083334,0.13270399305555555,0.056477864583333336,0.1310492621527778,0.6797688802083334,0.0,1.0435876557227106,1.7619610660397678,1.9642771003126829,7.526374022815564,90,426085382
lulc_00425,lulc,210,2,built_up,harbour,1.0,0.0,0.0,1.0,0.0,0.0,2.2318078012522804,1.047398297680726,3.0336844249613764,4.22244198837752,66,161118278
lulc_00426,lulc,214,1,vegetation,river_delta,1.0,0.0,1.0,0.0,0.0,0.0,0.8449208378934752,1.0682837023526048,0.1365773676579419,7.504609605335846,47,637377263
lulc_00427,lulc,218,0,water,river_delta,0.843017578125,0.843017578125,0.032280815972222224,0.0,0.06922743055555555,0.055474175347222224,1.6621664348566036,2.190271811805107,1.960461405412992,2.452088890640221,68,92555536
lulc_00428,lulc,223,3,barren,urban_grid,0.5611979166666666,0.0,0.09027777777777778,0.3485243055555556,0.5611979166666666,0.0,2.3652774008449344,2.1509681763892607,2.017150770258281,10.179488473953802,73,1844325795
lulc_00429,lulc,236,4,cropland,river_delta,0.7521701388888888,0.2478298611111111,0.0,0.0,0.0,0.7521701388888888,0.7100654427771038,1.463220831752205,2.301520360615456,2.3126961044557093,82,801113089
lulc_00430,lulc,218,3,barren,urban_grid,0.7176378038194444,0.0,0.20467122395833334,0.07769097222222222,0.7176378038194444,0.0,0.6309450704172741,1.953450385144985,2.8330030034773315,3.027896791052795,54,1433610196
lulc_00431,lulc,236,1,vegetation,urban_grid,0.7974717881944444,0.0,0.7974717881944444,0.20252821180555555,0.0,0.0,1.1882489977125519,2.1459652597877077,0.9187521254326864,5.476713372151566,48,1936321217
lulc_00432,lulc,232,1,vegetation,river_delta,0.7033148871527778,0.0,0.7033148871527778,0.0,0.2966851128472222,0.0,1.4852595527776375,0.9265601577759393,2.651916376736586,9.638268527363891,52,671982977
lulc_00433,lulc,232,4,cropland,river_delta,0.8101128472222222,0.0,0.0,0.0,0.1898871527777778,0.8101128472222222,1.471319326859551,0.8196087949707218,2.629136095569051,11.118568471426668,90,1669626615
lulc_00434,lulc,229,1,vegetation,farmland,0.8952365451388888,0.1047634548611111,0.8952365451388888,0.0,0.0,0.0,1.853692619526588,1.8001434863755938,0.862876265886013,5.959681616941623,81,514954810
lulc_00435,lulc,229,0,water,river_delta,1.0,1.0,0.0,0.0,0.0,0.0,1.9746215005398904,2.0673005704513163,2.7009725477740907,7.275628787283512,56,1187846906
lulc_00436,lulc,231,2,built_up,urban_grid,1.0,0.0,0.0,1.0,0.0,0.0,1.447017316004276,1.9895100090816755,1.2523841327048302,5.609517134938097,77,867793526
lulc_00437,lulc,227,2,built_up,urban_grid,0.7887369791666666,0.0,0.0,0.7887369791666666,0.21126302083333334,0.0,1.6152227994872446,1.7166041539823436,1.5897502431948916,1.2531985319684935,75,223365034
lulc_00438,lulc,229,2,built_up,urban_grid,0.8692220052083334,0.0,0.063232421875,0.8692220052083334,0.06754557291666667,0.0,2.2864342829002045,0.9750368228963986,2.608189024747421,5.858491578947036,78,276823688
lulc_00439,lulc,227,0,water,quarry,0.7107476128472222,0.7107476128472222,0.0,0.2892523871527778,0.0,0.0,1.666052857204682,1.542497932536734,2.2905125251341185,3.0691100030800214,67,1289329196
lulc_00440,lulc,217,4,cropland,river_delta,0.8442111545138888,0.0,0.0,0.0,0.1557888454861111,0.8442111545138888,2.101376643130439,0.9085925182413277,2.6117412101699715,7.232216934019384,94,553656586
lulc_00441,lulc,216,4,cropland,farmland,0.6603461371527778,0.17097981770833334,0.1686740451388889,0.0,0.0,0.6603461371527778,2.21785404260168,1.9243995319969223,0.7339149247279905,11.28250024187286,87,737759759
lulc_00442,lulc,237,1,vegetation,quarry,0.846923828125,0.10479058159722222,0.846923828125,0.031222873263888888,0.017062717013888888,0.0,2.385615724342621,0.8370880986123199,1.3870963355819297,2.730743604683646,54,571806209
lulc_00443,lulc,233,2,built_up,urban_grid,0.6895073784722222,0.0,0.14705403645833334,0.6895073784722222,0.16343858506944445,0.0,1.5701515630960747,1.1815624086518248,2.929912384488898,9.010772000028876,61,1481019037
lulc_00444,lulc,216,4,cropland,farmland,1.0,0.0,0.0,0.0,0.0,1.0,0.8825030687698943,2.3932625335291533,2.977433926188582,2.232304045081711,46,1225598899
lulc_00445,lulc,223,4,cropland,farmland,0.7463650173611112,0.0,0.0790744357638889,0.174560546875,0.0,0.7463650173611112,1.9770173456740645,1.2485040470017477,1.0125299560676255,2.8073460049434114,92,1480023204
lulc_00446,lulc,215,3,barren,river_delta,0.7492947048611112,0.1726616753472222,0.07804361979166667,0.0,0.7492947048611112,0.0,0.9485501553927309,2.191463556218922,0.4768541839719301,1.7596606047746608,45,1135455231
lulc_00447,lulc,235,1,vegetation,urban_grid,0.7160101996527778,0.0,0.7160101996527778,0.19181315104166666,0.09217664930555555,0.0,1.2182505232829635,2.0091201885327936,0.8560182928744685,10.865554481569681,68,788104360
lulc_00448,lulc,238,2,built_up,harbour,0.82958984375,0.1481391059027778,0.0,0.82958984375,0.022271050347222224,0.0,0.9851344939876652,1.020323627468786,1.0547283845250894,6.616872747387545,50,1106597285
lulc_00449,lulc,230,0,water,harbour,0.8460015190972222,0.8460015190972222,0.0,0.1539984809027778,0.0,0.0,2.3617101019735323,2.1205409239005966,0.8409420435357317,2.2731494309703897,54,159969175
lulc_00450,lulc,235,3,barren,quarry,0.6874728732638888,0.0661892361111111,0.012966579861111112,0.2333713107638889,0.6874728732638888,0.0,1.1322058305044354,0.9597504526439138,0.6634042966925281,2.348526626427266,47,663649155
lulc_00451,lulc,219,3,barren,river_delta,1.0,0.0,0.0,0.0,1.0,0.0,2.0631002167399872,2.368580182051501,0.1434545450184215,5.8104083086334954,89,462057741
lulc_00452,lulc,213,4,cropland,river_delta,0.9563802083333334,0.043619791666666664,0.0,0.0,0.0,0.9563802083333334,1.9550494692440439,1.7042222944363528,2.5173708763154505,2.925942486824357,93,1988060846
lulc_00453,lulc,220,0,water,river_delta,0.7109646267361112,0.7109646267361112,0.004014756944444444,0.0,0.2422146267361111,0.042805989583333336,2.2277034325933953,2.1469464362313526,1.9551257200541625,2.4134291866474222,61,991541469
lulc_00454,lulc,239,1,vegetation,urban_grid,0.7478841145833334,0.0,0.7478841145833334,0.1388888888888889,0.11322699652777778,0.0,1.5591848603669456,1.0763484958934089,1.1370141556662772,9.361966722339863,80,307430267
lulc_00455,lulc,234,0,water,harbour,0.6798502604166666,0.6798502604166666,0.0,0.1918674045138889,0.12828233506944445,0.0,1.7594479605797084,0.8945527745257761,0.890628815983763,4.252664606539726,94,1415247521
lulc_00456,lulc,223,2,built_up,quarry,0.943359375,0.0,0.055989583333333336,0.943359375,0.0006510416666666666,0.0,1.4302303966771714,1.9593621826851852,2.8530422294206277,4.404091388591926,69,1355562010
lulc_00457,lulc,224,3,barren,quarry,0.6363389756944444,0.0,0.3615993923611111,0.0020616319444444445,0.6363389756944444,0.0,1.4941851324478652,2.036627762155212,0.6455233368753149,10.360673069268799,69,698453958
lulc_00458,lulc,232,2,built_up,urban_grid,1.0,0.0,0.0,1.0,0.0,0.0,0.8761544268410263,1.4463543863372492,0.40096051848848374,8.719789308549812,58,1234975533
lulc_00459,lulc,223,4,cropland,farmland,0.7864583333333334,0.019992404513888888,0.0881076388888889,0.1054416232638889,0.0,0.7864583333333334,2.063189925703008,2.1163596868110983,1.4766359366056008,9.754911871056144,84,1683827764
lulc_00460,lulc,225,0,water,river_delta,0.7759331597222222,0.7759331597222222,0.2240668402777778,0.0,0.0,0.0,2.1755429552703807,2.382228123208555,2.9736430181347555,1.9778415645115413,84,1520670693
lulc_00461,lulc,226,4,cropland,farmland,0.7837999131944444,0.0,0.07769097222222222,0.13850911458333334,0.0,0.7837999131944444,1.7955143669340572,1.5565348075271956,2.950220667078487,4.044576597233098,70,407179004
lulc_00462,lulc,225,3,barren,quarry,0.8822970920138888,0.028618706597222224,0.013644748263888888,0.075439453125,0.8822970920138888,0.0,1.4022666855089256,1.6625808236381117,0.13692441965549418,2.1361983609701993,78,1125255074
lulc_00463,lulc,225,1,vegetation,farmland,1.0,0.0,1.0,0.0,0.0,0.0,1.292523960819234,1.428605238856489,1.659940868407832,7.8422857064055576,53,1220983778
lulc_00464,lulc,221,0,water,harbour,0.7881401909722222,0.7881401909722222,0.0,0.0,0.2118598090277778,0.0,0.735892135784204,0.6160581403247155,0.5621333631442972,4.367485242811714,70,159561484
lulc_00465,lulc,232,2,built_up,urban_grid,0.8786078559027778,0.0,0.049723307291666664,0.8786078559027778,0.07166883680555555,0.0,1.2178533874381077,0.8790623391943244,1.6500714208513318,8.580483821252312,65,2103524445
lulc_00466,lulc,218,2,built_up,urban_grid,1.0,0.0,0.0,1.0,0.0,0.0,1.57660749663293,2.34432259598513,2.8972814494063797,11.89852942360385,92,504909329
lulc_00467,lulc,237,0,water,harbour,0.6832953559027778,0.6832953559027778,0.0,0.07758246527777778,0.23912217881944445,0.0,1.6866459910869764,2.2983475055516784,0.40883530264025064,0.3651799796929516,47,1915562115
lulc_00468,lulc,218,2,built_up,harbour,0.709716796875,0.0,0.0,0.709716796875,0.290283203125,0.0,1.8381245131241113,0.84677741227713,1.50300424875983,4.44832446624525,64,332950374
lulc_00469,lulc,232,0,water,river_delta,0.7643500434027778,0.7643500434027778,0.11124674479166667,0.0,0.088623046875,0.03578016493055555,1.0844612739844655,0.6352825689279864,1.8740194257702423,1.2256845609409663,91,1987168040
lulc_00470,lulc,232,3,barren,quarry,0.646240234375,0.028862847222222224,0.0,0.3248969184027778,0.646240234375,0.0,1.9807148388663447,0.7643963884581317,2.0313574890534127,3.077362725955298,63,72869458
lulc_00471,lulc,221,4,cropland,farmland,0.7388237847222222,0.0,0.0,0.2611762152777778,0.0,0.7388237847222222,1.4107529421339993,2.047891364811924,1.561623301212413,6.282439574815591,64,1997432177
lulc_00472,lulc,230,4,cropland,farmland,0.7183430989583334,0.17662217881944445,0.017768012152777776,0.08726671006944445,0.0,0.7183430989583334,0.8983779164203298,1.5754888705912808,1.1461345124762155,0.23967973497063166,73,1552537971
lulc_00473,lulc,222,3,barren,quarry,0.9216851128472222,0.07831488715277778,0.0,0.0,0.9216851128472222,0.0,1.3775885541712198,1.592681933366618,2.933359473951554,11.342718395814337,55,889610840
lulc_00474,lulc,230,4,cropland,farmland,0.7956000434027778,0.1337890625,0.018147786458333332,0.05246310763888889,0.0,0.7956000434027778,1.4648932597104651,0.9314940727201884,0.9382058767767221,2.5721434886007977,73,1968392625
lulc_00475,lulc,232,0,water,river_delta,1.0,1.0,0.0,0.0,0.0,0.0,1.4636719012448727,2.2024853071426898,2.816469516316994,7.303836657434815,70,1555930432
lulc_00476,lulc,237,1,vegetation,river_delta,1.0,0.0,1.0,0.0,0.0,0.0,1.996575006622582,1.0896910696945719,1.5046402287277267,10.573565994315706,93,292765978
lulc_00477,lulc,219,2,built_up,urban_grid,0.7737358940972222,0.0,0.0,0.7737358940972222,0.2262641059027778,0.0,0.9761747043266091,1.7568315542037736,2.512072884472736,10.071796420019348,70,802152649
lulc_00478,lulc,223,0,water,harbour,0.9501953125,0.9501953125,0.0,0.0,0.0498046875,0.0,1.987611418653675,0.800958557514243,2.116756353330253,0.259453383722855,51,384717967
lulc_00479,lulc,218,0,water,harbour,0.8894314236111112,0.8894314236111112,0.0,0.0,0.1105685763888889,0.0,2.2723086440523774,1.0455782775475382,1.3108998267172514,0.7121021608892497,82,653306736
lulc_00480,lulc,211,1,vegetation,river_delta,0.7914496527777778,0.0625271267361111,0.7914496527777778,0.0,0.0,0.1460232204861111,1.5888512879487924,1.3505614628543068,2.5401437493974153,8.38223316636714,74,1543450309
lulc_00481,lulc,212,3,barren,quarry,0.7954644097222222,0.11735026041666667,0.0871853298611111,0.0,0.7954644097222222,0.0,1.0100815766064324,1.0673638852793923,2.2460535775898047,5.4977807232487965,63,739500972
lulc_00482,lulc,238,3,barren,quarry,0.7252061631944444,0.0,0.0,0.2747938368055556,0.7252061631944444,0.0,1.7952516672252417,2.0095993122275972,1.0189243758199185,3.538335629790101,92,820357699
lulc_00483,lulc,218,2,built_up,harbour,0.8149956597222222,0.056477864583333336,0.0,0.8149956597222222,0.12852647569444445,0.0,1.002545749518435,1.1771288718382837,1.0033574240201724,2.95607525189257,51,718723436
lulc_00484,lulc,232,0,water,river_delta,0.6182183159722222,0.6182183159722222,0.0,0.0,0.0,0.3817816840277778,2.391565465960876,1.2066239961053324,2.511096260911968,10.015599032409687,78,1864912767
lulc_00485,lulc,237,0,water,harbour,0.7153049045138888,0.7153049045138888,0.0,0.2508951822916667,0.03379991319444445,0.0,0.877933716059677,1.2776118602876392,0.8166337982859078,1.7845071468316824,90,1233834784
lulc_00486,lulc,238,4,cropland,farmland,0.8578287760416666,0.14217122395833334,0.0,0.0,0.0,0.8578287760416666,2.2006039382866844,1.1435233608553235,2.829284979651044,7.361427721097485,94,1828872317
lulc_00487,lulc,215,3,barren,quarry,1.0,0.0,0.0,0.0,1.0,0.0,1.5804581506596103,1.4819791196831835,1.2568730603453133,8.471728939323706,92,580704942
lulc_00488,lulc,219,0,water,quarry,0.8403591579861112,0.8403591579861112,0.04286024305555555,0.11678059895833333,0.0,0.0,1.6445540799410003,1.920414591499859,1.0583375205261922,0.29368977829825926,50,1377303102
lulc_00489,lulc,229,4,cropland,river_delta,0.8365614149305556,0.16343858506944445,0.0,0.0,0.0,0.8365614149305556,2.3268338051956845,2.2271995508258726,0.9279606272808277,3.4709581306050463,56,701966497
lulc_00490,lulc,213,2,built_up,urban_grid,0.7181260850694444,0.0,0.1907280815972222,0.7181260850694444,0.09114583333333333,0.0,1.3442625217399957,1.4358508863928203,1.514632335538409,10.794191903138831,94,636704728
lulc_00491,lulc,211,3,barren,river_delta,1.0,0.0,0.0,0.0,1.0,0.0,0.6504321160487636,2.0612368790802087,2.7192761646971753,4.849015677523804,78,637566058
lulc_00492,lulc,219,3,barren,urban_grid,0.7456868489583334,0.0,0.2235785590277778,0.030734592013888888,0.7456868489583334,0.0,1.8408664947028348,2.2462026047956027,1.7617613159372392,8.581305844516386,48,1749699621
lulc_00493,lulc,236,2,built_up,urban_grid,0.8396809895833334,0.0,0.03700086805555555,0.8396809895833334,0.1233181423611111,0.0,1.8321440223916157,1.9632697881133727,0.07643204530739535,10.306900941106532,52,486044117
lulc_00494,lulc,234,3,barren,urban_grid,0.7884385850694444,0.0,0.1877712673611111,0.023790147569444444,0.7884385850694444,0.0,1.562575761141212,0.7767164103185256,2.6762534244691287,10.905358493729917,76,837289703
lulc_00495,lulc,238,4,cropland,farmland,0.8341200086805556,0.0,0.0,0.16587999131944445,0.0,0.8341200086805556,0.7708041601280521,2.098354471591444,0.3496384570159091,1.3768147107050277,46,1598055629
lulc_00496,lulc,221,4,cropland,farmland,0.8493923611111112,0.03268771701388889,0.009684244791666666,0.10823567708333333,0.0,0.8493923611111112,2.346436300116773,1.8390667281409776,2.091731813713532,6.87781768630939,88,1449803630
lulc_00497,lulc,227,4,cropland,farmland,0.9374728732638888,0.04855685763888889,0.013970269097222222,0.0,0.0,0.9374728732638888,1.709222269149774,1.6204707922867336,0.9698887819526136,3.366325914793422,82,459588927
lulc_00498,lulc,211,1,vegetation,farmland,0.6648220486111112,0.0,0.6648220486111112,0.3351779513888889,0.0,0.0,0.7950186123669585,0.94767926825098,0.32374814334948404,8.971042748409484,48,251310201
lulc_00499,lulc,226,3,barren,river_delta,0.949462890625,0.050537109375,0.0,0.0,0.949462890625,0.0,2.119206896831869,0.7357302169512758,0.9880941973834824,7.330906816520102,47,1255616653
lulc_00500,lulc,232,1,vegetation,urban_grid,1.0,0.0,1.0,0.0,0.0,0.0,0.8368212685964024,1.7250020972146278,1.1275975295734497,0.6820000864930069,60,2133292758
lulc_00501,lulc,221,2,built_up,harbour,1.0,0.0,0.0,1.0,0.0,0.0,1.3286791117017054,1.9546815607562809,0.4142108458901152,5.8908447808639135,67,1344335234
lulc_00502,lulc,217,1,vegetation,urban_grid,0.6298285590277778,0.0,0.6298285590277778,0.0,0.3701714409722222,0.0,0.626318236464904,0.6543809961012554,1.9798679875420928,0.6547576662325856,45,732253264
lulc_00503,lulc,213,4,cropland,farmland,1.0,0.0,0.0,0.0,0.0,1.0,1.759953478414337,1.7702691381965585,1.7458694850112726,7.789353308465133,83,471201886
lulc_00504,lulc,219,4,cropland,farmland,0.8483344184027778,0.0,0.1516655815972222,0.0,0.0,0.8483344184027778,1.3601490020413012,0.8870637239853556,1.1847523100864608,4.6359391831293895,94,1877442150
lulc_00505,lulc,215,1,vegetation,quarry,1.0,0.0,1.0,0.0,0.0,0.0,1.3577671505121045,1.8985367062317553,2.515622912688168,8.3680495154133,47,1382002553
lulc_00506,lulc,228,3,barren,river_delta,0.6565755208333334,0.10799153645833333,0.08509657118055555,0.0,0.6565755208333334,0.1503363715277778,2.1859061020374786,0.9676567811745639,0.1173389600114587,1.2935264343746953,93,252328478
lulc_00507,lulc,220,3,barren,quarry,1.0,0.0,0.0,0.0,1.0,0.0,0.7133298506410268,1.1261956564078774,2.5018100885701173,8.114941925989038,91,639783461
lulc_00508,lulc,216,2,built_up,urban_grid,0.7714301215277778,0.0,0.2285698784722222,0.7714301215277778,0.0,0.0,1.9136238630087887,1.7092371180855297,1.6118769808987532,3.0287303981803424,71,1955320397
lulc_00509,lulc,237,0,water,harbour,0.6279839409722222,0.6279839409722222,0.0,0.3401963975694444,0.031819661458333336,0.0,0.8163379527585601,2.1713222452283323,2.110085998298987,1.9045266819073916,70,166947252
lulc_00510,lulc,231,3,barren,urban_grid,1.0,0.0,0.0,0.0,1.0,0.0,1.3226367216783554,1.436732966144898,2.724682156405744,3.9794831812980735,56,1383963958
lulc_00511,lulc,238,3,barren,quarry,0.6640082465277778,0.22265625,0.0,0.11333550347222222,0.6640082465277778,0.0,1.3266234007609177,1.0593422315522816,0.3402966636205376,11.367253770299893,54,379930782
lulc_00512,lulc,219,2,built_up,urban_grid,0.7941623263888888,0.0,0.2058376736111111,0.7941623263888888,0.0,0.0,1.6087330609151835,1.9638847754865156,2.9700013913589918,9.939274563500707,71,38508582
lulc_00513,lulc,229,0,water,harbour,1.0,1.0,0.0,0.0,0.0,0.0,1.754529414688264,0.621349646027735,2.5366290301180507,7.649828544263817,88,1096489860
lulc_00514,lulc,228,3,barren,quarry,0.7753092447916666,0.0,0.07093641493055555,0.1537543402777778,0.7753092447916666,0.0,2.0682588235088617,1.772403111815342,2.125702485856649,5.954546923940867,60,1919301542
lulc_00515,lulc,228,4,cropland,farmland,0.7526041666666666,0.0,0.0,0.24739583333333334,0.0,0.7526041666666666,2.386945310125383,0.9492104030601549,0.24870726902101123,4.593590951548116,72,856640008
lulc_00516,lulc,212,4,cropland,farmland,0.6692979600694444,0.3014594184027778,0.029242621527777776,0.0,0.0,0.6692979600694444,1.9474367633775262,1.5280261890711038,1.5027498527961929,8.991664522875102,60,390209979
lulc_00517,lulc,229,2,built_up,urban_grid,1.0,0.0,0.0,1.0,0.0,0.0,0.8523578536203575,2.0677368256649378,0.9968395416770974,10.821644488017126,95,333534417
lulc_00518,lulc,222,3,barren,urban_grid,0.7322591145833334,0.0,0.07218424479166667,0.195556640625,0.7322591145833334,0.0,0.9296471186598332,1.713387403113039,0.4514910176300861,2.9871870438958092,81,1417017238
lulc_00519,lulc,211,2,built_up,urban_grid,0.7884657118055556,0.0,0.1858452690972222,0.7884657118055556,0.025689019097222224,0.0,1.794637115446717,1.948855119759882,2.953165583784519,6.279075565804398,59,762224085
lulc_00520,lulc,213,0,water,river_delta,0.7910427517361112,0.7910427517361112,0.18785264756944445,0.0,0.021104600694444444,0.0,0.8114713702101461,1.8931073827880476,2.5406445083426195,9.266538717625185,70,2041539115
lulc_00521,lulc,231,4,cropland,farmland,0.9384765625,0.0,0.0615234375,0.0,0.0,0.9384765625,2.0754533758678715,0.8255300037619012,1.9272055250940385,7.284919672185225,55,713580073
lulc_00522,lulc,235,0,water,river_delta,1.0,1.0,0.0,0.0,0.0,0.0,0.7826203242546159,2.084056817462405,2.7645018916715913,7.994476355130484,77,22088629
lulc_00523,lulc,214,3,barren,quarry,0.6852484809027778,0.04226345486111111,0.07164171006944445,0.20084635416666666,0.6852484809027778,0.0,2.0856046639186334,0.6924903035582124,1.9945752169863344,1.0678639399114065,67,1595571248
lulc_00524,lulc,211,3,barren,urban_grid,1.0,0.0,0.0,0.0,1.0,0.0,2.0957215265064835,2.3287308862917455,1.0105906326563867,8.747425943507587,61,1128618983
lulc_00525,lulc,236,4,cropland,farmland,1.0,0.0,0.0,0.0,0.0,1.0,0.930678739227323,0.7647257970864039,1.528095944740966,1.0382198327301624,87,171586016
lulc_00526,lulc,236,4,cropland,farmland,1.0,0.0,0.0,0.0,0.0,1.0,1.7120968457494765,0.8490736084148499,0.2800267016403502,11.05019166204902,80,1358768171
lulc_00527,lulc,239,4,cropland,farmland,0.6447211371527778,0.3552788628472222,0.0,0.0,0.0,0.6447211371527778,0.7778667518777068,1.1720062148249886,1.2868142438831403,7.760143913867182,95,306596771
lulc_00528,lulc,217,4,cropland,farmland,1.0,0.0,0.0,0.0,0.0,1.0,1.6925611198722383,0.8644165985015915,1.528655522940987,9.426790094807789,67,1714131336
lulc_00529,lulc,225,4,cropland,farmland,0.6985405815972222,0.0,0.0,0.3014594184027778,0.0,0.6985405815972222,1.3920779146582622,1.259174455967471,2.94598424297439,4.564263263506332,54,720254125
lulc_00530,lulc,226,0,water,river_delta,1.0,1.0,0.0,0.0,0.0,0.0,1.0046845902783716,0.9343861904189048,1.0616301856753017,11.344872259641347,67,1152300202
lulc_00531,lulc,239,3,barren,urban_grid,0.6990559895833334,0.0,0.2806260850694444,0.020317925347222224,0.6990559895833334,0.0,2.2489964186027223,1.8352172518206178,2.996711141724779,10.273846465670402,76,450464905
lulc_00532,lulc,226,0,water,river_delta,1.0,1.0,0.0,0.0,0.0,0.0,1.843544290966726,1.9185102768210607,2.7223792782581135,3.666150751464477,86,556233583
lulc_00533,lulc,238,0,water,harbour,0.7320149739583334,0.7320149739583334,0.0,0.2679850260416667,0.0,0.0,1.0305715101164061,1.8990119524477729,1.1424110473203537,5.583470668806766,49,349365160
lulc_00534,lulc,226,3,barren,quarry,0.7628580729166666,0.03382703993055555,0.16297743055555555,0.040337456597222224,0.7628580729166666,0.0,1.769281004740424,2.0959113512653498,0.32409449925279393,1.2889957948610475,80,1619273438
lulc_00535,lulc,232,3,barren,river_delta,0.8813205295138888,0.023356119791666668,0.07511393229166667,0.0,0.8813205295138888,0.020209418402777776,2.337030578948449,1.396626772482096,0.2844203758061148,9.519958168588115,95,429217051
lulc_00536,lulc,232,1,vegetation,farmland,1.0,0.0,1.0,0.0,0.0,0.0,2.28805629412654,1.6742208384861073,0.7587921787619677,7.362616401082711,66,1302653360
lulc_00537,lulc,232,1,vegetation,river_delta,1.0,0.0,1.0,0.0,0.0,0.0,0.695849376215725,2.0691413880530027,2.8576265715406777,3.918239669323622,64,816021676
lulc_00538,lulc,226,2,built_up,harbour,0.6504720052083334,0.2929958767361111,0.0,0.6504720052083334,0.05653211805555555,0.0,2.0361149301285937,1.1084099209168417,2.8484068512383494,0.30185218122738977,67,1177366810
lulc_00539,lulc,238,1,vegetation,farmland,0.6258951822916666,0.07275390625,0.6258951822916666,0.2460394965277778,0.0,0.05531141493055555,1.356396735385558,2.071726035850318,1.046365822799905,3.367330086459135,78,22656988
lulc_00540,lulc,216,1,vegetation,urban_grid,0.9512532552083334,0.0,0.9512532552083334,0.0,0.048746744791666664,0.0,1.4772983901914363,1.196085566757679,0.4328291190955488,11.970436752457205,90,523360311
lulc_00541,lulc,216,4,cropland,farmland,0.9141438802083334,0.0,0.0,0.08585611979166667,0.0,0.9141438802083334,0.6405720334310615,1.9775950735043106,2.2975192838252942,8.210757441719922,73,741659291
lulc_00542,lulc,230,3,barren,river_delta,0.775634765625,0.04568142361111111,0.0759006076388889,0.0,0.775634765625,0.102783203125,1.6214207968398644,1.5706695810944908,1.1049104971120833,6.182996249704984,82,980232832
lulc_00543,lulc,234,3,barren,urban_grid,1.0,0.0,0.0,0.0,1.0,0.0,0.7510807095818498,1.854602565759166,2.4829701777669935,6.087690937187865,62,1711058216
lulc_00544,lulc,235,0,water,harbour,1.0,1.0,0.0,0.0,0.0,0.0,1.4919737758871299,2.025530924696885,2.8169195174597075,11.997138188174203,52,521657672
lulc_00545,lulc,238,3,barren,quarry,0.8004286024305556,0.0771213107638889,0.051323784722222224,0.07112630208333333,0.8004286024305556,0.0,2.3199812269328848,2.2344343879199156,1.261498126972028,6.48529732741035,59,2083028471
lulc_00546,lulc,239,1,vegetation,river_delta,0.6576334635416666,0.0,0.6576334635416666,0.0,0.10137261284722222,0.2409939236111111,1.4225798042147026,1.9249935715814686,2.184604034153447,3.9909831873078336,90,564781014
lulc_00547,lulc,235,4,cropland,farmland,0.64404296875,0.2531467013888889,0.07286241319444445,0.029947916666666668,0.0,0.64404296875,2.3267472167255603,1.1958124196057476,1.8013468665885775,10.659122990576105,87,323744785
lulc_00548,lulc,221,2,built_up,urban_grid,0.8734537760416666,0.0,0.12654622395833334,0.8734537760416666,0.0,0.0,1.1750503351254922,2.055550665831311,2.982835766204506,11.259661494917452,85,636864593
lulc_00549,lulc,227,4,cropland,farmland,0.7532009548611112,0.1130099826388889,0.0,0.1337890625,0.0,0.7532009548611112,1.7361585774928172,1.4326124890175056,1.36536276921757,1.72088454494663,84,673073571
lulc_00550,lulc,210,1,vegetation,quarry,0.75341796875,0.24658203125,0.75341796875,0.0,0.0,0.0,0.9378114921543013,0.6668156421002001,0.9484436894674837,7.555451946540198,48,370090507
lulc_00551,lulc,234,3,barren,river_delta,0.7512749565972222,0.2487250434027778,0.0,0.0,0.7512749565972222,0.0,1.2032962216808247,1.041728627040997,1.259016221454152,8.21036026158595,76,978438738
lulc_00552,lulc,222,1,vegetation,farmland,0.77294921875,0.09651692708333333,0.77294921875,0.023030598958333332,0.0,0.10750325520833333,2.258424033356666,1.4052398675981634,3.0594391775983976,8.99540755328779,64,2146481224
lulc_00553,lulc,230,2,built_up,quarry,0.8478461371527778,0.1521538628472222,0.0,0.8478461371527778,0.0,0.0,0.905748593004802,2.038839677637278,1.1789528408997705,5.621578860820544,82,1986752130
lulc_00554,lulc,228,2,built_up,urban_grid,0.7373318142361112,0.0,0.2289767795138889,0.7373318142361112,0.03369140625,0.0,0.7835622569060577,1.215977097848262,2.1596029973457727,3.321862359952192,64,1339025305
lulc_00555,lulc,213,2,built_up,harbour,1.0,0.0,0.0,1.0,0.0,0.0,1.955376729571491,0.6501271821968686,2.8929147401184134,2.1819827599988635,67,1383402316
lulc_00556,lulc,234,2,built_up,urban_grid,0.8501519097222222,0.0,0.06065538194444445,0.8501519097222222,0.08919270833333333,0.0,2.397466831238331,0.6545700653885238,1.0397229052086543,10.169844174632319,88,411946142
lulc_00557,lulc,226,4,cropland,farmland,0.6944173177083334,0.007405598958333333,0.01513671875,0.2830403645833333,0.0,0.6944173177083334,2.165636312099021,0.8188905118878897,0.12191550126402237,1.5842277404382958,66,650876024
lulc_00558,lulc,225,0,water,quarry,0.865966796875,0.865966796875,0.10538736979166667,0.0,0.028645833333333332,0.0,0.6676839362801084,1.7086646687777067,0.8407971716795448,7.069256308996963,75,361867062
lulc_00559,lulc,220,1,vegetation,river_delta,0.7841254340277778,0.2158745659722222,0.7841254340277778,0.0,0.0,0.0,0.7800666821532538,1.8142668141225013,0.8626447653028518,8.312637572182112,62,517275883
lulc_00560,lulc,224,2,built_up,urban_grid,1.0,0.0,0.0,1.0,0.0,0.0,1.4987927732601474,2.3537093562580975,2.1229362931343405,6.055008174610743,90,1374566579
lulc_00561,lulc,218,1,vegetation,quarry,0.6748860677083334,0.19078233506944445,0.6748860677083334,0.011338975694444444,0.12299262152777778,0.0,0.689467860117273,0.9829098165663575,2.8987338248418952,6.211859081175227,66,521898427
lulc_00562,lulc,217,1,vegetation,river_delta,0.6733127170138888,0.2947319878472222,0.6733127170138888,0.0,0.03195529513888889,0.0,1.8543224379607968,1.2384268779716487,1.3814883539953116,3.1145604364277903,72,262847378
lulc_00563,lulc,231,0,water,river_delta,0.8927408854166666,0.8927408854166666,0.0,0.0,0.045464409722222224,0.06179470486111111,1.5342199288118081,1.447909516576714,0.6021992933675844,1.4148794937714269,65,336543624
lulc_00564,lulc,226,2,built_up,urban_grid,0.9407280815972222,0.0,0.023980034722222224,0.9407280815972222,0.03529188368055555,0.0,2.1053035954578845,1.567589869885456,3.0214691648690457,10.532463757458084,76,373789628
lulc_00565,lulc,230,1,vegetation,farmland,0.7125108506944444,0.0,0.7125108506944444,0.2874891493055556,0.0,0.0,2.044987182495126,2.3206165832296035,2.8187517269311853,7.003372460310777,61,1834061091
lulc_00566,lulc,229,4,cropland,farmland,0.8393825954861112,0.004828559027777778,0.14171006944444445,0.014078776041666666,0.0,0.8393825954861112,0.7667590805220481,1.5037307189826312,2.523153316275044,10.14145076697961,69,1433213442
lulc_00567,lulc,210,2,built_up,urban_grid,0.7722981770833334,0.0,0.0,0.7722981770833334,0.22770182291666666,0.0,2.3890203338017804,1.253510644177303,1.5063865655291184,0.10952487878740413,68,1309372349
lulc_00568,lulc,210,3,barren,urban_grid,0.730224609375,0.0,0.0,0.269775390625,0.730224609375,0.0,1.6480571877073849,0.666087591573516,2.511067429281796,8.21391662390326,93,759514615
lulc_00569,lulc,213,1,vegetation,farmland,0.6620008680555556,0.080078125,0.6620008680555556,0.0,0.0,0.2579210069444444,1.978258123737079,1.8830254279192324,0.541840083155374,4.5718488382233975,76,1248328151
lulc_00570,lulc,221,0,water,quarry,1.0,1.0,0.0,0.0,0.0,0.0,1.308144444279653,1.898573644669593,1.6432015396690003,7.596359980047524,61,1348807689
lulc_00571,lulc,235,2,built_up,harbour,0.9552951388888888,0.024522569444444444,0.0,0.9552951388888888,0.020182291666666668,0.0,1.8949690404493036,1.3976988425974195,0.25909834840531076,10.002701902152223,92,412362685
lulc_00572,lulc,222,4,cropland,farmland,0.6422526041666666,0.0,0.0,0.3577473958333333,0.0,0.6422526041666666,2.0941383185184783,0.6086387943224603,0.3733722044667154,4.028883680960812,80,1213743615
lulc_00573,lulc,218,3,barren,quarry,0.7625868055555556,0.027859157986111112,0.19935438368055555,0.010199652777777778,0.7625868055555556,0.0,1.026688899086627,1.2737090791106107,2.46348820983775,9.958300897422138,76,1747684675
lulc_00574,lulc,213,0,water,harbour,0.8141004774305556,0.8141004774305556,0.0,0.18589952256944445,0.0,0.0,1.7450011514625245,2.1965255387386167,2.4423422255444,2.843881272262389,75,1706199211
lulc_00575,lulc,214,1,vegetation,river_delta,1.0,0.0,1.0,0.0,0.0,0.0,1.5517844047319194,1.5017209228754806,0.1582778295261364,6.695878966837679,89,361954057
lulc_00576,lulc,222,1,vegetation,farmland,0.8666178385416666,0.041937934027777776,0.8666178385416666,0.09144422743055555,0.0,0.0,0.7491661177792651,2.279606277113626,1.9129131105053172,11.736481394377599,56,1624303532
lulc_00577,lulc,220,1,vegetation,river_delta,0.7166612413194444,0.0,0.7166612413194444,0.0,0.2833387586805556,0.0,2.3078802646121823,0.8980451777129572,2.707245116269574,11.367885425536311,88,562538568
lulc_00578,lulc,227,1,vegetation,quarry,1.0,0.0,1.0,0.0,0.0,0.0,1.2190517504285427,1.5168726880369792,2.5139771048040918,3.196866976398262,46,1796671646
lulc_00579,lulc,237,2,built_up,urban_grid,0.8963487413194444,0.0,0.0,0.8963487413194444,0.10365125868055555,0.0,1.040250648865865,0.8210175965518955,0.01322194365132717,0.24441304102487038,86,1874299731
lulc_00580,lulc,211,0,water,river_delta,1.0,1.0,0.0,0.0,0.0,0.0,1.498434179143659,1.69551475208416,1.485596617937561,9.953697069550806,64,1771015930
lulc_00581,lulc,232,1,vegetation,urban_grid,0.9604763454861112,0.0,0.9604763454861112,0.024386935763888888,0.01513671875,0.0,2.2890048618655245,2.056063833718509,1.9549490676829955,9.56178073888698,61,333209922
lulc_00582,lulc,228,3,barren,quarry,0.7942979600694444,0.0,0.008436414930555556,0.197265625,0.7942979600694444,0.0,2.086245130311229,2.3968241939573525,2.001092470929985,0.13188460388149004,71,2024882422
lulc_00583,lulc,211,0,water,harbour,0.6566026475694444,0.6566026475694444,0.0,0.28857421875,0.05482313368055555,0.0,2.300655313417392,0.6259688375512334,1.8466380443629256,5.988552284889026,72,1171766121
lulc_00584,lulc,230,1,vegetation,farmland,1.0,0.0,1.0,0.0,0.0,0.0,0.6464605405242284,1.344082276718078,3.125538164724266,11.894640661389175,75,1455510214
lulc_00585,lulc,215,0,water,quarry,0.6297200520833334,0.6297200520833334,0.3702799479166667,0.0,0.0,0.0,1.7341014660436183,2.149513181724279,1.2523586417902566,10.479706620801018,78,1528249686
lulc_00586,lulc,222,0,water,harbour,0.8380805121527778,0.8380805121527778,0.0,0.1619194878472222,0.0,0.0,2.108687179937396,1.4634604000271862,2.504598016809423,0.7271525711220308,69,300934770
lulc_00587,lulc,229,2,built_up,harbour,0.93505859375,0.0,0.0,0.93505859375,0.06494140625,0.0,1.9252445853614164,1.8658287029485825,2.240153137302629,1.6077984838809591,84,1234115427
lulc_00588,lulc,229,3,barren,river_delta,0.8525390625,0.06621636284722222,0.023301866319444444,0.0,0.8525390625,0.057942708333333336,1.226896810907407,1.950742153180637,2.7554925976781526,10.220089333979095,63,1197346902
lulc_00589,lulc,220,2,built_up,harbour,0.7093098958333334,0.2906901041666667,0.0,0.7093098958333334,0.0,0.0,1.7399328145705883,1.8044154417393927,2.21229459994416,11.888919063900312,57,883656497
lulc_00590,lulc,229,1,vegetation,river_delta,0.7428927951388888,0.023735894097222224,0.7428927951388888,0.0,0.039849175347222224,0.19352213541666666,1.975368556517334,1.3987939200657793,2.4774422386111294,1.8811744097005092,84,159600082
lulc_00591,lulc,221,4,cropland,farmland,0.8672960069444444,0.0,0.13270399305555555,0.0,0.0,0.8672960069444444,2.2431499383280604,1.133198683631418,1.9367841104364445,7.804936429098024,50,1017496811
lulc_00592,lulc,219,0,water,harbour,0.809326171875,0.809326171875,0.0,0.190673828125,0.0,0.0,1.405666861213204,0.7859091412813849,0.6591538899738687,0.8836216135294248,88,608005260
lulc_00593,lulc,234,3,barren,river_delta,0.9682345920138888,0.0,0.03176540798611111,0.0,0.9682345920138888,0.0,2.3976836376348736,1.0066195406888103,0.07379369599233217,8.03102820614035,94,1498781228
lulc_00594,lulc,211,2,built_up,quarry,0.7531195746527778,0.03233506944444445,0.052815755208333336,0.7531195746527778,0.16172960069444445,0.0,2.073444822225465,1.8800907850162645,0.17184346489745647,4.230289739866475,51,591136547
lulc_00595,lulc,223,3,barren,urban_grid,0.751220703125,0.0,0.0,0.248779296875,0.751220703125,0.0,1.2147967943673006,2.3279724790935425,3.1090807293348255,7.900337651338271,63,213752381
lulc_00596,lulc,219,4,cropland,river_delta,0.8775770399305556,0.12169053819444445,0.0,0.0,0.000732421875,0.8775770399305556,0.939995550694093,1.7538279391337066,2.2465056727105646,3.1134993744626995,58,1361352055
lulc_00597,lulc,213,2,built_up,urban_grid,0.8543023003472222,0.0,0.1456976996527778,0.8543023003472222,0.0,0.0,0.9786043770674943,2.14870398363417,1.8516930234650648,9.290911633975394,88,1839339297
lulc_00598,lulc,229,1,vegetation,river_delta,0.8839518229166666,0.0,0.8839518229166666,0.0,0.11604817708333333,0.0,2.054584887983222,1.3821593641135714,1.1854744430875745,6.352193127002987,68,632893963
lulc_00599,lulc,223,2,built_up,harbour,1.0,0.0,0.0,1.0,0.0,0.0,0.7786349501573064,2.396240231925499,0.5350214891904618,5.739765915603245,49,814381275
lulc_00600,lulc,231,1,vegetation,urban_grid,0.8351236979166666,0.0,0.8351236979166666,0.0,0.16487630208333334,0.0,1.6295148495026672,2.1730611566386533,0.3542736956987758,1.5522280369664974,87,1320753351
lulc_00601,lulc,216,0,water,harbour,0.6976996527777778,0.6976996527777778,0.0,0.219970703125,0.08232964409722222,0.0,1.8939826908160136,2.025204045173189,1.6228526786653543,1.920345342310779,90,1564610394
lulc_00602,lulc,226,1,vegetation,river_delta,0.6820475260416666,0.09242078993055555,0.6820475260416666,0.0,0.054606119791666664,0.1709255642361111,0.7101720142556748,2.269254384550615,0.5559752697059089,6.557634327970238,92,400162404
lulc_00603,lulc,221,3,barren,quarry,0.820556640625,0.179443359375,0.0,0.0,0.820556640625,0.0,0.6696588729012479,2.386907968540463,2.3762116498459522,10.694190780211079,49,475972847
lulc_00604,lulc,217,0,water,harbour,0.8103298611111112,0.8103298611111112,0.0,0.17626953125,0.013400607638888888,0.0,1.6689439720334374,1.9572363952988883,1.5743306821685248,5.802218820534174,78,1449334305
lulc_00605,lulc,222,1,vegetation,farmland,1.0,0.0,1.0,0.0,0.0,0.0,1.598463119280909,0.7769803965933131,2.5966023925492263,8.356209671579215,92,358229347
lulc_00606,lulc,229,4,cropland,farmland,0.6938747829861112,0.1440700954861111,0.09735785590277778,0.064697265625,0.0,0.6938747829861112,1.284719641095338,0.9762606733074373,0.3504729016828545,2.0040256563963332,66,2076754965
lulc_00607,lulc,210,0,water,river_delta,0.8197970920138888,0.8197970920138888,0.0737033420138889,0.0,0.03857421875,0.06792534722222222,1.2659143637065866,1.3187466539792756,0.5478284927286134,4.709289599721803,50,1987894348
lulc_00608,lulc,211,1,vegetation,river_delta,0.6483832465277778,0.23942057291666666,0.6483832465277778,0.0,0.027398003472222224,0.08479817708333333,2.112985739941968,1.6839564624935646,1.5514169072525514,3.830191845882057,80,562535563
lulc_00609,lulc,211,4,cropland,river_delta,1.0,0.0,0.0,0.0,0.0,1.0,0.6171179568338455,1.8387884204557725,1.3774583151573987,0.5326541675238277,49,762231579
lulc_00610,lulc,219,2,built_up,urban_grid,0.656982421875,0.0,0.2921820746527778,0.656982421875,0.050835503472222224,0.0,0.7385530800268961,1.9963120258942353,0.23038848079116597,6.8343049304581225,80,1445453655
lulc_00611,lulc,234,0,water,harbour,0.722900390625,0.722900390625,0.0,0.277099609375,0.0,0.0,1.2890806281490663,1.8628759645014976,0.8873823879186599,8.687597594668475,71,538106259
lulc_00612,lulc,234,1,vegetation,urban_grid,1.0,0.0,1.0,0.0,0.0,0.0,1.0651151169740605,0.8883313183069101,0.7882892652221092,3.1878676386236107,82,159353119
lulc_00613,lulc,217,3,barren,river_delta,1.0,0.0,0.0,0.0,1.0,0.0,1.809022551320696,1.695291556858348,1.3714843267755439,6.225860783100412,83,2127202480
lulc_00614,lulc,214,4,cropland,river_delta,0.9356011284722222,0.06089952256944445,0.0034993489583333335,0.0,0.0,0.9356011284722222,0.9395497387231558,2.240792049819401,2.966352098093483,9.615249146801336,69,948256682
lulc_00615,lulc,233,3,barren,quarry,0.8663194444444444,0.0,0.0,0.13368055555555555,0.8663194444444444,0.0,1.2041602857108844,1.952349459518207,2.548326980553742,4.278699805599941,46,1388226695
lulc_00616,lulc,226,1,vegetation,quarry,0.8299696180555556,0.1176486545138889,0.8299696180555556,0.0,0.05238172743055555,0.0,2.2589973218005026,1.129738195543669,0.1391006444070504,8.203088567177911,58,1132339708
lulc_00617,lulc,234,3,barren,urban_grid,0.7803005642361112,0.0,0.0,0.2196994357638889,0.7803005642361112,0.0,1.4311818946071986,2.362295845384689,0.9509876241487828,5.555014849838228,85,1372012291
lulc_00618,lulc,237,4,cropland,farmland,0.9410807291666666,0.058919270833333336,0.0,0.0,0.0,0.9410807291666666,1.665102465122894,2.3372176150189428,1.225854206251381,3.7757747030325457,88,131196656
lulc_00619,lulc,237,0,water,harbour,0.6798773871527778,0.6798773871527778,0.0,0.013292100694444444,0.3068305121527778,0.0,1.4866424115929755,1.9794177165673972,0.5829118574136689,8.769238373059226,92,1707123649
lulc_00620,lulc,218,4,cropland,farmland,0.7864583333333334,0.0,0.21354166666666666,0.0,0.0,0.7864583333333334,0.6942792816102175,1.5821468222415787,0.36151270174713834,1.0516061637266185,55,626059467
lulc_00621,lulc,230,3,barren,urban_grid,1.0,0.0,0.0,0.0,1.0,0.0,0.7033726892850599,1.901074420473778,2.4498703676975886,4.283040024715813,52,914770418
lulc_00622,lulc,221,4,cropland,river_delta,1.0,0.0,0.0,0.0,0.0,1.0,1.8544078713279548,2.01215889885363,1.8993910600392523,0.15561845994029389,72,21538870
lulc_00623,lulc,211,3,barren,quarry,0.9228244357638888,0.0771755642361111,0.0,0.0,0.9228244357638888,0.0,1.9958300746435627,2.315777101327186,1.2659605636605777,11.738033214996605,95,523453004
lulc_00624,lulc,220,2,built_up,urban_grid,0.9196506076388888,0.0,0.029161241319444444,0.9196506076388888,0.051188151041666664,0.0,1.7273757355924135,1.1253502944603007,1.5370486402505499,4.602199295860959,69,29335540
lulc_00625,lulc,217,0,water,harbour,1.0,1.0,0.0,0.0,0.0,0.0,2.376236242666358,1.6975953745230195,1.7571346681649953,2.632642838840919,63,1948525162
lulc_00626,lulc,231,4,cropland,farmland,0.7919650607638888,0.0,0.0,0.2080349392361111,0.0,0.7919650607638888,0.6280877645810172,1.777668970803815,0.20848173500498235,8.555359015110046,63,657230223
lulc_00627,lulc,219,3,barren,river_delta,1.0,0.0,0.0,0.0,1.0,0.0,1.4853362027719008,1.0672348753010312,2.7906606962820546,9.343580495063941,91,387174136
lulc_00628,lulc,214,3,barren,quarry,0.6526150173611112,0.10175238715277778,0.0,0.2456325954861111,0.6526150173611112,0.0,1.4294784106409937,2.2035507365030917,3.1054875932794226,5.057820772064299,77,665851336
lulc_00629,lulc,228,3,barren,river_delta,0.7065700954861112,0.014621310763888888,0.028537326388888888,0.0,0.7065700954861112,0.2502712673611111,0.8845094094643244,1.900264406132686,1.4982211499186067,5.237078719763426,73,1565577627
lulc_00630,lulc,239,4,cropland,farmland,1.0,0.0,0.0,0.0,0.0,1.0,2.3968451227092715,1.7223368029620416,2.253467249701089,10.744639368728834,53,1121127407
lulc_00631,lulc,235,3,barren,urban_grid,0.7001139322916666,0.0,0.2998860677083333,0.0,0.7001139322916666,0.0,1.5479412026574884,1.1256018232893235,2.873136392979792,11.009443191400115,82,522605832
lulc_00632,lulc,224,0,water,river_delta,1.0,1.0,0.0,0.0,0.0,0.0,1.9759181211366363,2.0434954661088582,0.8382712479961142,0.7567462070821351,64,1397141340
lulc_00633,lulc,216,2,built_up,urban_grid,0.7665473090277778,0.0,0.2334526909722222,0.7665473090277778,0.0,0.0,1.1388463118761742,2.303914212141498,2.5348602580030093,0.38917238729018644,92,963988180
lulc_00634,lulc,236,4,cropland,farmland,1.0,0.0,0.0,0.0,0.0,1.0,1.3931228761136654,2.3934979778237224,2.913450868774843,0.5437150232024468,46,806835838
lulc_00635,lulc,221,2,built_up,urban_grid,1.0,0.0,0.0,1.0,0.0,0.0,2.3996774141568595,1.3370861945525039,2.491948136290076,11.051853415131085,93,1920550300
lulc_00636,lulc,214,2,built_up,quarry,0.6755913628472222,0.3244086371527778,0.0,0.6755913628472222,0.0,0.0,0.9513092431907119,1.8224695977931749,1.803647035640428,4.750948314013941,93,1170238767
lulc_00637,lulc,226,4,cropland,farmland,0.9194064670138888,0.025092230902777776,0.034586588541666664,0.020914713541666668,0.0,0.9194064670138888,1.5252579098882117,2.003268517676676,0.1005477490300867,7.845492693285642,78,1002819917
lulc_00638,lulc,213,4,cropland,farmland,1.0,0.0,0.0,0.0,0.0,1.0,0.9050796044008204,2.2749949023472245,0.05828897803129063,5.42564491812791,59,1614513458
lulc_00639,lulc,223,3,barren,quarry,0.6536729600694444,0.13514539930555555,0.08314344618055555,0.12803819444444445,0.6536729600694444,0.0,1.8503234764766243,1.2631887656613725,3.097443712983783,11.04411858623117,85,558270133
lulc_00640,lulc,224,0,water,harbour,1.0,1.0,0.0,0.0,0.0,0.0,0.7085663078657415,1.475760269914099,2.743877848902507,1.4828744260955964,62,2018488077
lulc_00641,lulc,231,4,cropland,farmland,0.8883463541666666,0.016954210069444444,0.08648003472222222,0.008219401041666666,0.0,0.8883463541666666,0.7746143784833065,0.8003193259751884,0.9969091757337246,1.8057162523501953,71,408210814
lulc_00642,lulc,214,0,water,river_delta,0.8685980902777778,0.8685980902777778,0.1314019097222222,0.0,0.0,0.0,1.018507472812062,0.6247817948754795,2.1354898061717305,4.748080831589336,81,1970407309
lulc_00643,lulc,239,3,barren,quarry,0.893798828125,0.036214192708333336,0.06998697916666667,0.0,0.893798828125,0.0,0.7614937964235763,1.957049262292943,1.3268251791091155,7.646209338407479,68,1733262131
lulc_00644,lulc,235,4,cropland,farmland,0.9588216145833334,0.0,0.041178385416666664,0.0,0.0,0.9588216145833334,1.0494365763956655,0.7257826710036684,1.6828911216595965,11.318751455689101,59,420394688
lulc_00645,lulc,218,4,cropland,farmland,1.0,0.0,0.0,0.0,0.0,1.0,0.9595790517066829,0.6051671116102739,2.523156082780264,3.7243453697456985,82,344862392
lulc_00646,lulc,224,1,vegetation,quarry,0.8171657986111112,0.15806749131944445,0.8171657986111112,0.012152777777777778,0.012613932291666666,0.0,1.306525063711007,2.336971942246809,1.397589084471617,11.303982598618274,64,1351899966
lulc_00647,lulc,231,3,barren,quarry,1.0,0.0,0.0,0.0,1.0,0.0,2.068474825193187,1.882702696153336,3.0451602260288273,9.346178379205428,87,407137098
lulc_00648,lulc,229,2,built_up,urban_grid,0.8946397569444444,0.0,0.1013454861111111,0.8946397569444444,0.004014756944444444,0.0,1.0996884893627998,0.9608406432168555,2.615585456319524,6.713944229084767,94,1678754525
lulc_00649,lulc,217,3,barren,urban_grid,0.7368435329861112,0.0,0.0,0.2631564670138889,0.7368435329861112,0.0,0.8181899463046987,1.664469594762906,2.7682037844730885,8.239599395863866,84,1672145914
lulc_00650,lulc,231,1,vegetation,farmland,1.0,0.0,1.0,0.0,0.0,0.0,1.8660337103493596,0.7579847176810968,0.2905909656529224,0.13247288303422122,45,1353519972
lulc_00651,lulc,214,1,vegetation,river_delta,1.0,0.0,1.0,0.0,0.0,0.0,0.9092534934631435,1.1614171184465056,1.9744629929169628,1.266252000083096,89,2089261563
lulc_00652,lulc,217,1,vegetation,farmland,1.0,0.0,1.0,0.0,0.0,0.0,2.2280243315607313,1.4145837582961927,2.066427717461046,9.110716801987833,75,1333998936
lulc_00653,lulc,234,0,water,harbour,0.7354329427083334,0.7354329427083334,0.0,0.22154405381944445,0.043023003472222224,0.0,2.185856109593112,1.753071421172776,2.5851792636942776,11.579245341229877,51,2108872132
lulc_00654,lulc,211,1,vegetation,farmland,0.9080674913194444,0.0,0.9080674913194444,0.09193250868055555,0.0,0.0,2.2102149482482303,1.8261457410964508,1.5319169549669844,10.844288086456961,69,502373588
lulc_00655,lulc,220,3,barren,quarry,0.8988444010416666,0.0,0.0,0.10115559895833333,0.8988444010416666,0.0,0.8540985552782929,1.917629002697419,0.7585161809349958,4.035768767154696,71,1321273297
lulc_00656,lulc,213,1,vegetation,quarry,0.8043077256944444,0.03835720486111111,0.8043077256944444,0.15733506944444445,0.0,0.0,1.0399977135810592,0.6287581997264333,1.1869184915451363,3.0553406145010555,46,157400111
lulc_00657,lulc,214,1,vegetation,river_delta,1.0,0.0,1.0,0.0,0.0,0.0,0.8884461425975105,2.372550842747868,1.6993001195716306,3.1051130588061895,85,1744664070
lulc_00658,lulc,221,1,vegetation,quarry,0.8972710503472222,0.06114366319444445,0.8972710503472222,0.0,0.041585286458333336,0.0,0.6235388686306276,1.2100220404034774,1.5138547143747927,3.008504199986072,61,1459750830
lulc_00659,lulc,231,3,barren,urban_grid,1.0,0.0,0.0,0.0,1.0,0.0,2.340701217802241,1.8849850390626486,2.829985425516514,6.609564669593631,80,1187997928
lulc_00660,lulc,238,3,barren,quarry,0.6812065972222222,0.057210286458333336,0.030354817708333332,0.2312282986111111,0.6812065972222222,0.0,0.9984590815538941,2.142363200828878,1.0749451657011644,2.146807019853334,72,945292909
lulc_00661,lulc,215,3,barren,quarry,1.0,0.0,0.0,0.0,1.0,0.0,1.2831518824942378,1.1731412187138406,0.5123533770461657,9.436886329426954,76,700694781
lulc_00662,lulc,219,0,water,river_delta,0.74609375,0.74609375,0.020670572916666668,0.0,0.23323567708333334,0.0,0.8204512777462969,1.38588368211086,2.6737559656326773,7.426906673637118,69,655204756
lulc_00663,lulc,220,4,cropland,river_delta,0.6897786458333334,0.21687825520833334,0.0,0.0,0.09334309895833333,0.6897786458333334,0.7414405089255732,0.9736734290984874,0.03897929598696911,4.431512299050694,92,1980906686
lulc_00664,lulc,210,2,built_up,urban_grid,0.8486870659722222,0.0,0.0783420138888889,0.8486870659722222,0.0729709201388889,0.0,0.764910422913496,1.3536792455862527,2.8671479283364865,2.6626187789245392,73,1330697636
lulc_00665,lulc,217,2,built_up,urban_grid,0.9128689236111112,0.0,0.0871310763888889,0.9128689236111112,0.0,0.0,1.801688183539191,1.9829324668032884,2.192859415942938,8.584055573914242,84,452210032
lulc_00666,lulc,226,0,water,harbour,0.9519314236111112,0.9519314236111112,0.0,0.006320529513888889,0.041748046875,0.0,2.206740214735135,0.7659035976563331,2.810747181300886,10.928546940231792,79,1822230923
lulc_00667,lulc,228,0,water,river_delta,1.0,1.0,0.0,0.0,0.0,0.0,1.5448690620606373,2.1576508597398574,1.530240893023263,9.548897983713445,76,1386758519
lulc_00668,lulc,216,0,water,harbour,1.0,1.0,0.0,0.0,0.0,0.0,1.1479987001661172,0.6259988653775067,0.20301593413572272,11.168939421724719,45,165294918
lulc_00669,lulc,239,2,built_up,harbour,1.0,0.0,0.0,1.0,0.0,0.0,2.2378948951088837,1.7850166165367773,2.5580584265772854,2.6197260723205025,71,733656442
lulc_00670,lulc,227,0,water,river_delta,0.7342664930555556,0.7342664930555556,0.050971137152777776,0.0,0.0937228732638889,0.12103949652777778,1.1393329358463822,1.9758321023480403,1.8859249647536696,3.0694240581104735,95,710373657
lulc_00671,lulc,218,0,water,river_delta,0.7967393663194444,0.7967393663194444,0.0,0.0,0.05908203125,0.14417860243055555,2.2593844871260247,1.2104456283176703,0.4810206295521683,8.752943999104824,83,745604637
lulc_00672,lulc,211,3,barren,quarry,0.9049750434027778,0.029378255208333332,0.030734592013888888,0.034912109375,0.9049750434027778,0.0,1.150936233150504,2.02008520825468,2.7288479852508933,7.227057086388074,59,1174358726
lulc_00673,lulc,227,3,barren,quarry,0.7920735677083334,0.20792643229166666,0.0,0.0,0.7920735677083334,0.0,0.7268461680651385,0.6530370126488155,0.22765445546226196,7.195937839681209,94,1369263868
lulc_00674,lulc,231,3,barren,urban_grid,0.8825954861111112,0.0,0.012722439236111112,0.10468207465277778,0.8825954861111112,0.0,1.305199016986413,0.6787464199266061,3.1180376398251393,0.21313045276075293,54,1377388401
lulc_00675,lulc,234,3,barren,quarry,1.0,0.0,0.0,0.0,1.0,0.0,2.1183424416120626,2.078201295642181,2.1955059099385696,5.880688193828815,60,443100815
lulc_00676,lulc,211,4,cropland,farmland,0.6595323350694444,0.029649522569444444,0.06103515625,0.2497829861111111,0.0,0.6595323350694444,1.6580266143139433,1.0483734360006818,2.288272153535764,7.056131449304955,94,1909409464
lulc_00677,lulc,220,4,cropland,river_delta,0.6287434895833334,0.0390625,0.3321940104166667,0.0,0.0,0.6287434895833334,1.4226216238492282,1.0095539500274926,2.838291977759779,6.683381235418652,90,511523725
lulc_00678,lulc,221,4,cropland,farmland,0.7004665798611112,0.2995334201388889,0.0,0.0,0.0,0.7004665798611112,2.197696738312932,0.7199226197163061,1.343966695720258,11.52293570674496,94,1251370877
lulc_00679,lulc,236,4,cropland,river_delta,0.7634548611111112,0.11973741319444445,0.0,0.0,0.11680772569444445,0.7634548611111112,2.219022968117495,1.6971848137927465,0.5180103528245118,8.40998919100877,47,1842532944
lulc_00680,lulc,218,2,built_up,urban_grid,1.0,0.0,0.0,1.0,0.0,0.0,2.1576948662005306,0.8312774435248793,3.1061603412291277,8.927349218365633,65,955864798
lulc_00681,lulc,210,1,vegetation,urban_grid,0.6329481336805556,0.0,0.6329481336805556,0.3670518663194444,0.0,0.0,0.8329933556185016,0.790473376965535,0.7352786924230975,8.409495776985581,82,2003872046
lulc_00682,lulc,229,2,built_up,urban_grid,0.7835015190972222,0.0,0.2164984809027778,0.7835015190972222,0.0,0.0,1.4133181797968026,1.736196493018542,0.8340454130548117,10.039511984138382,82,118966787
lulc_00683,lulc,215,1,vegetation,river_delta,0.9481608072916666,0.0,0.9481608072916666,0.0,0.0,0.051839192708333336,1.0775575485007962,2.013594546194867,0.01971573625313185,6.343030015730026,50,1973217689
lulc_00684,lulc,222,3,barren,quarry,0.8748101128472222,0.026719835069444444,0.029351128472222224,0.0691189236111111,0.8748101128472222,0.0,1.834495475453235,0.9754029905524167,2.1967327882618073,11.080212325626231,83,1292213023
lulc_00685,lulc,220,2,built_up,quarry,0.833251953125,0.0,0.0,0.833251953125,0.166748046875,0.0,0.8170666485022853,0.6271116846441119,2.930705296986622,7.962230208621278,56,356698625
lulc_00686,lulc,229,1,vegetation,urban_grid,1.0,0.0,1.0,0.0,0.0,0.0,1.0166066858387892,2.2215523506574497,2.314453168619568,3.135818129887094,50,1551966858
lulc_00687,lulc,233,2,built_up,urban_grid,0.8050401475694444,0.0,0.0881076388888889,0.8050401475694444,0.10685221354166667,0.0,0.6128983547467579,1.5145308510934008,2.8587849963080427,2.3084659646971875,47,638878263
lulc_00688,lulc,236,3,barren,quarry,0.6244303385416666,0.0,0.023817274305555556,0.3517523871527778,0.6244303385416666,0.0,1.7541929100036913,1.300360281769724,2.8055162713366544,8.33402571114268,67,704259571
lulc_00689,lulc,222,0,water,harbour,0.7338324652777778,0.7338324652777778,0.0,0.19930013020833334,0.0668674045138889,0.0,1.1532622934630599,1.0880114723000267,2.409593351156873,1.4749147768545914,53,458156435
lulc_00690,lulc,233,4,cropland,farmland,0.9397515190972222,0.04201931423611111,0.012993706597222222,0.005235460069444444,0.0,0.9397515190972222,1.2291743765609588,1.8494332558019684,1.102023928855426,9.39472161229697,93,215427233
lulc_00691,lulc,234,0,water,river_delta,0.9145779079861112,0.9145779079861112,0.0,0.0,0.0854220920138889,0.0,2.287357112318675,1.4288382836101832,0.9732240992402514,0.901786695999133,51,161145435
lulc_00692,lulc,210,1,vegetation,river_delta,0.8634982638888888,0.1365017361111111,0.8634982638888888,0.0,0.0,0.0,1.045294043788517,2.2190554659799586,2.734772704353594,4.917451684899458,69,1474399165
lulc_00693,lulc,229,0,water,harbour,0.8413628472222222,0.8413628472222222,0.0,0.022488064236111112,0.13614908854166666,0.0,1.0859866841338843,1.3237127213677238,2.06299445662514,6.983758983018575,50,863704533
lulc_00694,lulc,210,3,barren,river_delta,0.8128526475694444,0.18714735243055555,0.0,0.0,0.8128526475694444,0.0,1.9193413009914875,1.6613536978590338,0.917223916443142,3.04499803881596,46,1051560287
lulc_00695,lulc,225,1,vegetation,river_delta,0.9152289496527778,0.06100802951388889,0.9152289496527778,0.0,0.023763020833333332,0.0,1.9831330251015071,0.7481097300772144,3.0780469604428013,11.09215659398977,89,1117179946
lulc_00696,lulc,233,3,barren,river_delta,0.7679850260416666,0.0,0.23201497395833334,0.0,0.7679850260416666,0.0,1.1837132741060867,2.266372524174858,3.0472102753929993,0.2622342485051976,64,1670212378
lulc_00697,lulc,222,3,barren,river_delta,0.6798773871527778,0.0695529513888889,0.2219780815972222,0.0,0.6798773871527778,0.028591579861111112,2.1053534305421118,1.046210172721488,2.948816588404735,8.184310550064332,60,399546178
lulc_00698,lulc,221,1,vegetation,farmland,0.838623046875,0.03331163194444445,0.838623046875,0.057562934027777776,0.0,0.07050238715277778,1.1208606607746288,1.145240269651387,3.024653657394684,3.3563916931627347,65,709741522
lulc_00699,lulc,219,0,water,river_delta,0.8620876736111112,0.8620876736111112,0.0,0.0,0.0864529079861111,0.051459418402777776,0.6512693427631941,1.0514770499935708,2.924686347111724,10.854768354482522,76,328849795
lulc_00700,lulc,233,1,vegetation,farmland,0.7396104600694444,0.06998697916666667,0.7396104600694444,0.15953233506944445,0.0,0.030870225694444444,1.737464043152512,2.0505548837793492,2.8261172866283757,8.525873176668629,61,258105121
lulc_00701,lulc,231,2,built_up,urban_grid,0.7613118489583334,0.0,0.2231716579861111,0.7613118489583334,0.015516493055555556,0.0,1.3564929112666342,1.8415901145528246,2.9090418994797407,0.9541368058945809,89,749363812
lulc_00702,lulc,234,1,vegetation,urban_grid,1.0,0.0,1.0,0.0,0.0,0.0,0.9530080089960671,1.7825444294410273,0.49840521742096644,10.410061778213219,80,1468890697
lulc_00703,lulc,231,3,barren,urban_grid,0.7928873697916666,0.0,0.0,0.20711263020833334,0.7928873697916666,0.0,2.179936443408345,2.0224322432331476,3.0521278996429917,9.693684541825418,89,2001945239
lulc_00704,lulc,239,1,vegetation,urban_grid,1.0,0.0,1.0,0.0,0.0,0.0,1.2554567247239399,1.9329939272023116,1.879134248848382,1.4325278147052791,85,1122190937
lulc_00705,lulc,220,1,vegetation,urban_grid,0.8468695746527778,0.0,0.8468695746527778,0.1531304253472222,0.0,0.0,1.471729615335009,2.3036181505137643,0.531863899529536,3.940713235312635,53,432863565
lulc_00706,lulc,229,3,barren,quarry,0.59228515625,0.03309461805555555,0.0,0.3746202256944444,0.59228515625,0.0,1.034800774117737,1.3308543304827163,2.335147941303159,1.0942895769047878,87,1793732611
lulc_00707,lulc,239,2,built_up,urban_grid,1.0,0.0,0.0,1.0,0.0,0.0,0.9157864286772084,1.1720549142117318,1.3571591377281738,9.260730442495966,66,143805453
lulc_00708,lulc,225,0,water,river_delta,0.8282877604166666,0.8282877604166666,0.17171223958333334,0.0,0.0,0.0,1.2792438564240585,2.1556242731433373,2.446446134343323,10.71827597527785,48,190783403
lulc_00709,lulc,234,0,water,river_delta,0.7430013020833334,0.7430013020833334,0.1672634548611111,0.0,0.0,0.08973524305555555,1.7739004196932155,1.8842960813344156,0.8527480142503502,7.984040571175685,75,563136923
lulc_00710,lulc,212,4,cropland,river_delta,0.754150390625,0.0,0.21061197916666666,0.0,0.035237630208333336,0.754150390625,0.823976618384036,0.9725954869906688,1.1728103416135027,5.8757322954047435,78,642995142
lulc_00711,lulc,216,0,water,river_delta,0.7372233072916666,0.7372233072916666,0.0,0.0,0.0,0.2627766927083333,1.4962599302548059,1.5178814769668878,1.7603395545321683,5.475950696926229,79,1140955621
lulc_00712,lulc,210,0,water,river_delta,1.0,1.0,0.0,0.0,0.0,0.0,1.394170941648144,1.04981481051836,3.0250530447495243,5.9385539241924,94,1218091877
lulc_00713,lulc,238,1,vegetation,river_delta,0.72314453125,0.27685546875,0.72314453125,0.0,0.0,0.0,1.5659424050713315,1.386993131480101,0.8389964803029146,7.829817145476216,73,1792739425
lulc_00714,lulc,235,4,cropland,farmland,0.6763509114583334,0.05946180555555555,0.08062065972222222,0.1835666232638889,0.0,0.6763509114583334,2.2043590822779078,2.3011644031480514,1.3241179158566523,3.057074501854695,52,468043314
lulc_00715,lulc,229,0,water,quarry,0.7266167534722222,0.7266167534722222,0.2733832465277778,0.0,0.0,0.0,1.012073209893182,1.8381633827568602,0.974385824218934,1.5896543487369583,71,652932465
lulc_00716,lulc,235,0,water,harbour,0.7670627170138888,0.7670627170138888,0.0,0.21034071180555555,0.022596571180555556,0.0,0.8315367483279945,1.0271869020512205,1.8200890416796265,10.25584419991808,63,1409368208
lulc_00717,lulc,232,1,vegetation,farmland,0.8642578125,0.028700086805555556,0.8642578125,0.011583116319444444,0.0,0.095458984375,1.8549169049179497,0.9852304531582268,0.4142012107779705,1.560167383796133,48,376398427
lulc_00718,lulc,230,2,built_up,urban_grid,0.7999131944444444,0.0,0.20008680555555555,0.7999131944444444,0.0,0.0,2.0344836636434493,1.1512710840007316,0.1187873464579749,7.942145121193722,78,760792231
lulc_00719,lulc,212,4,cropland,farmland,0.917236328125,0.0,0.022569444444444444,0.06019422743055555,0.0,0.917236328125,0.6160829992216095,1.8121398914333287,0.013063635907758062,3.8154886200504268,74,32449061
lulc_00720,lulc,227,2,built_up,urban_grid,0.6242133246527778,0.0,0.0,0.6242133246527778,0.3757866753472222,0.0,0.6964702621526666,1.1652412199646949,2.4082194239458103,11.868743780859095,62,863266497
lulc_00721,lulc,221,1,vegetation,farmland,0.5725640190972222,0.016384548611111112,0.5725640190972222,0.3100857204861111,0.0,0.10096571180555555,0.8432645832912864,2.358516944552746,1.278064915660039,9.51971810652228,48,1967991900
lulc_00722,lulc,223,4,cropland,farmland,1.0,0.0,0.0,0.0,0.0,1.0,1.6790287765484164,0.7195097080391543,1.5844179748131346,11.192749378753142,90,1234865632
lulc_00723,lulc,210,0,water,river_delta,0.8541937934027778,0.8541937934027778,0.0981716579861111,0.0,0.0008680555555555555,0.04676649305555555,1.5399554061749479,1.3048750101706859,1.1859434501856958,5.2537804769484735,46,821946037
lulc_00724,lulc,218,2,built_up,urban_grid,1.0,0.0,0.0,1.0,0.0,0.0,1.6903468594114464,1.014909517949207,2.450364292208649,9.379528415792528,57,1878836102
lulc_00725,lulc,216,2,built_up,harbour,0.9754774305555556,0.024522569444444444,0.0,0.9754774305555556,0.0,0.0,2.1260252314991814,1.1929304297802708,2.642637050083799,4.405280833777991,50,1135596306
lulc_00726,lulc,233,4,cropland,farmland,1.0,0.0,0.0,0.0,0.0,1.0,1.2629942939481391,0.850773942714291,1.2335387603432972,5.624481978381004,58,1001408563
lulc_00727,lulc,238,3,barren,quarry,0.9609375,0.0,0.0390625,0.0,0.9609375,0.0,1.7570409919395145,1.9446942709290278,1.5154701156714918,7.228170078097861,78,1948090550
lulc_00728,lulc,221,4,cropland,farmland,0.6841905381944444,0.06363932291666667,0.1025661892361111,0.1496039496527778,0.0,0.6841905381944444,2.0196526669646837,1.0293271950886136,2.376614718005888,2.621424561148927,49,2066385788
lulc_00729,lulc,234,3,barren,urban_grid,0.7763400607638888,0.0,0.0,0.2236599392361111,0.7763400607638888,0.0,2.176100516639396,1.7622933357245385,2.9148384364875994,1.756100135335041,66,1712174898
lulc_00730,lulc,220,3,barren,river_delta,0.900390625,0.08946397569444445,0.0013563368055555555,0.0,0.900390625,0.0087890625,0.6973364748436828,0.7691614724784058,0.21809793217331325,5.154741664763255,60,1372921814
lulc_00731,lulc,226,2,built_up,urban_grid,0.6512858072916666,0.0,0.08528645833333333,0.6512858072916666,0.263427734375,0.0,1.6395961525029756,1.1655683799419791,2.395479372092051,10.26777947514622,63,1206187558
lulc_00732,lulc,217,4,cropland,farmland,0.8752170138888888,0.10107421875,0.0,0.023708767361111112,0.0,0.8752170138888888,2.058970399361923,1.249677606617809,0.4590523453300952,6.487435092686617,59,1540338696
lulc_00733,lulc,227,0,water,river_delta,1.0,1.0,0.0,0.0,0.0,0.0,1.063286327979091,1.665593495980747,3.049387531348939,7.596192099904057,46,460288803
lulc_00734,lulc,218,2,built_up,urban_grid,1.0,0.0,0.0,1.0,0.0,0.0,1.6845432667600337,1.0825812825378174,0.009523615517291008,0.1595601547103933,75,1762110744
lulc_00735,lulc,223,0,water,harbour,0.6671278211805556,0.6671278211805556,0.0,0.3328721788194444,0.0,0.0,1.5986549582534315,0.6491912107090653,2.502052971691207,5.993952546253516,73,1600627651
lulc_00736,lulc,233,3,barren,quarry,0.8759494357638888,0.0,0.014756944444444444,0.10929361979166667,0.8759494357638888,0.0,0.8032876078803842,2.326627204670334,3.011858175467181,2.2374508155600252,88,1944055587
lulc_00737,lulc,221,1,vegetation,farmland,0.6423882378472222,0.1865776909722222,0.6423882378472222,0.17103407118055555,0.0,0.0,1.4621175034954743,1.671897861274024,0.29022484332083487,9.742207593243654,77,1671388342
lulc_00738,lulc,232,3,barren,quarry,1.0,0.0,0.0,0.0,1.0,0.0,1.4847944926954457,1.7214584081827549,1.8948251560242875,5.410149578209317,61,871520170
lulc_00739,lulc,233,1,vegetation,urban_grid,0.8809950086805556,0.0,0.8809950086805556,0.11406792534722222,0.004937065972222222,0.0,0.8628407912839977,0.9204034700495172,2.37465935998754,5.1091276062400794,89,1335465173
lulc_00740,lulc,232,0,water,river_delta,1.0,1.0,0.0,0.0,0.0,0.0,1.6331875640966298,1.7828409170244606,0.17403365421129402,10.646062475111648,86,361085683
lulc_00741,lulc,223,4,cropland,farmland,0.9787326388888888,0.021267361111111112,0.0,0.0,0.0,0.9787326388888888,1.273217745396183,1.2205800017262196,2.3345270397701166,6.0857722526870885,81,1992517684
lulc_00742,lulc,222,1,vegetation,river_delta,0.6412489149305556,0.041910807291666664,0.6412489149305556,0.0,0.055257161458333336,0.2615831163194444,1.1359376690726748,1.1145081384454638,1.7201003032649373,7.191720717913572,88,1330050276
lulc_00743,lulc,231,4,cropland,farmland,0.7367892795138888,0.054036458333333336,0.18701171875,0.022162543402777776,0.0,0.7367892795138888,2.2168021273485112,2.333325013277621,3.1190652866485724,8.67268187646839,51,1112238729
lulc_00744,lulc,229,3,barren,urban_grid,0.6525336371527778,0.0,0.09163411458333333,0.2558322482638889,0.6525336371527778,0.0,0.9960527972934228,0.6426866067394099,2.599721478258314,6.951194832776507,81,739830368
lulc_00745,lulc,226,4,cropland,farmland,0.867919921875,0.06705729166666667,0.0,0.06502278645833333,0.0,0.867919921875,1.6911853869726294,1.9509832476379505,3.0176030759980508,2.433171475918271,65,1822409621
lulc_00746,lulc,217,0,water,harbour,0.7929958767361112,0.7929958767361112,0.0,0.2070041232638889,0.0,0.0,1.2837201973569985,2.169780850788422,2.9537667516699595,5.142280391954218,93,1329062360
lulc_00747,lulc,229,1,vegetation,urban_grid,1.0,0.0,1.0,0.0,0.0,0.0,0.7255155587516519,2.017863150615774,0.8201820534599165,3.838016910510814,76,228620409
lulc_00748,lulc,233,0,water,river_delta,0.6513671875,0.6513671875,0.24574110243055555,0.0,0.0,0.10289171006944445,1.749982838990026,0.6987464332281078,2.063312152642953,3.1119858180424806,93,242619862
lulc_00749,lulc,230,4,cropland,farmland,1.0,0.0,0.0,0.0,0.0,1.0,1.1235058401963691,1.522647387637552,0.040374856045440506,0.9395741080145688,54,491388689
lulc_00750,lulc,237,3,barren,quarry,1.0,0.0,0.0,0.0,1.0,0.0,1.1691002141616318,2.04949471873046,0.9846236564865337,1.9175969832157542,57,73768069
lulc_00751,lulc,231,3,barren,river_delta,0.8852810329861112,0.0,0.1147189670138889,0.0,0.8852810329861112,0.0,2.088392234490235,2.251966862446292,0.266515167536202,3.7454457455065753,77,251035518
lulc_00752,lulc,211,2,built_up,harbour,0.9294976128472222,0.05211046006944445,0.0,0.9294976128472222,0.018391927083333332,0.0,1.246334333174907,1.8271839680691548,1.4094738924542514,0.8187334156433774,82,952283415
lulc_00753,lulc,228,0,water,river_delta,0.6659613715277778,0.6659613715277778,0.1921929253472222,0.0,0.0,0.141845703125,1.156574365708978,1.7652218129229174,2.0307503230630872,9.53559252787456,55,193245639
lulc_00754,lulc,228,4,cropland,farmland,0.7609049479166666,0.05154079861111111,0.0840115017361111,0.1035427517361111,0.0,0.7609049479166666,2.060227563574773,1.5355515874895982,1.632772448255392,9.763916516938163,54,1275777036
lulc_00755,lulc,228,1,vegetation,river_delta,0.6651746961805556,0.042805989583333336,0.6651746961805556,0.0,0.09117296006944445,0.20084635416666666,0.7961394326112158,1.8919332501552244,1.3055275553248276,5.835277421843992,88,782556021
lulc_00756,lulc,213,3,barren,quarry,1.0,0.0,0.0,0.0,1.0,0.0,1.690167023973809,1.003540019833049,0.39196695462177505,3.9918022265846274,75,1167310927
lulc_00757,lulc,233,4,cropland,farmland,1.0,0.0,0.0,0.0,0.0,1.0,1.9333003945306388,0.898130656418096,0.735038992907244,11.586955797994683,66,1034947990
lulc_00758,lulc,215,4,cropland,farmland,1.0,0.0,0.0,0.0,0.0,1.0,0.897880898295192,0.7418385556661434,2.387906632962797,8.199477151512827,65,1572930132
lulc_00759,lulc,226,0,water,harbour,1.0,1.0,0.0,0.0,0.0,0.0,0.7554532371720382,1.5593434115366818,1.9569245697400746,1.4585118703085693,69,1729368022
lulc_00760,lulc,220,4,cropland,farmland,0.8715277777777778,0.12825520833333334,0.00021701388888888888,0.0,0.0,0.8715277777777778,0.7822176420285482,0.8412635728118452,0.8099147800781225,9.541246890685397,46,1659757459
lulc_00761,lulc,210,1,vegetation,farmland,0.7432725694444444,0.0,0.7432725694444444,0.0,0.0,0.2567274305555556,2.145250437546441,0.6506963525306263,2.7616439585615438,1.0619390962073592,91,1445720760
lulc_00762,lulc,223,4,cropland,farmland,0.8199869791666666,0.12285698784722222,0.021050347222222224,0.03610568576388889,0.0,0.8199869791666666,0.6896461657322575,1.601629587715943,0.5085368366201053,3.4834470752120925,61,490865063
lulc_00763,lulc,216,0,water,harbour,0.9528537326388888,0.9528537326388888,0.0,0.041422526041666664,0.005723741319444444,0.0,1.2573113279412196,1.3079121088015144,0.4789726394635089,1.3249886986525308,94,1649370057
lulc_00764,lulc,231,3,barren,quarry,0.9305013020833334,0.06483289930555555,0.004665798611111111,0.0,0.9305013020833334,0.0,1.149472148190133,2.2674186074548355,1.6239011476323943,11.697759728268416,74,1630636208
lulc_00765,lulc,222,1,vegetation,river_delta,0.9128689236111112,0.0,0.9128689236111112,0.0,0.045166015625,0.04196506076388889,0.666441647672926,2.323589349599346,2.8776370224421344,6.842142111341616,75,226661078
lulc_00766,lulc,214,2,built_up,harbour,0.7948947482638888,0.0752224392361111,0.0,0.7948947482638888,0.1298828125,0.0,1.3301198540662287,0.8990320106196951,0.7459581208247559,10.627064847061376,80,228889993
lulc_00767,lulc,234,4,cropland,farmland,1.0,0.0,0.0,0.0,0.0,1.0,0.8357921898799883,2.033366382629472,2.75125805862999,6.70223524133991,92,233411675
lulc_00768,lulc,217,3,barren,river_delta,0.6733127170138888,0.016574435763888888,0.1328125,0.0,0.6733127170138888,0.1773003472222222,1.2818653507682831,1.053054110151108,2.685230157737032,9.830768382711232,88,1427615396
lulc_00769,lulc,234,2,built_up,harbour,1.0,0.0,0.0,1.0,0.0,0.0,2.2866392457166334,0.7779773575457972,1.0158676793671957,10.677891479753058,76,493672637
lulc_00770,lulc,219,4,cropland,farmland,0.8955891927083334,0.09141710069444445,0.0,0.012993706597222222,0.0,0.8955891927083334,0.9198499842502088,1.0601231149601498,2.552376551641156,0.9576551037618186,61,2124443834
lulc_00771,lulc,218,0,water,harbour,0.8964572482638888,0.8964572482638888,0.0,0.05992296006944445,0.043619791666666664,0.0,2.092947806168288,1.3463566515751855,2.6704390988146334,2.881211537964967,95,781118981
lulc_00772,lulc,217,4,cropland,farmland,0.8892144097222222,0.0,0.062418619791666664,0.04836697048611111,0.0,0.8892144097222222,2.3297064997894132,2.0530393344453275,0.06410948819369888,0.0320057973886283,63,967931913
lulc_00773,lulc,214,2,built_up,urban_grid,1.0,0.0,0.0,1.0,0.0,0.0,0.9529861593852471,1.2364154458788477,0.6003772450295302,10.135432961220298,69,1365262777
lulc_00774,lulc,238,0,water,harbour,0.6519368489583334,0.6519368489583334,0.0,0.3480631510416667,0.0,0.0,1.5401837163567853,2.137028380727047,2.7116362795734608,0.5180844004534744,93,802063816
lulc_00775,lulc,231,1,vegetation,farmland,0.6172417534722222,0.0,0.6172417534722222,0.3827582465277778,0.0,0.0,1.5709253034615749,1.3201911291999355,1.183508368798831,7.0669698823355525,74,914295614
lulc_00776,lulc,230,3,barren,river_delta,0.8483344184027778,0.0,0.0,0.0,0.8483344184027778,0.1516655815972222,1.1323583015081167,2.0638324339639924,2.4894654977128408,8.682992768989546,87,1943411812
lulc_00777,lulc,234,1,vegetation,farmland,0.7089572482638888,0.1364203559027778,0.7089572482638888,0.0,0.0,0.15462239583333334,2.086066977506466,1.3286223526360355,0.4932944358191315,3.735697126340869,85,860806896
lulc_00778,lulc,212,2,built_up,quarry,0.8071017795138888,0.0,0.1928982204861111,0.8071017795138888,0.0,0.0,1.7077585257154122,1.0074693905255936,2.0895687425684533,0.4326016825972485,93,1447648273
lulc_00779,lulc,235,0,water,river_delta,0.7240939670138888,0.7240939670138888,0.05783420138888889,0.0,0.0651584201388889,0.15291341145833334,1.3367676608072172,1.3342324489016693,1.8006199119231456,6.66352872160663,83,2023744235
lulc_00780,lulc,220,3,barren,river_delta,0.9048936631944444,0.0,0.014133029513888888,0.0,0.9048936631944444,0.08097330729166667,1.8324281983439974,0.9349585438902028,2.3513381115900223,5.707481252167846,52,310033452
lulc_00781,lulc,234,1,vegetation,urban_grid,0.8486870659722222,0.0,0.8486870659722222,0.14558919270833334,0.005723741319444444,0.0,2.164086172067024,0.8662601372499454,1.6868233073004006,3.393814475351378,94,687222595
lulc_00782,lulc,225,2,built_up,urban_grid,0.7750651041666666,0.0,0.1884765625,0.7750651041666666,0.036458333333333336,0.0,2.2272824361068455,0.7377076442359048,1.0269441179676286,2.2722395980092585,87,1468952565
lulc_00783,lulc,229,3,barren,quarry,0.7909071180555556,0.11810980902777778,0.030870225694444444,0.060112847222222224,0.7909071180555556,0.0,1.8411193125182312,0.6631154607868011,0.9094204764273593,2.4266531483263485,62,736252591
lulc_00784,lulc,210,2,built_up,urban_grid,0.9321831597222222,0.0,0.0,0.9321831597222222,0.06781684027777778,0.0,1.6873916460243112,1.7769374505259257,0.19797159525334468,3.2329344479575535,55,296129793
lulc_00785,lulc,237,4,cropland,river_delta,0.8726942274305556,0.03602430555555555,0.056803385416666664,0.0,0.034478081597222224,0.8726942274305556,1.1896803099513495,1.9947356237301679,1.5366027860762892,1.7363778393178366,85,794485213
lulc_00786,lulc,220,2,built_up,harbour,0.8770345052083334,0.049235026041666664,0.0,0.8770345052083334,0.07373046875,0.0,0.9341403928844991,2.1187037067208423,2.883023324726101,2.196659449084272,70,1119515503
lulc_00787,lulc,229,4,cropland,farmland,0.7459852430555556,0.2540147569444444,0.0,0.0,0.0,0.7459852430555556,1.505550564148807,0.7798885072341827,0.18977457711626877,3.0771086382492148,50,2060044014
lulc_00788,lulc,212,2,built_up,urban_grid,0.73193359375,0.0,0.0,0.73193359375,0.26806640625,0.0,0.7878807918020327,1.585370231106529,0.8891666836211436,2.886574354120434,74,1856891483
lulc_00789,lulc,225,0,water,river_delta,0.6661783854166666,0.6661783854166666,0.191650390625,0.0,0.0087890625,0.13338216145833334,0.8419038855359845,2.1656042706154324,0.9568496110140617,10.688153274386064,70,757107545
lulc_00790,lulc,238,0,water,river_delta,0.8085666232638888,0.8085666232638888,0.0,0.0,0.078369140625,0.1130642361111111,1.05679211107295,1.7006931110482753,2.9373462034380933,4.947262546408507,95,1711356927
lulc_00791,lulc,221,2,built_up,urban_grid,1.0,0.0,0.0,1.0,0.0,0.0,2.3491736062725677,1.5037248209779746,0.5954944191727616,5.281320720797114,45,1591028973
lulc_00792,lulc,224,3,barren,quarry,1.0,0.0,0.0,0.0,1.0,0.0,0.8353081237553113,1.7168667806153937,0.12808677318884573,11.003933249957772,49,1462734071
lulc_00793,lulc,224,4,cropland,farmland,0.7085232204861112,0.0,0.0,0.2914767795138889,0.0,0.7085232204861112,1.7644423007828416,1.8523996227131478,0.8768974207272222,10.423130619325866,79,1968476637
lulc_00794,lulc,234,0,water,harbour,0.6639539930555556,0.6639539930555556,0.0,0.09003363715277778,0.24601236979166666,0.0,1.8970507484771066,0.9730552106261412,2.6389880733588607,3.3589500664883936,68,591353383
lulc_00795,lulc,228,1,vegetation,river_delta,1.0,0.0,1.0,0.0,0.0,0.0,1.2574161460473032,1.6971671925789291,2.572547973382876,3.540740021066967,95,323247426
lulc_00796,lulc,215,3,barren,quarry,1.0,0.0,0.0,0.0,1.0,0.0,1.0470445650853049,0.7226293625946932,2.581224218009795,10.086547037447371,77,1086019192
lulc_00797,lulc,229,3,barren,quarry,0.890380859375,0.0361328125,0.0676540798611111,0.005832248263888889,0.890380859375,0.0,2.1332483269402918,0.9056019566120559,0.9759377019470182,1.8894407951916032,69,1549403016
lulc_00798,lulc,231,1,vegetation,river_delta,0.6555718315972222,0.2685546875,0.6555718315972222,0.0,0.011338975694444444,0.06453450520833333,1.7098172281958384,1.5461065525953548,2.0551686030721057,10.094848777916912,65,1695086478
lulc_00799,lulc,221,2,built_up,urban_grid,1.0,0.0,0.0,1.0,0.0,0.0,1.6336517078325592,1.1184013838948772,2.2869787290208103,3.448279050420147,89,1694487224
lulc_00800,lulc,224,0,water,quarry,0.9002278645833334,0.9002278645833334,0.07329644097222222,0.025526258680555556,0.0009494357638888889,0.0,1.841890719056051,0.9214084827159239,2.2834411415020175,2.235968430010684,95,1438086626
lulc_00801,lulc,213,2,built_up,urban_grid,0.7563747829861112,0.0,0.1040310329861111,0.7563747829861112,0.1395941840277778,0.0,1.432835011722882,1.1281042833406207,0.32972728283530495,8.952627374946871,77,411396912
lulc_00802,lulc,238,1,vegetation,river_delta,0.6518283420138888,0.0,0.6518283420138888,0.0,0.3481716579861111,0.0,1.5336644195010303,1.3030048603865902,0.18897131265226935,1.987430560609801,79,639967393
lulc_00803,lulc,232,0,water,river_delta,1.0,1.0,0.0,0.0,0.0,0.0,2.2114402084211555,2.0760052793391623,2.771749104444127,1.2255720780240282,87,489120792
lulc_00804,lulc,230,2,built_up,harbour,0.6323784722222222,0.0,0.0,0.6323784722222222,0.3676215277777778,0.0,1.7426299249171877,0.9718192083378778,2.708943923169475,8.815165458431132,52,2141623041
lulc_00805,lulc,216,2,built_up,urban_grid,0.6690538194444444,0.0,0.011447482638888888,0.6690538194444444,0.3194986979166667,0.0,1.773896619036675,2.3846864308127,2.957431338315191,5.8774619004555735,87,648085971
lulc_00806,lulc,237,2,built_up,harbour,0.786376953125,0.0,0.0,0.786376953125,0.213623046875,0.0,1.0221610379065071,1.425875232702446,2.8655937683391337,7.69937614563407,61,1111419608
lulc_00807,lulc,216,1,vegetation,quarry,1.0,0.0,1.0,0.0,0.0,0.0,0.6399060858864841,1.8886267449127598,0.8596787942631336,8.131764815035893,70,1751024396
lulc_00808,lulc,227,3,barren,urban_grid,0.7900661892361112,0.0,0.2099338107638889,0.0,0.7900661892361112,0.0,2.1735276306566433,1.382480370739719,0.6251903396126162,6.943541461755812,79,1531299520
lulc_00809,lulc,212,4,cropland,river_delta,1.0,0.0,0.0,0.0,0.0,1.0,1.2033644593225206,1.040972564881437,1.5019650877782147,7.004631934000812,50,1780424919
lulc_00810,lulc,233,2,built_up,urban_grid,0.9685601128472222,0.0,0.0,0.9685601128472222,0.031439887152777776,0.0,1.345811918622132,1.9108157449603027,1.8935497452294994,7.155425483335517,75,2108567873
lulc_00811,lulc,227,2,built_up,urban_grid,0.7387424045138888,0.0,0.23470052083333334,0.7387424045138888,0.026557074652777776,0.0,2.3524245119658653,1.7201944070496773,2.7284314370488607,6.246478617171647,93,1593550227
lulc_00812,lulc,233,0,water,river_delta,0.8742133246527778,0.8742133246527778,0.07462565104166667,0.0,0.0,0.05116102430555555,0.9711164803941992,2.3970415133425322,0.9514440434550423,10.056994568023057,83,1384813306
lulc_00813,lulc,210,4,cropland,farmland,0.6087510850694444,0.08192274305555555,0.012885199652777778,0.2964409722222222,0.0,0.6087510850694444,2.1007047611890504,1.4416003825090566,1.5349683993858063,5.9120223802530445,71,1983407898
lulc_00814,lulc,219,2,built_up,urban_grid,1.0,0.0,0.0,1.0,0.0,0.0,0.6955288420307069,2.219146102325689,1.3588189181716455,6.3602395401387914,81,1694442451
lulc_00815,lulc,217,1,vegetation,quarry,1.0,0.0,1.0,0.0,0.0,0.0,2.392518535672498,1.7564437753871576,2.663424021539971,6.21755993970638,47,1139110526
lulc_00816,lulc,222,0,water,river_delta,0.7979329427083334,0.7979329427083334,0.0,0.0,0.08002387152777778,0.1220431857638889,0.9068560491163757,2.3774825692034964,2.761661317565494,3.876811899161486,90,1138434519
lulc_00817,lulc,218,0,water,quarry,0.7011990017361112,0.7011990017361112,0.0,0.1859809027777778,0.1128200954861111,0.0,0.7190705866483813,1.7652467426873053,2.251165725169816,4.39698161457066,46,877516522
lulc_00818,lulc,233,0,water,harbour,0.914794921875,0.914794921875,0.0,0.0,0.085205078125,0.0,1.9601065101813693,1.5907489002372563,1.8446276118136071,7.810947355172667,61,1369078681
lulc_00819,lulc,219,3,barren,river_delta,0.6649576822916666,0.09684244791666667,0.08978949652777778,0.0,0.6649576822916666,0.1484103732638889,0.6871137974191814,1.1068290466000263,0.8972385232785203,6.347151793870109,66,858748649
lulc_00820,lulc,228,2,built_up,harbour,0.6282280815972222,0.3717719184027778,0.0,0.6282280815972222,0.0,0.0,2.212021622593324,2.2189211064439203,0.7747832059056902,2.2285450835211726,82,1889132797
lulc_00821,lulc,221,1,vegetation,farmland,0.7114800347222222,0.03125,0.7114800347222222,0.18269856770833334,0.0,0.07457139756944445,0.9005547009955142,0.9962475084277493,0.790687989519072,8.584050952978393,78,81628531
lulc_00822,lulc,225,1,vegetation,river_delta,0.6556532118055556,0.2367621527777778,0.6556532118055556,0.0,0.0,0.10758463541666667,0.6127544173303301,1.3194688607143665,2.338935841281716,11.633924091348234,46,514509948
lulc_00823,lulc,217,4,cropland,farmland,0.8988986545138888,0.025580512152777776,0.051920572916666664,0.023600260416666668,0.0,0.8988986545138888,1.8465165202005966,1.5030051751233415,1.7241021358220763,10.487944515308126,48,537492678
lulc_00824,lulc,227,0,water,river_delta,1.0,1.0,0.0,0.0,0.0,0.0,2.250198709759877,2.1393236493673204,0.32241792728103497,4.849545857338879,79,714808440
lulc_00825,lulc,220,3,barren,river_delta,0.7599826388888888,0.14564344618055555,0.09437391493055555,0.0,0.7599826388888888,0.0,2.0254843959683986,1.5802600805358606,2.3482588085684806,7.571538096550338,81,1315305475
lulc_00826,lulc,238,1,vegetation,river_delta,0.9432508680555556,0.05674913194444445,0.9432508680555556,0.0,0.0,0.0,2.2806099080572397,1.5344473234736684,2.4030137657380957,10.502334616670755,61,2136726196
lulc_00827,lulc,229,2,built_up,urban_grid,1.0,0.0,0.0,1.0,0.0,0.0,1.8445829324729868,2.1653477658263287,0.802050153113962,9.235754840856716,63,222713531
lulc_00828,lulc,213,0,water,harbour,0.5757378472222222,0.5757378472222222,0.0,0.4242621527777778,0.0,0.0,1.4904468977034981,2.2567686387318524,1.9197429699756305,1.307741754405816,90,479218093
lulc_00829,lulc,227,4,cropland,farmland,0.6783040364583334,0.0,0.0,0.3216959635416667,0.0,0.6783040364583334,1.7170151779611293,1.8475928393335646,0.09041695465550988,11.868566529076848,88,461918474
lulc_00830,lulc,226,0,water,river_delta,1.0,1.0,0.0,0.0,0.0,0.0,1.1563247374448493,1.5836504400562177,1.3977213036836615,2.3440805124991346,72,1013967435
lulc_00831,lulc,222,0,water,river_delta,1.0,1.0,0.0,0.0,0.0,0.0,2.1082365580771816,0.9598646835915883,2.3741830118116236,11.128360776199294,73,1024908865
lulc_00832,lulc,224,1,vegetation,farmland,1.0,0.0,1.0,0.0,0.0,0.0,0.6040198191972218,1.3678370698342806,2.0590919143570114,1.393165646067164,58,1867658932
lulc_00833,lulc,232,3,barren,urban_grid,0.6600748697916666,0.0,0.3399251302083333,0.0,0.6600748697916666,0.0,2.3476006684179973,1.1017019315977068,1.2182597328747289,3.509204864470634,78,1186359192
lulc_00834,lulc,222,4,cropland,farmland,1.0,0.0,0.0,0.0,0.0,1.0,1.804441726377628,1.2939494502595907,2.4531988933966287,1.8885498453993526,93,1806814274
lulc_00835,lulc,218,4,cropland,river_delta,0.8537055121527778,0.0,0.1462944878472222,0.0,0.0,0.8537055121527778,1.0543148838267693,2.114944596671071,1.6594379864331485,9.992938364699528,51,408879315
lulc_00836,lulc,238,1,vegetation,farmland,0.6933051215277778,0.0,0.6933051215277778,0.034749348958333336,0.0,0.2719455295138889,1.7609027992575563,1.6212959425676945,2.2572204751515477,9.249591977640208,93,1482887793
lulc_00837,lulc,229,0,water,harbour,0.9145779079861112,0.9145779079861112,0.0,0.0854220920138889,0.0,0.0,1.3425886316938784,1.7986378192775803,0.43987387065393246,7.101852575317205,77,2075594188
lulc_00838,lulc,238,2,built_up,quarry,1.0,0.0,0.0,1.0,0.0,0.0,2.0945658962523663,2.0445571488402847,1.542260712209844,11.487852152720517,71,50537620
lulc_00839,lulc,231,2,built_up,harbour,0.7211100260416666,0.0029296875,0.0,0.7211100260416666,0.2759602864583333,0.0,2.1512013275284607,1.3607690927061526,1.2887475378764806,10.796221655756268,70,1138110559
lulc_00840,lulc,219,3,barren,quarry,0.8017035590277778,0.06648763020833333,0.1318088107638889,0.0,0.8017035590277778,0.0,1.716618213127934,0.6832417322513413,0.9278378842668497,7.371469997764699,71,1291439884
lulc_00841,lulc,222,4,cropland,river_delta,0.7324761284722222,0.19661458333333334,0.048583984375,0.0,0.022325303819444444,0.7324761284722222,1.0187974774019393,1.5093553424416766,0.8215284051516023,11.794995158117356,76,633395750
lulc_00842,lulc,237,4,cropland,farmland,0.8266872829861112,0.1733127170138889,0.0,0.0,0.0,0.8266872829861112,1.7919908668591873,1.0362201220980412,3.1385576485765165,6.8529500570805695,63,882306231
lulc_00843,lulc,225,0,water,river_delta,0.7354871961805556,0.7354871961805556,0.2645128038194444,0.0,0.0,0.0,1.673429775955253,1.7610015416113662,2.2238813409433122,1.7516648330784768,47,1327312537
lulc_00844,lulc,213,4,cropland,farmland,1.0,0.0,0.0,0.0,0.0,1.0,1.3983273237227425,1.622990945844272,1.3040092622719979,0.9539787831888789,70,579085846
lulc_00845,lulc,226,3,barren,quarry,0.8085123697916666,0.069580078125,0.024929470486111112,0.09697808159722222,0.8085123697916666,0.0,1.6406018784178347,0.7604735616945228,1.3748692679421353,10.623028584754353,88,554040682
lulc_00846,lulc,211,0,water,river_delta,0.8359646267361112,0.8359646267361112,0.0,0.0,0.06746419270833333,0.09657118055555555,1.0482400828367522,0.8267739448405724,2.4692587934402357,7.36247117022719,67,1077907117
lulc_00847,lulc,236,4,cropland,farmland,1.0,0.0,0.0,0.0,0.0,1.0,1.6904892742397672,0.7098949226996687,0.8597783276423653,9.789111619649068,73,93613212
lulc_00848,lulc,228,1,vegetation,urban_grid,0.6845974392361112,0.0,0.6845974392361112,0.3154025607638889,0.0,0.0,0.9104417668452058,0.6495434625443293,0.964872012381558,2.7244107808150577,53,1668351407
lulc_00849,lulc,216,0,water,harbour,0.7629123263888888,0.7629123263888888,0.0,0.07364908854166667,0.16343858506944445,0.0,2.1976876892010595,1.5796819078070536,2.886307664385369,4.235246141142192,62,1349690007
lulc_00850,lulc,214,2,built_up,urban_grid,0.9558376736111112,0.0,0.027560763888888888,0.9558376736111112,0.0166015625,0.0,1.7703385893699042,0.7051430532256234,0.870792846347229,7.776720322135117,64,387314583
lulc_00851,lulc,223,0,water,harbour,0.94677734375,0.94677734375,0.0,0.040228949652777776,0.012993706597222222,0.0,2.359133797445013,0.7596771620663414,0.4435651599356305,6.695085422207207,60,1420723528
lulc_00852,lulc,218,3,barren,quarry,0.865234375,0.07842339409722222,0.036458333333333336,0.019883897569444444,0.865234375,0.0,2.3243921820398694,0.6581943553542597,2.111759044018823,10.23678204466137,55,305688719
lulc_00853,lulc,225,3,barren,river_delta,0.5871310763888888,0.0,0.0,0.0,0.5871310763888888,0.4128689236111111,1.9406339882048775,1.965240560001277,2.9673474934711295,4.944961032158243,64,1725747218
lulc_00854,lulc,218,4,cropland,farmland,0.8635796440972222,0.08916558159722222,0.04725477430555555,0.0,0.0,0.8635796440972222,0.6416140199708582,1.197388505526575,2.5677249866708767,5.619306912302795,54,395521288
lulc_00855,lulc,213,1,vegetation,farmland,1.0,0.0,1.0,0.0,0.0,0.0,1.0613709424329407,1.7836495655587252,0.7451155649430377,3.5224846558513194,71,712150006
lulc_00856,lulc,225,2,built_up,urban_grid,0.9517415364583334,0.0,0.04342990451388889,0.9517415364583334,0.004828559027777778,0.0,2.210677997289187,1.1313933637997726,0.8230359758786133,1.5503489352842412,84,1521423029
lulc_00857,lulc,217,3,barren,urban_grid,1.0,0.0,0.0,0.0,1.0,0.0,1.2559949391792113,1.250719456680037,1.2925294983494988,2.7965633401582015,58,1583137185
lulc_00858,lulc,226,1,vegetation,river_delta,1.0,0.0,1.0,0.0,0.0,0.0,1.0890170049604662,0.8698253464974803,2.1593795452349602,2.3699100708084013,65,1701560088
lulc_00859,lulc,227,0,water,harbour,0.7820366753472222,0.7820366753472222,0.0,0.0,0.2179633246527778,0.0,1.4948472950392673,2.3878185943139596,2.262843299341384,0.3679371824578648,81,1835638565
lulc_00860,lulc,239,2,built_up,urban_grid,0.9170735677083334,0.0,0.08292643229166667,0.9170735677083334,0.0,0.0,2.050568464940208,2.230336795153974,1.2453803612309393,0.3201151422085551,76,2116463544
lulc_00861,lulc,214,2,built_up,quarry,1.0,0.0,0.0,1.0,0.0,0.0,1.9545649521325141,1.2436459758087328,0.25562116629132203,4.809639905962056,89,1486233374
lulc_00862,lulc,224,3,barren,river_delta,0.6535101996527778,0.0,0.3464898003472222,0.0,0.6535101996527778,0.0,2.165800907774824,1.040904444472925,2.078928060157789,5.89223879156937,56,1836961084
lulc_00863,lulc,220,1,vegetation,river_delta,0.7791883680555556,0.16029188368055555,0.7791883680555556,0.0,0.0,0.06051974826388889,1.735577098833803,1.9702710049764574,1.856543740369847,11.245892569770444,48,1476129546
lulc_00864,lulc,216,2,built_up,quarry,0.77587890625,0.1292046440972222,0.09491644965277778,0.77587890625,0.0,0.0,1.8844796299896656,1.5002088188513287,2.809872306236317,7.245840718968159,50,1486323828
lulc_00865,lulc,234,0,water,harbour,0.7904188368055556,0.7904188368055556,0.0,0.20958116319444445,0.0,0.0,2.002305755766447,1.7225467123294358,0.6967402564244375,3.2335492006225537,83,1711129108
lulc_00866,lulc,227,3,barren,river_delta,0.9062771267361112,0.067626953125,0.026095920138888888,0.0,0.9062771267361112,0.0,1.417008562125278,0.9026172643044448,0.5540172802219204,11.053361789244663,71,2081447306
lulc_00867,lulc,231,3,barren,river_delta,0.9351128472222222,0.06488715277777778,0.0,0.0,0.9351128472222222,0.0,1.0556972398377007,1.7403872806791698,2.46258057630611,10.735319523898685,72,1915695531
lulc_00868,lulc,222,3,barren,urban_grid,1.0,0.0,0.0,0.0,1.0,0.0,2.3647551666240325,1.7227910440267267,0.7777851619251918,0.21306958572698642,65,1124765274
lulc_00869,lulc,211,4,cropland,river_delta,1.0,0.0,0.0,0.0,0.0,1.0,0.6366663125677646,1.5462499965258707,0.7743216436450989,9.798321710294747,66,1611120475
lulc_00870,lulc,230,2,built_up,urban_grid,0.9149576822916666,0.0,0.08504231770833333,0.9149576822916666,0.0,0.0,0.9162737490950041,1.5443397625477928,2.1458049007823807,6.64189200105054,90,613118120
lulc_00871,lulc,230,3,barren,quarry,0.8082139756944444,0.030354817708333332,0.048583984375,0.11284722222222222,0.8082139756944444,0.0,2.038412151790676,0.6084130507580046,3.070608697872614,7.24682707130324,80,550052333
lulc_00872,lulc,212,3,barren,quarry,0.6973741319444444,0.14485677083333334,0.0,0.1577690972222222,0.6973741319444444,0.0,1.9452212415792518,1.01463351302869,1.4504431263067998,6.2410449154281595,93,1338154654
lulc_00873,lulc,216,4,cropland,farmland,0.9513617621527778,0.048638237847222224,0.0,0.0,0.0,0.9513617621527778,1.7064758066104888,0.632962769716814,2.7924352247145694,8.899073185935949,74,1020272128
lulc_00874,lulc,223,4,cropland,farmland,0.9513617621527778,0.0,0.048638237847222224,0.0,0.0,0.9513617621527778,1.1617024931834585,2.2355053834056555,0.13742407218087654,4.492686750096836,81,1615857144
lulc_00875,lulc,217,4,cropland,farmland,1.0,0.0,0.0,0.0,0.0,1.0,1.1974599050500863,2.014349816845351,0.9838397312315809,5.826872188183157,79,1466004497
lulc_00876,lulc,230,2,built_up,urban_grid,1.0,0.0,0.0,1.0,0.0,0.0,2.0765599663997505,2.136844447252369,2.71859977458255,3.85552472270368,86,819067798
lulc_00877,lulc,223,0,water,harbour,0.7206759982638888,0.7206759982638888,0.0,0.0,0.2793240017361111,0.0,1.8691514604466928,1.457016990883265,0.9660428401927555,6.435819155788445,56,1933260490
lulc_00878,lulc,217,1,vegetation,quarry,0.62158203125,0.01318359375,0.62158203125,0.1391330295138889,0.2261013454861111,0.0,1.377993793902801,0.8622803084824892,0.9722211524333053,0.6612301126627065,59,120871878
lulc_00879,lulc,223,1,vegetation,urban_grid,0.6449110243055556,0.0,0.6449110243055556,0.0,0.3550889756944444,0.0,1.7626383239596324,0.7314413448093386,3.057711073945357,3.668369634689703,48,1155920363
lulc_00880,lulc,214,0,water,quarry,0.8454047309027778,0.8454047309027778,0.05908203125,0.042805989583333336,0.05270724826388889,0.0,1.752237972700628,1.0627062239353364,1.2623013505619274,10.534559939448673,47,1538171320
lulc_00881,lulc,239,4,cropland,farmland,0.9280598958333334,0.04698350694444445,0.012803819444444444,0.012152777777777778,0.0,0.9280598958333334,0.7939675286596896,1.8438788308711094,1.9682882003111732,6.574478115807215,67,837081845
lulc_00882,lulc,219,3,barren,quarry,0.8426106770833334,0.0390625,0.0,0.11832682291666667,0.8426106770833334,0.0,1.3903649698578087,0.6565974099928401,1.4651219824454285,2.2958253583443593,65,2071691307
lulc_00883,lulc,218,3,barren,river_delta,0.6816677517361112,0.0,0.0,0.0,0.6816677517361112,0.3183322482638889,0.9316710832131415,1.97320830244735,1.148798419834009,1.447614966294692,65,825396074
lulc_00884,lulc,226,0,water,river_delta,0.646728515625,0.646728515625,0.0,0.0,0.0,0.353271484375,1.275334382181917,2.3333426324712243,2.303693718630708,0.0619030267912315,52,1952844708
lulc_00885,lulc,230,1,vegetation,river_delta,0.8528374565972222,0.058892144097222224,0.8528374565972222,0.0,0.011338975694444444,0.0769314236111111,1.3313978429594147,1.1577584070286062,2.954358568554279,11.517100892345812,73,231751802
lulc_00886,lulc,212,3,barren,river_delta,0.617919921875,0.024603949652777776,0.008463541666666666,0.0,0.617919921875,0.3490125868055556,1.0154769825534575,1.5162107436827212,2.5605045490987317,7.650856262942501,64,810423653
lulc_00887,lulc,232,4,cropland,river_delta,0.8399522569444444,0.0,0.0,0.0,0.16004774305555555,0.8399522569444444,0.8178770489640199,1.143123073136843,2.851284697799106,8.253661433661167,77,923076575
lulc_00888,lulc,218,0,water,river_delta,0.7469075520833334,0.7469075520833334,0.0,0.0,0.10248480902777778,0.1506076388888889,1.2152055304857599,0.8604926260933918,1.7000557248432326,5.735918555536417,78,1411714585
lulc_00889,lulc,210,1,vegetation,farmland,1.0,0.0,1.0,0.0,0.0,0.0,0.6223020618868884,1.6131601732143257,2.311212823422223,2.271573014022802,73,324908169
lulc_00890,lulc,214,1,vegetation,farmland,0.7750922309027778,0.0,0.7750922309027778,0.2249077690972222,0.0,0.0,1.094784240422687,0.6012450453249665,3.0306003779400816,11.561588207765865,61,1497867168
lulc_00891,lulc,226,1,vegetation,urban_grid,1.0,0.0,1.0,0.0,0.0,0.0,0.6102555624305809,1.134238743995386,0.0761064777504496,9.412722075440215,73,1149985762
lulc_00892,lulc,231,1,vegetation,river_delta,0.6783582899305556,0.025824652777777776,0.6783582899305556,0.0,0.024115668402777776,0.2717013888888889,1.6936693932682014,0.965606074891962,1.462936078754971,8.402630435389142,75,323895432
lulc_00893,lulc,220,1,vegetation,farmland,0.8700900607638888,0.041937934027777776,0.8700900607638888,0.048638237847222224,0.0,0.03933376736111111,2.1044918857598085,2.1655350695129383,0.24825776737493446,1.743687062177575,91,2099871300
lulc_00894,lulc,212,2,built_up,urban_grid,0.8078884548611112,0.0,0.1921115451388889,0.8078884548611112,0.0,0.0,0.8030652196438445,0.7894396428830854,3.0002698289145986,1.647952785335487,59,880533282
lulc_00895,lulc,220,4,cropland,farmland,0.6025390625,0.3453233506944444,0.05213758680555555,0.0,0.0,0.6025390625,1.6141686388124756,2.372236747913859,2.4760552998576943,8.471329994839573,77,882668176
lulc_00896,lulc,234,2,built_up,harbour,0.8402506510416666,0.15974934895833334,0.0,0.8402506510416666,0.0,0.0,0.7113107365798412,1.065695309558309,2.1020576753329916,4.629356988943588,63,268079789
lulc_00897,lulc,216,2,built_up,urban_grid,0.7030707465277778,0.0,0.09708658854166667,0.7030707465277778,0.19984266493055555,0.0,2.3777602901463317,1.8588038360176924,2.4740677291116606,7.153200384376531,49,1859224056
lulc_00898,lulc,223,1,vegetation,farmland,0.8862575954861112,0.1137424045138889,0.8862575954861112,0.0,0.0,0.0,2.272934854512793,1.6025595522057063,2.1742219554823166,10.647386079356199,80,1297355358
lulc_00899,lulc,224,3,barren,urban_grid,1.0,0.0,0.0,0.0,1.0,0.0,2.3455560846115886,1.861779036801814,1.8133639679112998,10.461240011610744,92,1985288043
lulc_00900,lulc,227,4,cropland,farmland,0.762939453125,0.0,0.237060546875,0.0,0.0,0.762939453125,1.1054114712569805,1.0501981668723048,2.0663650509053313,5.360820728780986,53,916051162
lulc_00901,lulc,238,2,built_up,urban_grid,1.0,0.0,0.0,1.0,0.0,0.0,2.105796805357407,2.060065452695998,0.0883953377366607,11.616715388609784,95,324452546
lulc_00902,lulc,211,2,built_up,urban_grid,0.9681260850694444,0.0,0.019070095486111112,0.9681260850694444,0.012803819444444444,0.0,2.38171255809515,1.929499262866171,0.7565478227222624,3.097411263998594,68,535569069
lulc_00903,lulc,229,4,cropland,river_delta,0.8697916666666666,0.10123697916666667,0.0,0.0,0.028971354166666668,0.8697916666666666,1.0417518057920203,1.8531305860410847,1.4068689856217385,10.248432692711095,69,1670743273
lulc_00904,lulc,231,4,cropland,river_delta,0.9175075954861112,0.07706705729166667,0.005425347222222222,0.0,0.0,0.9175075954861112,1.5004468892821339,2.019081191270515,1.4396088159713452,1.0544798255276904,63,1371552412
lulc_00905,lulc,210,1,vegetation,farmland,1.0,0.0,1.0,0.0,0.0,0.0,1.0151986270372277,0.8821503809504518,2.159308426107443,8.568411762484674,60,1857467987
lulc_00906,lulc,239,4,cropland,river_delta,0.8992513020833334,0.10074869791666667,0.0,0.0,0.0,0.8992513020833334,1.3988556317829333,2.1515823507240435,1.4397042164712772,6.539897905301736,57,170794729
lulc_00907,lulc,214,2,built_up,harbour,0.7609592013888888,0.0,0.0,0.7609592013888888,0.2390407986111111,0.0,0.8368451339043976,1.6395335709780952,2.530543138201482,10.656447507943401,78,1683436648
lulc_00908,lulc,222,2,built_up,harbour,1.0,0.0,0.0,1.0,0.0,0.0,0.7713749851825358,1.3162942044072081,0.8922487817316905,5.917714446379451,90,1025646172
lulc_00909,lulc,229,4,cropland,farmland,0.9517686631944444,0.0,0.04823133680555555,0.0,0.0,0.9517686631944444,0.98325121596404,1.2978447299999034,0.05179808472991584,7.214882980426758,74,1989960437
lulc_00910,lulc,216,0,water,harbour,0.941162109375,0.941162109375,0.0,0.0,0.058837890625,0.0,2.03819930308448,1.2134697191034205,2.4783267126985353,9.011420939566676,50,136338463
lulc_00911,lulc,210,1,vegetation,farmland,0.9355740017361112,0.0,0.9355740017361112,0.0,0.0,0.0644259982638889,0.7962910369124394,2.2103415610592783,2.4198841424112794,10.949474126779524,67,860510160
lulc_00912,lulc,222,3,barren,quarry,0.7347547743055556,0.07633463541666667,0.1787109375,0.010199652777777778,0.7347547743055556,0.0,1.1663283645286464,1.3537797849800783,1.8323492788964097,6.272894996805288,79,368751600
lulc_00913,lulc,222,2,built_up,harbour,0.9331597222222222,0.009955512152777778,0.0,0.9331597222222222,0.056884765625,0.0,2.210362278262374,1.9036766520906276,1.8509698968702775,5.694795888216677,69,1565916988
lulc_00914,lulc,211,1,vegetation,river_delta,0.9144965277777778,0.03342013888888889,0.9144965277777778,0.0,0.027153862847222224,0.024929470486111112,1.993371907790619,2.241724746014141,0.597054439811053,8.983857284359717,84,1510667838
lulc_00915,lulc,223,0,water,harbour,0.8583441840277778,0.8583441840277778,0.0,0.0,0.1416558159722222,0.0,1.8778657111216939,2.2018277208110213,1.277888493350416,7.687629635465504,85,1989690232
lulc_00916,lulc,215,0,water,river_delta,0.8829481336805556,0.8829481336805556,0.0,0.0,0.03846571180555555,0.0785861545138889,2.037088523662638,2.0142818771948616,0.9610589659112773,8.96416146925845,93,1606659625
lulc_00917,lulc,235,1,vegetation,farmland,0.6628960503472222,0.0,0.6628960503472222,0.3371039496527778,0.0,0.0,1.939251477403395,0.9269474357681478,0.2925576610631854,4.9309275750765185,59,1266355031
lulc_00918,lulc,223,4,cropland,river_delta,0.8050672743055556,0.11414930555555555,0.022650824652777776,0.0,0.05813259548611111,0.8050672743055556,2.3898725321365584,1.624901793017592,0.7008413061093691,7.779751608720812,45,699487429
lulc_00919,lulc,228,0,water,river_delta,1.0,1.0,0.0,0.0,0.0,0.0,1.0379331093218913,2.2389752618742302,2.9767115410400486,1.0032907743808441,56,489936592
lulc_00920,lulc,222,4,cropland,river_delta,0.8163791232638888,0.06334092881944445,2.712673611111111e-05,0.0,0.12025282118055555,0.8163791232638888,0.9762534407242842,2.0159065959819173,3.0049800856763818,8.77869523823292,89,387806430
lulc_00921,lulc,221,2,built_up,harbour,0.6695963541666666,0.3126898871527778,0.0,0.6695963541666666,0.017713758680555556,0.0,1.8954908998908304,2.178590611570776,2.9373432425053565,1.8421811381402189,66,1264924165
lulc_00922,lulc,220,2,built_up,urban_grid,1.0,0.0,0.0,1.0,0.0,0.0,1.4631654559942742,2.356239925860618,3.0542434454101848,6.7135719719923,83,524450475
lulc_00923,lulc,211,2,built_up,urban_grid,0.8734266493055556,0.0,0.1188693576388889,0.8734266493055556,0.007703993055555556,0.0,1.3337165758174563,1.9785754528709578,2.0709458735748836,5.837158704036921,63,686049669
lulc_00924,lulc,219,2,built_up,urban_grid,0.6890190972222222,0.0,0.3025173611111111,0.6890190972222222,0.008463541666666666,0.0,1.0821908151453188,1.0990648530509914,0.8510929182982168,1.8721887187371404,76,2046945517
lulc_00925,lulc,238,0,water,river_delta,1.0,1.0,0.0,0.0,0.0,0.0,0.9204170876169848,2.0082497449023893,2.333030095431584,3.0899518573127067,57,1768821896
lulc_00926,lulc,220,0,water,harbour,1.0,1.0,0.0,0.0,0.0,0.0,1.0873020031880398,1.590889696094044,2.9824901575492393,3.2806786974561075,79,643247171
lulc_00927,lulc,228,2,built_up,harbour,0.7378200954861112,0.17952473958333334,0.0,0.7378200954861112,0.08265516493055555,0.0,1.8547554246287734,1.3914717470791342,2.4844627114287365,4.279635132787499,49,1156304766
lulc_00928,lulc,218,3,barren,quarry,1.0,0.0,0.0,0.0,1.0,0.0,2.2645498871621523,1.5108198319894433,2.5616982066172684,8.862448882661262,65,1248556461
lulc_00929,lulc,233,0,water,river_delta,0.8411187065972222,0.8411187065972222,0.028428819444444444,0.0,0.03184678819444445,0.0986056857638889,2.2561945010809272,1.3989473491417275,2.3196294198179865,7.692677640124408,76,2067373072
lulc_00930,lulc,215,0,water,harbour,0.7513020833333334,0.7513020833333334,0.0,0.078369140625,0.17032877604166666,0.0,1.5080767405735043,1.1265213696391543,2.3103435974761757,6.919548150815747,60,1899930007
lulc_00931,lulc,220,1,vegetation,farmland,0.6907552083333334,0.009792751736111112,0.6907552083333334,0.11629231770833333,0.0,0.1831597222222222,2.259160338521518,1.118702462752757,1.1010701551675457,3.4544262220177644,57,850224013
lulc_00932,lulc,215,2,built_up,harbour,0.7974175347222222,0.2025824652777778,0.0,0.7974175347222222,0.0,0.0,2.3354333868079125,1.2595666044363443,0.8632168557910268,1.2637549919965179,73,1024869331
lulc_00933,lulc,214,0,water,quarry,0.8817274305555556,0.8817274305555556,0.020209418402777776,0.09098307291666667,0.007080078125,0.0,1.5057892147529328,1.6567051619910678,2.0117449832745917,1.6492881813805078,91,56412810
lulc_00934,lulc,232,1,vegetation,farmland,1.0,0.0,1.0,0.0,0.0,0.0,2.026274802047079,0.9785817444392207,2.2776853966364823,1.6182014339772386,78,1330520664
lulc_00935,lulc,220,3,barren,urban_grid,0.8576117621527778,0.0,0.0,0.1423882378472222,0.8576117621527778,0.0,0.9115804195507731,1.0930757285257053,0.9748497139426714,0.9975590259633984,89,69954158
lulc_00936,lulc,211,1,vegetation,quarry,0.8824327256944444,0.1155056423611111,0.8824327256944444,0.0020616319444444445,0.0,0.0,1.6230654874724038,0.8106318338492124,2.991116640300871,3.9483580271445415,62,1688979129
lulc_00937,lulc,217,0,water,river_delta,1.0,1.0,0.0,0.0,0.0,0.0,2.2588209671876847,0.6059280255468886,1.8757124929429587,4.112026207476075,85,652913619
lulc_00938,lulc,222,1,vegetation,farmland,0.6623263888888888,0.08794487847222222,0.6623263888888888,0.043863932291666664,0.0,0.2058648003472222,1.5826268378968977,2.200360908530882,2.7103151928293454,9.775546070248737,74,67188851
lulc_00939,lulc,216,3,barren,quarry,0.8610297309027778,0.1389702690972222,0.0,0.0,0.8610297309027778,0.0,1.2605504051882646,2.070990759573013,0.8945411456152095,6.064888308649978,60,1004850396
lulc_00940,lulc,237,3,barren,river_delta,0.7623155381944444,0.026936848958333332,0.0873752170138889,0.0,0.7623155381944444,0.12337239583333333,1.5866050347829448,0.6847073663697815,2.52259066872949,0.089649913972496,50,229810420
lulc_00941,lulc,234,2,built_up,urban_grid,1.0,0.0,0.0,1.0,0.0,0.0,1.964558639359594,0.6668037829163396,2.5836511137919764,6.374056840267619,53,966458501
lulc_00942,lulc,215,2,built_up,urban_grid,1.0,0.0,0.0,1.0,0.0,0.0,0.9278068865988014,2.187708242751327,0.39320839193166185,4.020097278361065,89,1442221393
lulc_00943,lulc,222,1,vegetation,urban_grid,1.0,0.0,1.0,0.0,0.0,0.0,1.6318296954081086,0.9997934843152229,0.09508640483323086,5.615174940732472,73,1413467724
lulc_00944,lulc,218,3,barren,quarry,0.9153917100694444,0.027560763888888888,0.003716362847222222,0.05333116319444445,0.9153917100694444,0.0,1.000967193166734,1.3214561093657125,1.421040399803107,1.338819889182291,79,814324384
lulc_00945,lulc,219,1,vegetation,farmland,0.8946397569444444,0.0,0.8946397569444444,0.03309461805555555,0.0,0.072265625,1.8144235901384587,1.0687399038528393,0.9900573038707877,2.1613518038892954,60,1363240197
lulc_00946,lulc,212,1,vegetation,river_delta,1.0,0.0,1.0,0.0,0.0,0.0,1.3232174403078671,1.0146049356731928,0.9641504326461136,6.127301746322621,62,2133595876
lulc_00947,lulc,226,4,cropland,river_delta,0.9418674045138888,0.0,0.0,0.0,0.05813259548611111,0.9418674045138888,1.505682029985799,0.8627039124354281,2.906110774786088,8.799307293190479,92,1602242655
lulc_00948,lulc,235,0,water,harbour,0.7720540364583334,0.7720540364583334,0.0,0.0,0.22794596354166666,0.0,2.0649505594884046,1.334058314625639,0.2393248485176524,9.304074139672046,60,1832498856
lulc_00949,lulc,239,1,vegetation,river_delta,1.0,0.0,1.0,0.0,0.0,0.0,2.114400551699139,0.7136012872636203,3.0739783163739745,2.0178673108119285,75,2082616724
lulc_00950,lulc,223,0,water,river_delta,0.8263346354166666,0.8263346354166666,0.004747178819444444,0.0,0.1689181857638889,0.0,2.2675235893460455,0.9141307967341425,0.8355650574739693,4.053115347626303,60,1075783042
lulc_00951,lulc,215,2,built_up,urban_grid,0.7963324652777778,0.0,0.033935546875,0.7963324652777778,0.1697319878472222,0.0,1.0222862480472361,0.6262572239525027,2.2535270747750507,8.363745997726662,94,1048750494
lulc_00952,lulc,234,1,vegetation,quarry,0.6854926215277778,0.25537109375,0.6854926215277778,0.0,0.059136284722222224,0.0,1.5978280176431232,0.9326405093286181,2.6383613886850146,10.611433073782543,50,923671132
lulc_00953,lulc,237,0,water,harbour,0.7872721354166666,0.7872721354166666,0.0,0.030246310763888888,0.18248155381944445,0.0,2.2540950304744953,0.6107389346728643,2.4092759344966974,1.5981647647985353,55,122174574
lulc_00954,lulc,216,1,vegetation,river_delta,0.6606987847222222,0.23673502604166666,0.6606987847222222,0.0,0.1025661892361111,0.0,1.6493986263591052,1.140498678434418,2.8964361196214155,10.0060424129945,57,848454489
lulc_00955,lulc,227,1,vegetation,urban_grid,0.5841742621527778,0.0,0.5841742621527778,0.4158257378472222,0.0,0.0,1.7749046009910692,1.5043563760759495,2.6117694415546002,9.6899123452968,47,547765757
lulc_00956,lulc,239,1,vegetation,farmland,0.8117404513888888,0.0,0.8117404513888888,0.1882595486111111,0.0,0.0,0.6279183453910274,1.773975233032103,0.19879797159439014,7.713673642407335,80,6963469
lulc_00957,lulc,223,0,water,quarry,0.6726888020833334,0.6726888020833334,0.029269748263888888,0.22257486979166666,0.0754665798611111,0.0,1.5527160001343505,2.2353699729440675,2.4281318803891905,8.781254249501895,49,1800678190
lulc_00958,lulc,223,3,barren,quarry,0.9096408420138888,0.025770399305555556,0.013102213541666666,0.05148654513888889,0.9096408420138888,0.0,2.007803467906564,2.210716334732626,1.6863346447320327,6.102271577234806,74,1054173811
lulc_00959,lulc,222,0,water,quarry,0.6764594184027778,0.6764594184027778,0.08588324652777778,0.1339789496527778,0.10367838541666667,0.0,1.9616451882702237,0.8289100955754305,1.680977134191873,11.001569385804768,54,362907259
lulc_00960,lulc,232,0,water,river_delta,1.0,1.0,0.0,0.0,0.0,0.0,1.2730018984441642,1.7853363564757219,1.1940483474752952,10.109127508493215,65,2125787021
lulc_00961,lulc,218,4,cropland,farmland,1.0,0.0,0.0,0.0,0.0,1.0,1.5160608281684544,1.4333984944573985,3.0932827601437975,4.7955985446723925,91,117538449
lulc_00962,lulc,225,1,vegetation,farmland,0.8696017795138888,0.0,0.8696017795138888,0.025417751736111112,0.0,0.10498046875,2.2446800239549316,0.6427459807567351,1.2248945053848657,2.924431843279696,71,381774721
lulc_00963,lulc,236,1,vegetation,river_delta,0.6868218315972222,0.3131781684027778,0.6868218315972222,0.0,0.0,0.0,1.6396808736943838,0.9142781196216351,2.4635614159645867,3.4517256797870424,67,1623104993
lulc_00964,lulc,232,3,barren,quarry,0.9236924913194444,0.045355902777777776,0.004313151041666667,0.026638454861111112,0.9236924913194444,0.0,1.4313593032518213,1.4104028626623064,0.6386897615473628,11.511404374658682,69,255538753
lulc_00965,lulc,233,0,water,harbour,0.9541558159722222,0.9541558159722222,0.0,0.045844184027777776,0.0,0.0,1.740691891589654,1.6984088428527286,2.414283698328102,11.968150481730682,66,1327144873
lulc_00966,lulc,225,0,water,harbour,0.73388671875,0.73388671875,0.0,0.0,0.26611328125,0.0,1.5066375328930453,1.4771646046283555,1.9163974821703536,9.095359226571407,72,1420474473
lulc_00967,lulc,210,2,built_up,urban_grid,1.0,0.0,0.0,1.0,0.0,0.0,1.0578996307181023,1.9196780305667738,0.11667429439163751,5.38319465286816,52,2088574435
lulc_00968,lulc,225,0,water,river_delta,0.8495008680555556,0.8495008680555556,0.13533528645833334,0.0,0.002956814236111111,0.01220703125,2.3435150321211013,1.5947721136266235,3.1321409499317308,3.586977923732596,50,1007478224
lulc_00969,lulc,217,2,built_up,harbour,0.96923828125,0.0,0.0,0.96923828125,0.03076171875,0.0,0.6392933162457891,2.227889758718987,1.8227394058404893,0.6821912451077043,51,458763313
lulc_00970,lulc,211,3,barren,quarry,0.6893446180555556,0.0,0.3106553819444444,0.0,0.6893446180555556,0.0,1.8746161657831828,0.8869365829858714,1.064825879797517,11.170653638412482,68,1568015720
lulc_00971,lulc,221,3,barren,quarry,0.8185221354166666,0.11149088541666667,0.0,0.06998697916666667,0.8185221354166666,0.0,0.8044777107864165,0.9812377304661825,1.4240338811757365,2.9077214657113966,69,1441524211
lulc_00972,lulc,218,0,water,harbour,0.7130533854166666,0.7130533854166666,0.0,0.2807888454861111,0.006157769097222222,0.0,1.0380597620148186,0.7061839527753867,0.13307726266895117,9.408715412373665,87,1643285407
lulc_00973,lulc,223,2,built_up,urban_grid,0.6370442708333334,0.0,0.3089463975694444,0.6370442708333334,0.054009331597222224,0.0,2.099047486135725,1.2800155476850636,2.74994518990852,11.763171553344456,66,1224184592
lulc_00974,lulc,212,4,cropland,farmland,0.6959906684027778,0.11219618055555555,0.022732204861111112,0.16908094618055555,0.0,0.6959906684027778,1.0023869070531943,1.9555858301667985,0.891742023188486,11.73393472249297,70,1758923302
lulc_00975,lulc,211,1,vegetation,river_delta,0.7439236111111112,0.0,0.7439236111111112,0.0,0.11328125,0.1427951388888889,0.710380181171324,1.483881848557675,2.1909482508076987,6.209290114889026,68,1168215689
lulc_00976,lulc,227,2,built_up,harbour,0.8505588107638888,0.049126519097222224,0.0,0.8505588107638888,0.1003146701388889,0.0,2.268761049881553,0.7668370418056607,2.9271032346375545,4.324017428502977,70,568027348
lulc_00977,lulc,238,4,cropland,river_delta,0.7591959635416666,0.14732530381944445,0.020372178819444444,0.0,0.07310655381944445,0.7591959635416666,1.19673715794247,1.6924355334163788,0.3416321117544145,5.101742450264289,59,462901031
lulc_00978,lulc,225,4,cropland,farmland,0.8626573350694444,0.032036675347222224,0.03268771701388889,0.07261827256944445,0.0,0.8626573350694444,1.0133434578667124,1.0874112949904822,3.140650725768725,4.067735459530516,54,1632064851
lulc_00979,lulc,231,2,built_up,urban_grid,0.6507161458333334,0.0,0.04568142361111111,0.6507161458333334,0.3036024305555556,0.0,2.0554766994398324,2.3732988723947486,2.3965697919725693,8.373146119886659,76,952600747
lulc_00980,lulc,217,0,water,river_delta,0.6779242621527778,0.6779242621527778,0.3220757378472222,0.0,0.0,0.0,2.1022201286904925,1.337769606969351,3.0936688910159114,5.532578904178326,83,1200852778
lulc_00981,lulc,222,4,cropland,farmland,0.7483181423611112,0.0,0.0,0.2516818576388889,0.0,0.7483181423611112,1.1993049717097048,0.7475701766128214,1.1152544814317111,6.557802891255003,53,1074289409
lulc_00982,lulc,212,4,cropland,farmland,1.0,0.0,0.0,0.0,0.0,1.0,1.2396226957638148,1.7767910658692583,2.7535268555444903,4.447358509217672,95,1530388264
lulc_00983,lulc,219,1,vegetation,urban_grid,1.0,0.0,1.0,0.0,0.0,0.0,0.8190103235269455,1.7264501006211805,2.620235863688621,3.366452575031079,49,2052116928
lulc_00984,lulc,238,3,barren,river_delta,0.8545464409722222,0.044379340277777776,0.017469618055555556,0.0,0.8545464409722222,0.08360460069444445,1.6971276190818756,1.6982035440305476,0.925574367969292,6.136338567005266,64,899606227
lulc_00985,lulc,236,3,barren,quarry,0.9549967447916666,0.019911024305555556,0.0015190972222222222,0.023573133680555556,0.9549967447916666,0.0,1.358062359955177,1.1214509559757384,1.2525815982015593,6.521341759083029,84,478797582
lulc_00986,lulc,230,1,vegetation,farmland,0.6802842881944444,0.1973198784722222,0.6802842881944444,0.12239583333333333,0.0,0.0,2.152419851124022,1.2381342291584672,0.787448298157642,4.694779026498473,76,319017141
lulc_00987,lulc,239,1,vegetation,quarry,0.7369791666666666,0.054389105902777776,0.7369791666666666,0.09708658854166667,0.1115451388888889,0.0,2.3296851021911413,0.6224417753805984,2.791670465475735,11.744072142952227,93,1846221801
lulc_00988,lulc,235,1,vegetation,farmland,0.7500542534722222,0.214111328125,0.7500542534722222,0.0,0.0,0.035834418402777776,2.200111338045073,1.2301017328855661,2.9379191756241907,7.009604973632417,65,2065223243
lulc_00989,lulc,235,2,built_up,urban_grid,0.7235243055555556,0.0,0.0,0.7235243055555556,0.2764756944444444,0.0,2.0877513756939425,1.7618159585329192,0.18585119192984342,0.5696571659058103,69,929690813
lulc_00990,lulc,237,2,built_up,harbour,0.8774685329861112,0.04513888888888889,0.0,0.8774685329861112,0.077392578125,0.0,1.38702774449794,1.3706281970951748,3.134759615719957,4.817780686717565,84,767684240
lulc_00991,lulc,212,4,cropland,farmland,0.7284071180555556,0.0,0.2379828559027778,0.033610026041666664,0.0,0.7284071180555556,0.6145651238308946,0.6641242395923468,0.1128772912795067,3.534782926119874,95,421337868
lulc_00992,lulc,224,1,vegetation,farmland,1.0,0.0,1.0,0.0,0.0,0.0,1.2824064971379796,2.0405552583790767,1.2322596630779654,11.119890436072202,84,1470522227
lulc_00993,lulc,226,2,built_up,urban_grid,1.0,0.0,0.0,1.0,0.0,0.0,2.19448590354798,0.7017088345810709,1.8591869263665424,7.85230496358675,47,1729729457
lulc_00994,lulc,226,2,built_up,harbour,0.9457736545138888,0.0,0.0,0.9457736545138888,0.05422634548611111,0.0,1.784027557728428,1.2800961354603229,2.303958319145357,0.4757136009386742,45,352878966
lulc_00995,lulc,220,2,built_up,harbour,1.0,0.0,0.0,1.0,0.0,0.0,0.8744645166399378,2.1153672662503373,0.979144491556293,9.384573274434768,78,1194470354
lulc_00996,lulc,210,0,water,river_delta,0.7478298611111112,0.7478298611111112,0.012613932291666666,0.0,0.124267578125,0.11528862847222222,1.0482348902212595,1.716925243906776,1.7455961861342193,0.06930684247361274,79,1803790326
lulc_00997,lulc,220,4,cropland,farmland,0.6921115451388888,0.0,0.14973958333333334,0.1581488715277778,0.0,0.6921115451388888,1.3528668976291442,1.8215783633365712,0.8598339451817272,10.978850545735167,81,653779960
lulc_00998,lulc,222,4,cropland,river_delta,0.8507215711805556,0.030381944444444444,0.11482747395833333,0.0,0.004069010416666667,0.8507215711805556,1.323199904699225,1.6957480936874965,2.112266628486135,9.289618403648817,69,992118617
lulc_00999,lulc,229,4,cropland,farmland,1.0,0.0,0.0,0.0,0.0,1.0,1.3253598221432115,1.8334155880455607,0.5279078751251369,8.28552459637463,57,143245854
lulc_01000,lulc,211,0,water,harbour,1.0,1.0,0.0,0.0,0.0,0.0,1.6155959111719786,1.0895862156354137,1.4477117690123564,7.304354606225272,58,1348808761
lulc_01001,lulc,220,3,barren,quarry,0.810791015625,0.12459309895833333,0.0,0.06461588541666667,0.810791015625,0.0,1.6525214780920279,1.9360566092760942,1.0402845165451065,4.344457573909316,72,2048293169
lulc_01002,lulc,220,3,barren,quarry,0.9549153645833334,0.020616319444444444,0.0,0.024468315972222224,0.9549153645833334,0.0,2.2456973752038962,2.0543170041383916,1.6239752850985658,8.491047144514482,90,1099002157
lulc_01003,lulc,215,4,cropland,farmland,0.9649793836805556,0.03502061631944445,0.0,0.0,0.0,0.9649793836805556,2.04443510041982,2.028590413785968,1.0279209495997723,11.007168109380281,60,1694321124
lulc_01004,lulc,220,4,cropland,farmland,1.0,0.0,0.0,0.0,0.0,1.0,1.8707190133861893,0.6302704761687091,0.8080857284453897,3.6871491495989344,82,1418664784
lulc_01005,lulc,216,0,water,harbour,0.9207085503472222,0.9207085503472222,0.0,0.07929144965277778,0.0,0.0,1.6420009387138994,1.348239290566001,2.117280775604839,9.498718837206347,47,840402576
lulc_01006,lulc,217,3,barren,quarry,0.6689453125,0.044135199652777776,0.10384114583333333,0.1830783420138889,0.6689453125,0.0,0.6074010538910679,0.8376600844616776,0.2230636388846133,3.6454607838672857,48,527407092
lulc_01007,lulc,213,0,water,harbour,0.8159722222222222,0.8159722222222222,0.0,0.0,0.1840277777777778,0.0,1.8471545563305365,1.40027743620864,0.7828127547005417,10.90580313757448,86,1523456885
lulc_01008,lulc,210,2,built_up,harbour,0.8460557725694444,0.07902018229166667,0.0,0.8460557725694444,0.0749240451388889,0.0,1.515227563214779,0.8125575159701733,1.9980619943556315,8.659151168213574,57,1222589524
lulc_01009,lulc,226,4,cropland,farmland,0.62255859375,0.37744140625,0.0,0.0,0.0,0.62255859375,2.2330702799360886,1.7373506924727558,2.1568266022456513,8.704741665177611,87,1196248149
lulc_01010,lulc,222,0,water,river_delta,0.6692437065972222,0.6692437065972222,0.0,0.0,0.14344618055555555,0.1873101128472222,1.3036751796495534,1.379210281168302,1.8127683000196295,1.4513078279840403,90,755268340
lulc_01011,lulc,224,0,water,river_delta,1.0,1.0,0.0,0.0,0.0,0.0,1.638573843374124,1.3656093792426578,3.0822021822294436,0.2405578544813345,82,92222948
lulc_01012,lulc,222,3,barren,quarry,0.6312391493055556,0.0,0.05723741319444445,0.3115234375,0.6312391493055556,0.0,1.4594386991173667,1.4776931748296094,1.4384041847525981,4.86625257452279,50,1650345147
lulc_01013,lulc,236,2,built_up,urban_grid,1.0,0.0,0.0,1.0,0.0,0.0,2.2171084633904896,1.3528032789132511,1.226472937042998,3.8759044776001055,46,1587511496
lulc_01014,lulc,234,3,barren,quarry,0.8802897135416666,0.08550347222222222,0.03420681423611111,0.0,0.8802897135416666,0.0,0.6594032544263738,1.8394304988232646,2.1198152507620653,3.4884497982798126,72,1156657776
lulc_01015,lulc,239,1,vegetation,quarry,1.0,0.0,1.0,0.0,0.0,0.0,1.179867051113594,1.4029290521947977,1.0257955144952462,2.4668602867627394,75,627727982
lulc_01016,lulc,235,0,water,river_delta,0.6925726996527778,0.6925726996527778,0.1250271267361111,0.0,0.04578993055555555,0.13661024305555555,1.3624445190102916,2.019005724898856,1.7126452047516085,0.11334625260181674,82,1864763013
lulc_01017,lulc,221,0,water,quarry,0.8218587239583334,0.8218587239583334,0.0,0.17814127604166666,0.0,0.0,1.5383522882279705,1.0167902687477348,2.940802995420933,11.950529885279108,57,311992555
lulc_01018,lulc,228,2,built_up,urban_grid,0.6620279947916666,0.0,0.1269802517361111,0.6620279947916666,0.2109917534722222,0.0,0.9004379689895861,0.6410377433594339,1.159748813174344,1.8798181589779608,51,1384759614
lulc_01019,lulc,218,3,barren,quarry,0.6488715277777778,0.3511284722222222,0.0,0.0,0.6488715277777778,0.0,2.096589368424481,0.644013611642506,0.7681813401421298,9.800884131008488,62,2009498791
lulc_01020,lulc,222,3,barren,urban_grid,0.9506293402777778,0.0,0.00029839409722222225,0.049072265625,0.9506293402777778,0.0,1.5176752009842402,0.8561507730994928,0.17725066237442574,10.650037967280664,55,2018759697
lulc_01021,lulc,232,2,built_up,urban_grid,0.8675401475694444,0.0,0.13245985243055555,0.8675401475694444,0.0,0.0,2.3067996855913906,0.7762863548488999,1.8837052695277194,8.959514861661518,76,44212976
lulc_01022,lulc,239,3,barren,river_delta,0.712646484375,0.10107421875,0.03857421875,0.0,0.712646484375,0.147705078125,2.1255113287261547,0.8309845989318012,2.9912002081231637,6.4937867745098545,68,673553648
lulc_01023,lulc,236,2,built_up,harbour,0.6857367621527778,0.12432183159722222,0.0,0.6857367621527778,0.18994140625,0.0,0.852648415987323,1.6358930690934521,2.4585521823268404,1.7876147518223426,93,1488410572
lulc_01024,lulc,215,3,barren,urban_grid,0.6667751736111112,0.0,0.1333550347222222,0.19986979166666666,0.6667751736111112,0.0,1.7628807852304051,0.8804283050822979,2.826724001057358,0.32120265704135287,74,1492560698
lulc_01025,lulc,231,1,vegetation,urban_grid,0.6848415798611112,0.0,0.6848415798611112,0.2757703993055556,0.039388020833333336,0.0,2.1613455292858794,1.5309081207876583,0.8008146543923389,9.664340567391644,76,184698204
lulc_01026,lulc,238,1,vegetation,river_delta,1.0,0.0,1.0,0.0,0.0,0.0,1.5663230604061633,2.0106224404483433,0.5132272681778013,11.503826571666607,87,1205414796
lulc_01027,lulc,237,2,built_up,urban_grid,1.0,0.0,0.0,1.0,0.0,0.0,1.4327196364650054,1.0769060386867495,2.428142666222658,9.87344636974781,68,1803187508
lulc_01028,lulc,214,0,water,river_delta,1.0,1.0,0.0,0.0,0.0,0.0,2.033725253305487,0.73938550218877,2.313121864931812,8.890486337055886,93,646532080
lulc_01029,lulc,224,3,barren,river_delta,0.8737250434027778,0.0,0.1262749565972222,0.0,0.8737250434027778,0.0,0.9967828858570948,1.840367012818192,0.6298868133381548,11.924612629566772,64,165180070
lulc_01030,lulc,229,2,built_up,quarry,0.8457845052083334,0.027723524305555556,0.02783203125,0.8457845052083334,0.0986599392361111,0.0,1.501419740662946,1.1695453206152884,2.9477567678521375,11.992904486536236,92,816646048
lulc_01031,lulc,239,1,vegetation,quarry,1.0,0.0,1.0,0.0,0.0,0.0,1.5256244907703385,2.107173306729884,0.9160750623390972,2.84003261964245,56,534221608
lulc_01032,lulc,210,1,vegetation,quarry,0.9619954427083334,0.0,0.9619954427083334,0.038004557291666664,0.0,0.0,0.7189871972926569,1.1157257681393262,2.114408209746703,9.242386271804984,58,1090668625
lulc_01033,lulc,215,0,water,quarry,0.9039442274305556,0.9039442274305556,0.03366427951388889,0.05921766493055555,0.003173828125,0.0,1.5423330323054534,1.1422629244217561,0.0276013292083849,7.7432022097632816,92,350184858
lulc_01034,lulc,213,2,built_up,urban_grid,0.8793131510416666,0.0,0.024820963541666668,0.8793131510416666,0.09586588541666667,0.0,1.4651000259703868,1.5220265182122406,1.3183854464999432,0.5455407111705459,47,430827883
lulc_01035,lulc,224,0,water,river_delta,0.7392035590277778,0.7392035590277778,0.07194010416666667,0.0,0.0,0.18885633680555555,2.039578996940621,0.6541168429577034,2.834756256819638,9.601576684717532,56,1932528893
lulc_01036,lulc,211,0,water,harbour,0.9404025607638888,0.9404025607638888,0.0,0.04332139756944445,0.016276041666666668,0.0,1.2450872107215738,1.4119781765497863,0.2549429788284027,6.236741448933464,52,470067009
lulc_01037,lulc,219,1,vegetation,quarry,0.8016221788194444,0.15858289930555555,0.8016221788194444,0.031222873263888888,0.008572048611111112,0.0,1.7818834351580408,1.6693199904433684,1.451443113011047,7.280770099234077,50,604427981
lulc_01038,lulc,222,1,vegetation,quarry,0.8270670572916666,0.052490234375,0.8270670572916666,0.0,0.12044270833333333,0.0,2.0811299447729055,1.6875070880601375,2.601258145083797,2.8340181890682206,71,772233465
lulc_01039,lulc,214,4,cropland,farmland,1.0,0.0,0.0,0.0,0.0,1.0,1.886764814548426,1.4595271975583528,2.079041755517738,0.2936589927016233,94,1952300731
lulc_01040,lulc,222,1,vegetation,river_delta,0.9081759982638888,0.0,0.9081759982638888,0.0,0.0,0.0918240017361111,1.162212861881812,1.7642859116070935,2.009103630970524,2.5417852556359595,47,547166445
lulc_01041,lulc,232,0,water,river_delta,0.7517903645833334,0.7517903645833334,0.06746419270833333,0.0,0.18074544270833334,0.0,1.4130429514951075,1.7421359852717422,1.3174369919865154,3.3036263570991165,87,706434060
lulc_01042,lulc,230,3,barren,river_delta,0.7081976996527778,0.0,0.2918023003472222,0.0,0.7081976996527778,0.0,1.637093615793412,1.5654541606150187,2.969763283773924,7.8396692515935555,85,700575302
lulc_01043,lulc,231,3,barren,river_delta,0.673583984375,0.045003255208333336,0.05398220486111111,0.0,0.673583984375,0.22743055555555555,1.1538387020723095,1.8718150749415887,1.4865206907476507,11.265235404110001,79,1295388918
lulc_01044,lulc,224,4,cropland,river_delta,0.692626953125,0.2265896267361111,0.0807834201388889,0.0,0.0,0.692626953125,1.9350272840922718,1.1937600526635155,0.6659303111260293,8.717918170402857,53,857773594
lulc_01045,lulc,231,0,water,river_delta,0.796142578125,0.796142578125,0.203857421875,0.0,0.0,0.0,1.6813166737654002,2.090696102661461,1.9112646015674566,4.4620119970027154,92,1516812818
lulc_01046,lulc,214,3,barren,urban_grid,0.8252766927083334,0.0,0.0,0.17472330729166666,0.8252766927083334,0.0,2.1845163305537314,1.5883158228685987,0.13445745850116017,3.723823153677117,50,627912792
lulc_01047,lulc,227,4,cropland,farmland,0.8889702690972222,0.04391818576388889,0.045979817708333336,0.021131727430555556,0.0,0.8889702690972222,1.781415019654974,1.2922315194125096,1.8740472328419382,3.0368310345227862,57,1777095255
lulc_01048,lulc,238,1,vegetation,urban_grid,0.7553168402777778,0.0,0.7553168402777778,0.13243272569444445,0.11225043402777778,0.0,1.5543363571144162,2.2537103404805348,1.705823435252387,1.2169978191407846,55,1398283081
lulc_01049,lulc,235,1,vegetation,farmland,1.0,0.0,1.0,0.0,0.0,0.0,1.065629138784488,0.8443263150852254,2.4610843758701093,6.607589943731131,54,1659352161
lulc_01050,lulc,232,4,cropland,farmland,0.8010525173611112,0.0,0.0952419704861111,0.10370551215277778,0.0,0.8010525173611112,1.9925452914279993,1.734885118043941,0.3445091762940054,5.391740054447725,93,1701303665
lulc_01051,lulc,212,0,water,river_delta,1.0,1.0,0.0,0.0,0.0,0.0,0.7105885324404622,1.6677060890888629,0.1917946853813142,7.894868965412469,56,389464674
lulc_01052,lulc,231,3,barren,river_delta,0.8875325520833334,0.0,0.0,0.0,0.8875325520833334,0.11246744791666667,1.5840392171305784,2.226659051916993,1.1372177312352303,4.78275424959614,55,1355935322
lulc_01053,lulc,212,1,vegetation,farmland,0.8807237413194444,0.042290581597222224,0.8807237413194444,0.0,0.0,0.07698567708333333,1.948526174420433,1.0495321638510569,2.466698753139814,3.8727871033840406,87,1018714454
lulc_01054,lulc,217,3,barren,quarry,0.9074978298611112,0.037407769097222224,0.014133029513888888,0.040961371527777776,0.9074978298611112,0.0,1.3478291837387868,0.9399950550515566,3.119321770492462,0.6924613524664456,79,1399145459
lulc_01055,lulc,215,0,water,harbour,1.0,1.0,0.0,0.0,0.0,0.0,1.6955076523557793,2.2175879612700826,0.6849138656338579,5.569879890912871,66,1317165844
lulc_01056,lulc,221,4,cropland,farmland,0.5980088975694444,0.034722222222222224,0.08726671006944445,0.2800021701388889,0.0,0.5980088975694444,1.1896073717462516,0.9066868289934369,1.3564696304359598,2.1673643045066013,67,1323822002
lulc_01057,lulc,234,3,barren,urban_grid,1.0,0.0,0.0,0.0,1.0,0.0,1.177354503911101,2.373389613305589,0.027881312729126983,11.310768673435255,53,799125503
lulc_01058,lulc,213,3,barren,river_delta,0.8742133246527778,0.1257866753472222,0.0,0.0,0.8742133246527778,0.0,1.3773832794772567,0.9843638635166774,0.6148209072419628,5.512157402096373,53,337748230
lulc_01059,lulc,232,3,barren,urban_grid,0.9227159288194444,0.0,0.07728407118055555,0.0,0.9227159288194444,0.0,1.0970926869689868,2.0828276888461454,3.0046280722507186,3.1592414754245346,64,982662774
lulc_01060,lulc,231,0,water,harbour,0.8272840711805556,0.8272840711805556,0.0,0.10264756944444445,0.070068359375,0.0,1.9703640925314598,1.550069994026026,2.358990355736138,0.002196177697202817,73,1038548690
lulc_01061,lulc,236,3,barren,quarry,0.7804904513888888,0.2195095486111111,0.0,0.0,0.7804904513888888,0.0,1.8728578404243068,0.8469947861546935,0.027188405013796085,2.9411996195890597,55,136992452
lulc_01062,lulc,218,3,barren,urban_grid,0.8808051215277778,0.0,0.03602430555555555,0.08317057291666667,0.8808051215277778,0.0,1.986220150169312,1.565626325512386,3.07416412695385,3.4463639183636134,59,206755778
lulc_01063,lulc,224,0,water,river_delta,0.8565266927083334,0.8565266927083334,0.011121961805555556,0.0,0.060221354166666664,0.07212999131944445,0.7956831479205417,1.4250969101592168,2.200895715904976,7.286517105050752,77,587521555
lulc_01064,lulc,219,1,vegetation,river_delta,1.0,0.0,1.0,0.0,0.0,0.0,1.2367152732723616,2.293342702319146,1.8776684778733137,7.670234797156279,55,1840722855
lulc_01065,lulc,223,2,built_up,urban_grid,0.6666937934027778,0.0,0.3333062065972222,0.6666937934027778,0.0,0.0,0.8553376946032016,1.8828926118027929,2.7921633623222126,5.177673524413237,68,2086537061
lulc_01066,lulc,225,2,built_up,urban_grid,0.8265787760416666,0.0,0.03469509548611111,0.8265787760416666,0.1387261284722222,0.0,1.3304390876424406,1.1764255711655107,1.3103880485254809,2.595433218173423,90,352295948
lulc_01067,lulc,224,3,barren,river_delta,0.6216905381944444,0.038031684027777776,0.0,0.0,0.6216905381944444,0.3402777777777778,1.2591486754246701,0.9092535493561387,2.077154880600532,9.525675886833039,81,433827306
lulc_01068,lulc,236,0,water,harbour,0.874755859375,0.874755859375,0.0,0.022108289930555556,0.10313585069444445,0.0,1.8850240730163002,1.6689306502174088,0.6489714583660794,4.818817854621208,75,1465414649
lulc_01069,lulc,236,3,barren,quarry,0.8087565104166666,0.12483723958333333,0.004286024305555556,0.06212022569444445,0.8087565104166666,0.0,1.2701960587040282,0.745002213438193,0.8851781827960393,11.613244954431824,49,77469541
lulc_01070,lulc,231,0,water,harbour,0.5970323350694444,0.5970323350694444,0.0,0.20689561631944445,0.1960720486111111,0.0,1.4802972467677349,2.0761878361668797,2.3577317102855413,6.1625953751324145,74,2121271259
lulc_01071,lulc,211,2,built_up,harbour,1.0,0.0,0.0,1.0,0.0,0.0,0.640266892495136,2.2504790954294607,2.883759268728496,5.916833328105751,70,1461568966
lulc_01072,lulc,238,2,built_up,harbour,0.8916286892361112,0.050482855902777776,0.0,0.8916286892361112,0.05788845486111111,0.0,1.9321112674383363,1.7026617394456545,1.3064157160468557,0.029059934424400247,47,843064888
lulc_01073,lulc,218,2,built_up,urban_grid,0.8624403211805556,0.0,0.0,0.8624403211805556,0.13755967881944445,0.0,1.2718160473329918,2.229823602404562,0.6301906355365676,8.738127557367223,55,955926093
lulc_01074,lulc,210,4,cropland,farmland,0.89013671875,0.03355577256944445,0.009494357638888888,0.06681315104166667,0.0,0.89013671875,2.0806827168344046,1.454580617901977,1.883380672224669,5.287484852945451,88,1843004223
lulc_01075,lulc,210,3,barren,river_delta,0.9497612847222222,0.04367404513888889,0.006564670138888889,0.0,0.9497612847222222,0.0,2.1421922006678327,1.2741174400174604,1.7237585796877262,9.692138579795444,83,1468576843
lulc_01076,lulc,214,2,built_up,harbour,0.623291015625,0.376708984375,0.0,0.623291015625,0.0,0.0,0.9266632410660962,1.5641455571177096,2.75396385619448,11.47859533487555,56,1040157491
lulc_01077,lulc,230,1,vegetation,river_delta,0.7520073784722222,0.0,0.7520073784722222,0.0,0.0,0.2479926215277778,1.1985134791473608,2.312507003626518,2.2048331670589834,0.6918804472868305,72,1045667294
lulc_01078,lulc,237,0,water,river_delta,0.6585828993055556,0.6585828993055556,0.3190104166666667,0.0,0.022406684027777776,0.0,0.9522941916131153,0.6864497766975045,2.5775446375330744,4.761232098176994,62,1996356655
lulc_01079,lulc,214,2,built_up,urban_grid,0.9313422309027778,0.0,0.06865776909722222,0.9313422309027778,0.0,0.0,0.7742258344896888,0.7662235966597701,1.7174848391804785,10.290488464464447,74,200939004
lulc_01080,lulc,216,3,barren,quarry,1.0,0.0,0.0,0.0,1.0,0.0,2.3602864413039346,1.0823250159568805,0.8844059077857828,5.060932683711476,50,1194360650
lulc_01081,lulc,215,2,built_up,urban_grid,0.7192925347222222,0.0,0.0,0.7192925347222222,0.2807074652777778,0.0,0.9356054674413228,2.003691953636693,0.47864604235909236,4.293970975776832,60,108158817
lulc_01082,lulc,221,3,barren,quarry,0.9511447482638888,0.0,0.04885525173611111,0.0,0.9511447482638888,0.0,1.5836596455338932,1.4979145873006754,0.4857258576832057,11.990281950060654,85,1959089343
lulc_01083,lulc,216,2,built_up,urban_grid,0.822021484375,0.0,0.073486328125,0.822021484375,0.1044921875,0.0,1.9044599703286242,2.05208684466615,2.0421587244639565,11.329982936755949,78,416595454
lulc_01084,lulc,211,0,water,harbour,1.0,1.0,0.0,0.0,0.0,0.0,1.2142767699146595,0.9883163679869691,0.061772415955129965,11.265882046900119,87,1602954772
lulc_01085,lulc,217,3,barren,river_delta,0.7278917100694444,0.0,0.0,0.0,0.7278917100694444,0.2721082899305556,2.0773468256753365,2.148031610961672,1.5628375946845654,10.869412193378317,66,744623448
lulc_01086,lulc,228,4,cropland,farmland,0.6829969618055556,0.0,0.04001193576388889,0.2769911024305556,0.0,0.6829969618055556,1.7201955169081518,2.348114609470483,1.510100907846047,10.290953902127141,93,1596331656
lulc_01087,lulc,232,4,cropland,farmland,0.7615288628472222,0.1003689236111111,0.13810221354166666,0.0,0.0,0.7615288628472222,2.1009025876542338,0.9548205608982947,1.5451853431181304,0.9806616436040319,74,324779471
lulc_01088,lulc,231,2,built_up,harbour,0.647216796875,0.352783203125,0.0,0.647216796875,0.0,0.0,1.8743713500306622,1.2375218612743004,1.1528610610970644,5.4727237113245835,91,1651137513
lulc_01089,lulc,236,0,water,harbour,0.7484266493055556,0.7484266493055556,0.0,0.17325846354166666,0.07831488715277778,0.0,1.897024617295743,1.2608062675470402,2.625173486875906,5.0264529914694105,83,1716829999
lulc_01090,lulc,223,3,barren,river_delta,0.888916015625,0.049994574652777776,0.061089409722222224,0.0,0.888916015625,0.0,1.9807583865791853,0.8393535853039105,1.0277974890395345,3.0032677939497177,80,168454692
lulc_01091,lulc,227,3,barren,river_delta,0.7717556423611112,0.1477322048611111,0.0,0.0,0.7717556423611112,0.08051215277777778,2.1048408612740577,1.6917683448658791,1.3317595876843495,10.246311094200072,58,1883964075
lulc_01092,lulc,232,2,built_up,urban_grid,0.7827962239583334,0.0,0.005696614583333333,0.7827962239583334,0.21150716145833334,0.0,1.436138050637556,2.3101644383449824,1.3176715181134826,3.4114427879822213,51,2119992009
lulc_01093,lulc,239,4,cropland,farmland,0.90576171875,0.0,0.09423828125,0.0,0.0,0.90576171875,0.9120429982881382,0.8937590582683308,0.8949401353700028,6.101984622147041,68,2018804361
lulc_01094,lulc,228,4,cropland,farmland,0.7897135416666666,0.21028645833333334,0.0,0.0,0.0,0.7897135416666666,1.9699786846850462,2.3255627371722816,0.17603220010769685,5.691921839533335,90,813817660
lulc_01095,lulc,225,3,barren,river_delta,0.7568901909722222,0.0,0.1230740017361111,0.0,0.7568901909722222,0.12003580729166667,1.7916851751851994,1.6443587104765793,1.7118017429040544,1.7763630538129132,53,1458972659
lulc_01096,lulc,239,1,vegetation,farmland,0.6612141927083334,0.04006618923611111,0.6612141927083334,0.031575520833333336,0.0,0.2671440972222222,1.29091470188495,1.5158346563816991,0.862308955881828,3.1324279572087654,60,465010536
lulc_01097,lulc,225,1,vegetation,river_delta,0.8092719184027778,0.0,0.8092719184027778,0.0,0.1907280815972222,0.0,1.454476772165627,1.2508309784561682,2.5303374464839257,6.391378574484186,65,820112681
lulc_01098,lulc,220,0,water,harbour,0.8279622395833334,0.8279622395833334,0.0,0.163818359375,0.008219401041666666,0.0,2.0728558966604425,0.9730157718630159,2.8496303577553124,1.255183001448811,59,502258200
lulc_01099,lulc,233,4,cropland,farmland,1.0,0.0,0.0,0.0,0.0,1.0,1.7303361756554403,1.261648174635597,2.4773711694513616,6.252189527424607,83,444221617
lulc_01100,lulc,233,0,water,harbour,0.6325141059027778,0.6325141059027778,0.0,0.196533203125,0.1709526909722222,0.0,1.4687642718068343,2.268601858407981,0.07979005364995342,0.2635430816975797,82,1639272416
lulc_01101,lulc,230,4,cropland,farmland,0.8326822916666666,0.0,0.16731770833333334,0.0,0.0,0.8326822916666666,1.2611604735555517,1.470574654766366,1.2717015601245751,7.89492967782557,51,1270591518
lulc_01102,lulc,230,0,water,quarry,0.7501627604166666,0.7501627604166666,0.24983723958333334,0.0,0.0,0.0,1.1795084964431877,0.791967351258837,1.8624643544009511,4.285603175764116,72,36248918
lulc_01103,lulc,232,4,cropland,farmland,1.0,0.0,0.0,0.0,0.0,1.0,1.8608329625542694,1.5194693100173298,2.113859947071645,3.8981178888916737,68,811802955
lulc_01104,lulc,234,2,built_up,harbour,0.6270345052083334,0.0,0.0,0.6270345052083334,0.3729654947916667,0.0,2.2209366462259066,1.6006238100057684,2.3436193602549094,7.376458468125664,76,1590013207
lulc_01105,lulc,233,3,barren,quarry,0.7727593315972222,0.0,0.009684244791666666,0.2175564236111111,0.7727593315972222,0.0,1.4343320174200092,1.7551682817998877,0.2672012603407951,4.520041111866721,82,707258884
lulc_01106,lulc,225,0,water,river_delta,0.7791341145833334,0.7791341145833334,0.0,0.0,0.0,0.22086588541666666,0.9637936603966087,0.9831630068527732,1.7418305390539948,7.1152910000674385,84,24865991
lulc_01107,lulc,217,4,cropland,farmland,0.7970377604166666,0.06876627604166667,0.00830078125,0.12589518229166666,0.0,0.7970377604166666,1.1939524400046895,1.4343681778236537,0.006041707009858894,11.030894438394702,56,697921813
lulc_01108,lulc,210,4,cropland,farmland,0.8347439236111112,0.1386447482638889,0.003472222222222222,0.023139105902777776,0.0,0.8347439236111112,1.7141760398364618,1.7586823479173073,0.677266494237431,3.265323014174856,46,847470145
lulc_01109,lulc,232,4,cropland,farmland,1.0,0.0,0.0,0.0,0.0,1.0,1.8593180001521614,1.4797027886614933,2.965485792905247,10.483991633418796,49,788175475
lulc_01110,lulc,213,3,barren,quarry,0.9083387586805556,0.0674099392361111,0.024251302083333332,0.0,0.9083387586805556,0.0,0.6132748776671656,0.8755875242511495,1.1074101009151207,1.7922099839571608,79,415750243
lulc_01111,lulc,226,3,barren,quarry,1.0,0.0,0.0,0.0,1.0,0.0,1.0649114564984001,1.2964061276529062,3.1117087675452173,1.2822903225868951,46,1466774255
lulc_01112,lulc,231,2,built_up,urban_grid,0.9617513020833334,0.0,0.029568142361111112,0.9617513020833334,0.008680555555555556,0.0,1.1958979311612494,1.5530247354523214,1.2534762994422823,8.546391380718024,69,1103751945
lulc_01113,lulc,228,2,built_up,urban_grid,0.7059190538194444,0.0,0.2916124131944444,0.7059190538194444,0.002468532986111111,0.0,1.9309354005384338,1.0681045693270015,0.1138980048369505,1.4088948234397343,61,285539002
lulc_01114,lulc,210,4,cropland,farmland,0.5945909288194444,0.4054090711805556,0.0,0.0,0.0,0.5945909288194444,1.2599915595633342,1.4658777696578582,0.9277615502310316,3.2858014935690623,81,50198855
lulc_01115,lulc,220,2,built_up,harbour,0.7431640625,0.2568359375,0.0,0.7431640625,0.0,0.0,0.6695018672463278,0.8329916023032052,1.9373062771188778,8.497564017431866,55,1741083230
lulc_01116,lulc,210,1,vegetation,urban_grid,0.7045627170138888,0.0,0.7045627170138888,0.04456922743055555,0.2508680555555556,0.0,1.213286529736744,1.021135132791515,1.2150479653010795,3.214178895572568,80,440326235
lulc_01117,lulc,215,1,vegetation,farmland,0.8168402777777778,0.036702473958333336,0.8168402777777778,0.11083984375,0.0,0.03561740451388889,1.2704522125233566,2.37001543083761,1.5301420755721296,6.479585488243602,64,132960972
lulc_01118,lulc,222,4,cropland,farmland,0.5977647569444444,0.218994140625,0.08588324652777778,0.09735785590277778,0.0,0.5977647569444444,0.922368778303323,1.336196279554278,0.8092589989244565,8.638829630517153,94,1008057637
lulc_01119,lulc,233,0,water,harbour,0.75927734375,0.75927734375,0.0,0.24072265625,0.0,0.0,0.9027997761519849,1.9196078379292838,2.1540366587168567,10.075158458188787,67,177263612
lulc_01120,lulc,220,1,vegetation,farmland,0.8361002604166666,0.16389973958333334,0.8361002604166666,0.0,0.0,0.0,2.073437475875486,2.1397324378261797,1.5069063462240369,4.915922598937643,46,2007665366
lulc_01121,lulc,215,0,water,harbour,1.0,1.0,0.0,0.0,0.0,0.0,1.7532028113541687,1.3000967058971884,2.1013462240582905,5.2490122560793,56,1266663100
lulc_01122,lulc,217,1,vegetation,urban_grid,0.7013075086805556,0.0,0.7013075086805556,0.06429036458333333,0.2344021267361111,0.0,2.3129049344135155,1.4997813052264015,1.0292657350736842,8.026306551090183,74,2135392504
lulc_01123,lulc,229,0,water,river_delta,0.7601996527777778,0.7601996527777778,0.0,0.0,0.2398003472222222,0.0,2.001932443170004,2.02959297089257,0.10205926787251969,9.527813210215914,81,257311257
lulc_01124,lulc,231,0,water,harbour,1.0,1.0,0.0,0.0,0.0,0.0,1.5321765558201208,1.570120804574953,1.6684700233740977,3.037941463517616,89,629699184
lulc_01125,lulc,237,3,barren,urban_grid,0.7637803819444444,0.0,0.197509765625,0.03870985243055555,0.7637803819444444,0.0,2.163072813405183,0.8973863566429188,2.1904664147239057,5.995657732754411,95,1273552497
lulc_01126,lulc,211,0,water,river_delta,0.6860622829861112,0.6860622829861112,0.0,0.0,0.09038628472222222,0.22355143229166666,2.3327951687397626,1.1917975243120917,1.449805416688932,2.7561243906962942,91,911870863
lulc_01127,lulc,229,4,cropland,farmland,1.0,0.0,0.0,0.0,0.0,1.0,1.0161729214086057,1.7100921301240297,2.6460373802670984,6.944681529984501,91,466256979
lulc_01128,lulc,229,2,built_up,urban_grid,0.8147515190972222,0.0,0.0,0.8147515190972222,0.1852484809027778,0.0,1.4453402173473164,0.814410448742815,0.4941004489739032,1.1023283161770823,51,972714293
lulc_01129,lulc,210,2,built_up,urban_grid,0.8054741753472222,0.0,0.1025119357638889,0.8054741753472222,0.0920138888888889,0.0,2.3908729461081033,0.6493531620320665,0.7285488994265433,4.494113370777985,83,2097018058
lulc_01130,lulc,231,0,water,harbour,1.0,1.0,0.0,0.0,0.0,0.0,2.3853755211725107,1.1202458602290624,3.048516495752565,11.212493012416319,85,595049061
lulc_01131,lulc,211,2,built_up,quarry,0.75146484375,0.0,0.24853515625,0.75146484375,0.0,0.0,1.592535271078086,1.1614670039515886,2.87858031120392,6.742039999660417,75,115253558
lulc_01132,lulc,226,2,built_up,quarry,0.662841796875,0.08818901909722222,0.23209635416666666,0.662841796875,0.016872829861111112,0.0,1.709178437063588,1.0977692973260424,0.6671359460637708,1.9856603279032434,64,714612211
lulc_01133,lulc,231,0,water,harbour,0.7637532552083334,0.7637532552083334,0.0,0.23624674479166666,0.0,0.0,1.1944633048137976,1.3968048761063443,1.8694381983855024,6.360186633451381,55,1950631418
lulc_01134,lulc,221,3,barren,quarry,0.7426486545138888,0.0,0.2380642361111111,0.019287109375,0.7426486545138888,0.0,2.1074285834799866,1.1074620946340576,2.251980513402662,7.93216419249174,63,1929931792
lulc_01135,lulc,221,0,water,quarry,0.7254774305555556,0.7254774305555556,0.054389105902777776,0.0,0.22013346354166666,0.0,0.8532731091868369,0.722046127937628,1.7639932860644574,1.087156617739475,51,1942422222
lulc_01136,lulc,238,0,water,river_delta,0.8744032118055556,0.8744032118055556,0.02685546875,0.0,0.012912326388888888,0.08582899305555555,2.0897204532889693,0.9052661387442607,0.8508229219802796,9.466756641319574,82,82247159
lulc_01137,lulc,233,1,vegetation,river_delta,1.0,0.0,1.0,0.0,0.0,0.0,1.5441371868435714,1.1735061099339856,2.479901351651052,10.49248981373637,58,672082663
lulc_01138,lulc,214,3,barren,quarry,1.0,0.0,0.0,0.0,1.0,0.0,1.6001027103557708,1.0021414093188523,2.0727504161946904,2.146690882937041,69,1575576748
lulc_01139,lulc,215,0,water,river_delta,1.0,1.0,0.0,0.0,0.0,0.0,0.9961664782044618,2.3548770017582283,0.6144150005631603,9.094991833198,59,409406463
lulc_01140,lulc,235,1,vegetation,urban_grid,1.0,0.0,1.0,0.0,0.0,0.0,1.4902165307531456,1.5610025220511685,0.38425240615519174,8.54504023152747,78,571570790
lulc_01141,lulc,222,2,built_up,urban_grid,1.0,0.0,0.0,1.0,0.0,0.0,1.01099121995665,1.879439908214684,0.675179949527675,7.947035060093213,82,942899552
lulc_01142,lulc,225,0,water,river_delta,0.8073187934027778,0.8073187934027778,0.025200737847222224,0.0,0.017632378472222224,0.1498480902777778,1.3349925424069906,1.1236021494475388,0.6814961898550718,4.367039834016428,56,1041544553
lulc_01143,lulc,231,3,barren,quarry,0.7741970486111112,0.2258029513888889,0.0,0.0,0.7741970486111112,0.0,1.3457692987322483,1.0464156997627774,2.105994518408189,4.190859065943755,94,39503891
lulc_01144,lulc,217,0,water,quarry,0.8424479166666666,0.8424479166666666,0.017713758680555556,0.09160698784722222,0.04823133680555555,0.0,2.3580330516439796,1.200187766114822,2.637894042853022,3.7048675264907907,92,1248805635
lulc_01145,lulc,211,0,water,river_delta,0.8240831163194444,0.8240831163194444,0.013346354166666666,0.0,0.0033365885416666665,0.1592339409722222,1.5393752824449,1.8089462955261308,1.0981085980068834,1.115401800368498,67,778730076
lulc_01146,lulc,227,4,cropland,river_delta,0.8438585069444444,0.15614149305555555,0.0,0.0,0.0,0.8438585069444444,0.8533760795509084,1.52384147379653,2.0433942615712075,6.190361427111674,54,746019378
lulc_01147,lulc,211,3,barren,river_delta,0.6432020399305556,0.030978732638888888,0.1164822048611111,0.0,0.6432020399305556,0.20933702256944445,2.199819987009111,2.0652496269823706,1.6860870473156788,0.44446682835399365,61,1433261456
lulc_01148,lulc,224,2,built_up,urban_grid,0.7029893663194444,0.0,0.0,0.7029893663194444,0.2970106336805556,0.0,0.7125113764305032,1.7268592975939416,2.53432641972451,4.878442658449508,66,21570526
lulc_01149,lulc,226,2,built_up,urban_grid,0.9636773003472222,0.0,0.0,0.9636773003472222,0.036322699652777776,0.0,1.3194827642702527,2.158008698432908,1.3174507144899275,8.43078338437705,74,1771567567
lulc_01150,lulc,234,1,vegetation,river_delta,0.7078721788194444,0.0,0.7078721788194444,0.0,0.13807508680555555,0.154052734375,1.1054888057581702,1.2270342165982837,1.2772772939718064,3.733017528158127,80,1844654639
lulc_01151,lulc,211,4,cropland,farmland,0.8461642795138888,0.028754340277777776,0.0,0.12508138020833334,0.0,0.8461642795138888,1.558142764463964,1.7482323121117056,1.2846860407068932,0.8635763499838034,95,2059940600
lulc_01152,lulc,236,4,cropland,river_delta,0.8273111979166666,0.0,0.17268880208333334,0.0,0.0,0.8273111979166666,2.2496273699747733,2.001565067798036,0.6702332272093497,7.208534931869529,75,1951357442
lulc_01153,lulc,224,0,water,harbour,0.6819118923611112,0.6819118923611112,0.0,0.2158203125,0.1022677951388889,0.0,1.231830648465246,1.441591801794586,1.7306664102797662,5.1230900888284605,88,448764617
lulc_01154,lulc,233,4,cropland,farmland,0.8072645399305556,0.04443359375,0.026448567708333332,0.1218532986111111,0.0,0.8072645399305556,1.9496748232015757,1.2316229552737037,0.6657066374190345,3.1347410150773403,48,1071038320
lulc_01155,lulc,224,0,water,river_delta,0.8998480902777778,0.8998480902777778,0.0,0.0,0.10015190972222222,0.0,1.243525046822303,1.98911595790821,1.411341735696027,8.345574433401593,63,1772593995
lulc_01156,lulc,219,3,barren,quarry,0.9168294270833334,0.0,0.08317057291666667,0.0,0.9168294270833334,0.0,1.409074077622564,1.5546841782709562,0.3786907169350431,0.13982317326863125,56,1305298128
lulc_01157,lulc,232,1,vegetation,river_delta,0.9066026475694444,0.029541015625,0.9066026475694444,0.0,0.001736111111111111,0.06212022569444445,2.064891090086436,2.2831456774386463,0.4781213860716623,3.965486539216012,90,1657122032
lulc_01158,lulc,211,2,built_up,urban_grid,0.8481987847222222,0.0,0.0,0.8481987847222222,0.1518012152777778,0.0,1.2389248004861915,1.1627085364052685,0.3822912161546494,7.308493890696493,62,879718939
lulc_01159,lulc,220,3,barren,quarry,0.7533908420138888,0.2466091579861111,0.0,0.0,0.7533908420138888,0.0,1.6892550067367207,0.9826192664244318,2.345313408666236,3.527738992556742,85,582170670
lulc_01160,lulc,227,1,vegetation,farmland,0.8956163194444444,0.020155164930555556,0.8956163194444444,0.043158637152777776,0.0,0.041069878472222224,1.025147067175642,1.7004961673351886,1.2999140052631541,4.477362229274241,81,259164274
lulc_01161,lulc,215,3,barren,urban_grid,0.9041341145833334,0.0,0.04025607638888889,0.055609809027777776,0.9041341145833334,0.0,1.5158648107687531,0.910344548961164,1.473860295860513,6.3123871399106415,82,808659802
lulc_01162,lulc,210,2,built_up,urban_grid,0.6987575954861112,0.0,0.23011610243055555,0.6987575954861112,0.07112630208333333,0.0,1.569251292941166,0.7030385309044689,1.2026227013235693,1.0213989297649588,50,881807477
lulc_01163,lulc,239,3,barren,quarry,0.6490342881944444,0.042290581597222224,0.010308159722222222,0.2983669704861111,0.6490342881944444,0.0,0.9810919277860299,1.732048651819365,0.2990093876311248,9.124029705080327,49,76604025
lulc_01164,lulc,235,2,built_up,urban_grid,0.7503255208333334,0.0,0.03306749131944445,0.7503255208333334,0.2166069878472222,0.0,1.7280789947876922,2.235930424412779,2.08618443947237,6.16934245670941,73,1488195877
lulc_01165,lulc,215,4,cropland,farmland,0.8722873263888888,0.1095920138888889,0.018120659722222224,0.0,0.0,0.8722873263888888,0.6983901240650907,1.1357538452231108,1.6798600284317278,5.468095586383262,93,1471953038
lulc_01166,lulc,234,1,vegetation,farmland,0.8756781684027778,0.0,0.8756781684027778,0.007405598958333333,0.0,0.1169162326388889,1.5093262824706253,1.8981493847321063,2.7454408006915414,2.5854245483983145,52,1211011706
lulc_01167,lulc,225,1,vegetation,river_delta,0.9210069444444444,0.07899305555555555,0.9210069444444444,0.0,0.0,0.0,1.9439731143106438,2.267124189336214,0.6072196919927326,1.2388424895603203,50,1409793361
lulc_01168,lulc,220,0,water,harbour,0.62548828125,0.62548828125,0.0,0.0,0.37451171875,0.0,1.5072574014651676,1.1897870797425507,2.7662798498277947,11.420590846008665,50,496560698
lulc_01169,lulc,215,0,water,river_delta,0.6407877604166666,0.6407877604166666,0.3592122395833333,0.0,0.0,0.0,2.064931111880608,2.391868976070906,0.4697734022550866,1.4071367217875257,89,2046963157
lulc_01170,lulc,233,4,cropland,farmland,0.7674424913194444,0.23255750868055555,0.0,0.0,0.0,0.7674424913194444,1.3467919260869305,2.3680343967537665,2.5023340032147754,6.514424874681431,64,880642371
lulc_01171,lulc,236,2,built_up,quarry,0.70361328125,0.031331380208333336,0.10381401909722222,0.70361328125,0.16124131944444445,0.0,1.6226283543138176,1.7869443401091267,1.3296020720693933,2.8491775092280864,46,1270539139
lulc_01172,lulc,232,4,cropland,farmland,0.7913953993055556,0.022840711805555556,0.052571614583333336,0.13319227430555555,0.0,0.7913953993055556,2.3158305952292486,1.427952526146687,3.002273050810498,8.860420217890333,80,1556591314
lulc_01173,lulc,222,4,cropland,farmland,1.0,0.0,0.0,0.0,0.0,1.0,1.947181768556879,1.4597051183706855,0.055370230216732895,4.027081058858101,78,474469324
lulc_01174,lulc,226,3,barren,quarry,0.7111273871527778,0.038899739583333336,0.24129231770833334,0.008680555555555556,0.7111273871527778,0.0,2.1975924195602747,1.5304665537593376,0.888634992616391,0.3299156698741905,52,91566556
lulc_01175,lulc,223,1,vegetation,quarry,0.7427571614583334,0.0680881076388889,0.7427571614583334,0.05943467881944445,0.12972005208333334,0.0,1.31896394859321,1.9296646977855625,1.9924653034490787,2.3954033040898643,49,1499976630
lulc_01176,lulc,233,1,vegetation,farmland,1.0,0.0,1.0,0.0,0.0,0.0,0.7969689888234754,1.9220482465352813,0.6658843189682205,10.527325721564372,72,831471212
lulc_01177,lulc,225,3,barren,river_delta,0.9471299913194444,0.05287000868055555,0.0,0.0,0.9471299913194444,0.0,0.8604065923956866,1.4715486389515402,1.9389899170442233,10.344457913875932,73,1289509626
lulc_01178,lulc,217,3,barren,quarry,1.0,0.0,0.0,0.0,1.0,0.0,1.954158150828234,0.9365448473143602,2.7325415467735645,7.8068208282737075,84,859302491
lulc_01179,lulc,238,3,barren,quarry,1.0,0.0,0.0,0.0,1.0,0.0,1.0805879725037735,2.2336620128241815,2.9739198041221653,4.541367411090095,84,473877463
lulc_01180,lulc,222,3,barren,river_delta,0.7500813802083334,0.24991861979166666,0.0,0.0,0.7500813802083334,0.0,0.9957745018324954,2.1859018895505997,0.7448521556457697,3.6789024086706994,51,209960628
lulc_01181,lulc,229,0,water,river_delta,0.8233778211805556,0.8233778211805556,0.023030598958333332,0.0,0.1535915798611111,0.0,2.140090579206826,1.442032020843393,0.8805643489716448,3.5496582262250063,57,1996715844
lulc_01182,lulc,226,4,cropland,river_delta,1.0,0.0,0.0,0.0,0.0,1.0,0.9801621347523628,1.0374361543618873,0.6619833506736738,8.676045615868802,77,1045956160
lulc_01183,lulc,238,1,vegetation,farmland,0.6730414496527778,0.039849175347222224,0.6730414496527778,0.024278428819444444,0.0,0.2628309461805556,1.787988712918433,2.293960937623278,0.5802408925963568,7.645938053814419,64,1004811407
lulc_01184,lulc,229,2,built_up,harbour,0.9578721788194444,0.04212782118055555,0.0,0.9578721788194444,0.0,0.0,2.1979944581199558,2.05547247858741,1.2065063212777056,1.0923498161801692,48,1273427748
lulc_01185,lulc,227,3,barren,quarry,0.8040364583333334,0.0,0.07120768229166667,0.124755859375,0.8040364583333334,0.0,2.1668563204615188,1.307941950139377,2.8446902728450807,1.2456739216814001,56,996730151
lulc_01186,lulc,221,0,water,harbour,0.8745388454861112,0.8745388454861112,0.0,0.0,0.1254611545138889,0.0,1.1557457267223885,1.9279318760296604,1.6969473510483681,11.102563844073337,78,1737363118
lulc_01187,lulc,229,1,vegetation,river_delta,1.0,0.0,1.0,0.0,0.0,0.0,1.236057743460083,1.4518989037879795,2.3710162947313154,7.609066940610441,88,415136787
lulc_01188,lulc,237,3,barren,urban_grid,0.9666069878472222,0.0,0.033393012152777776,0.0,0.9666069878472222,0.0,0.6237746057115744,2.201458570124117,0.0774007543659969,6.009770903964521,91,287389223
lulc_01189,lulc,225,0,water,river_delta,0.8222384982638888,0.8222384982638888,0.018744574652777776,0.0,0.06410047743055555,0.09491644965277778,0.8459362160179827,1.9637853445109892,0.6064176142089225,8.678376065750772,50,160292546
lulc_01190,lulc,219,3,barren,quarry,0.9018283420138888,0.035725911458333336,0.062445746527777776,0.0,0.9018283420138888,0.0,2.032140061595958,0.758578010018067,3.115064027470837,10.9733438669668,90,1651834372
lulc_01191,lulc,210,0,water,harbour,0.81103515625,0.81103515625,0.0,0.0,0.18896484375,0.0,0.9147753826821661,1.3839266884893018,3.085432702428854,2.6060980048227873,66,1158797492
lulc_01192,lulc,237,2,built_up,harbour,0.8583441840277778,0.0,0.0,0.8583441840277778,0.1416558159722222,0.0,1.1963773931652835,1.3979031863623395,0.6077925964254538,9.918971633580647,62,1036680301
lulc_01193,lulc,214,3,barren,quarry,0.8034125434027778,0.028672960069444444,0.08707682291666667,0.0808376736111111,0.8034125434027778,0.0,2.008038807444485,2.0698002535814313,2.5589908640831256,6.1228269001471,87,2125820445
lulc_01194,lulc,221,3,barren,quarry,1.0,0.0,0.0,0.0,1.0,0.0,1.880770463932412,1.7374448575539492,1.3721993622810449,7.410450737419204,78,1425854898
lulc_01195,lulc,230,2,built_up,urban_grid,1.0,0.0,0.0,1.0,0.0,0.0,1.753598729616248,1.818542714193832,1.5782086114799796,11.702931585332712,60,1692161750
lulc_01196,lulc,222,3,barren,quarry,0.8348795572916666,0.027696397569444444,0.018391927083333332,0.11903211805555555,0.8348795572916666,0.0,2.395388473914716,1.1823876581346355,2.95235189963589,6.206188356132194,51,1569172516
lulc_01197,lulc,210,0,water,river_delta,1.0,1.0,0.0,0.0,0.0,0.0,1.5006860825703,2.0553841783886506,0.7328334047014677,11.304234914023043,81,1058833455
lulc_01198,lulc,222,1,vegetation,river_delta,0.8352864583333334,0.025010850694444444,0.8352864583333334,0.0,0.04885525173611111,0.0908474392361111,1.1358259792812775,0.6314530390178895,1.9472750279008013,3.0517250676144165,84,1658704366
lulc_01199,lulc,229,1,vegetation,farmland,0.9137098524305556,0.028483072916666668,0.9137098524305556,0.0,0.0,0.057807074652777776,1.6404415923286253,1.4496796359348372,2.298636949698734,1.7222226628611073,67,122033436
lulc_01200,lulc,222,4,cropland,farmland,0.7418891059027778,0.2581108940972222,0.0,0.0,0.0,0.7418891059027778,1.8934980581375642,1.882778643984658,1.2252797389874326,9.24669477718619,57,1457151099
lulc_01201,lulc,220,4,cropland,farmland,0.9058159722222222,0.09418402777777778,0.0,0.0,0.0,0.9058159722222222,1.0219365925511839,0.6207551816036476,2.957635991495193,4.003005096630783,83,1031297521
lulc_01202,lulc,232,4,cropland,farmland,0.875732421875,0.0,0.124267578125,0.0,0.0,0.875732421875,0.6374407794002526,1.8459300186024357,2.228591100890212,4.848373948259864,79,955832606
lulc_01203,lulc,229,3,barren,river_delta,0.7073025173611112,0.16419813368055555,0.021755642361111112,0.0,0.7073025173611112,0.10674370659722222,0.8811938467027015,0.8459826854988135,0.5434170667719339,0.20432958722180006,85,326246907
lulc_01204,lulc,217,1,vegetation,river_delta,0.7005208333333334,0.1069607204861111,0.7005208333333334,0.0,0.06627061631944445,0.1262478298611111,1.1838351650980505,1.096347921688833,2.1375528277515516,5.898642536665754,58,1544525517
lulc_01205,lulc,233,1,vegetation,river_delta,0.6638454861111112,0.0,0.6638454861111112,0.0,0.19004991319444445,0.14610460069444445,1.8144686031400798,0.6409157377444458,0.49302807338701454,3.0333288763893687,56,169822586
lulc_01206,lulc,237,2,built_up,urban_grid,1.0,0.0,0.0,1.0,0.0,0.0,1.3242621637867191,2.3034641416941875,0.31426228441377757,2.7394324666950545,79,1889052416
lulc_01207,lulc,231,0,water,harbour,0.6301812065972222,0.6301812065972222,0.0,0.09589301215277778,0.27392578125,0.0,1.6107887406483123,1.201421815475098,2.254360375133308,3.48160428015901,62,391375766
lulc_01208,lulc,217,0,water,harbour,0.7976616753472222,0.7976616753472222,0.0,0.0693630642361111,0.13297526041666666,0.0,1.0967513724125877,1.8980651143349765,2.3836265757933353,3.341345401930822,81,1191939979
lulc_01209,lulc,217,3,barren,river_delta,0.7233615451388888,0.0,0.2766384548611111,0.0,0.7233615451388888,0.0,0.9191520987023603,1.4619041405787798,1.6566757768144156,8.65896182445805,86,433758047
lulc_01210,lulc,238,4,cropland,farmland,0.7812771267361112,0.08477105034722222,0.056233723958333336,0.07771809895833333,0.0,0.7812771267361112,1.968185149422966,1.2659405840482636,2.2986311728755884,11.195944752914336,67,1881346830
lulc_01211,lulc,215,2,built_up,harbour,0.7930230034722222,0.2069769965277778,0.0,0.7930230034722222,0.0,0.0,2.1296466092892508,2.3191082218374257,0.6495681971552617,10.659772409279997,83,770559211
lulc_01212,lulc,226,4,cropland,farmland,0.9031032986111112,0.0,0.0968967013888889,0.0,0.0,0.9031032986111112,2.124902411914394,1.1026716886317525,1.4083242922337056,1.416601947492166,67,509134223
lulc_01213,lulc,225,4,cropland,river_delta,0.817626953125,0.06719292534722222,0.010036892361111112,0.0,0.10514322916666667,0.817626953125,2.2023841370931927,1.6640557009781993,1.3032192608041837,11.315068454562624,75,823244476
lulc_01214,lulc,238,2,built_up,urban_grid,0.703125,0.0,0.296875,0.703125,0.0,0.0,0.7093009305354641,0.9051356958065684,1.558557473153391,7.181226345686856,63,1497823480
lulc_01215,lulc,236,1,vegetation,quarry,1.0,0.0,1.0,0.0,0.0,0.0,1.2087979848457877,0.9711742824972409,0.6514825353861653,5.024242981478375,53,670603244
lulc_01216,lulc,226,1,vegetation,quarry,0.7102322048611112,0.0,0.7102322048611112,0.0,0.2897677951388889,0.0,2.0401862679627345,1.2253058476634913,1.509523588745602,8.841653296673082,45,2116884816
lulc_01217,lulc,225,0,water,river_delta,0.6891818576388888,0.6891818576388888,0.0,0.0,0.2294379340277778,0.08138020833333333,0.7833903016176826,1.8243342620508725,0.6810378953470319,3.427335099491379,73,510664222
lulc_01218,lulc,219,1,vegetation,farmland,1.0,0.0,1.0,0.0,0.0,0.0,1.687252619995665,2.2338007077731694,1.618667465937866,11.197145516110732,81,1915957233
lulc_01219,lulc,232,3,barren,urban_grid,0.9107801649305556,0.0,0.0,0.08921983506944445,0.9107801649305556,0.0,2.301577820571564,2.2503326754566007,1.380399472542716,1.843682073037932,70,1411758412
lulc_01220,lulc,238,3,barren,quarry,0.9449327256944444,0.032904730902777776,0.0,0.022162543402777776,0.9449327256944444,0.0,1.9836346256182482,0.702888421765101,1.6887076745735516,6.643832674382847,49,1485342562
lulc_01221,lulc,217,0,water,river_delta,0.7160373263888888,0.7160373263888888,0.0,0.0,0.2832845052083333,0.0006781684027777778,1.7961515350891806,1.1458797261825604,0.9918169845373773,5.580897659685279,56,142887654
lulc_01222,lulc,237,0,water,harbour,0.7652723524305556,0.7652723524305556,0.0,0.08037651909722222,0.1543511284722222,0.0,1.1032660690970828,1.9912177913608176,1.1255912952525622,4.81853041084576,88,1326863037
lulc_01223,lulc,219,1,vegetation,river_delta,0.8575846354166666,0.04017469618055555,0.8575846354166666,0.0,0.0,0.10224066840277778,0.885103245204622,0.6530705542839979,2.160061109858615,5.804475643169997,86,857217049
lulc_01224,lulc,210,0,water,river_delta,0.8667805989583334,0.8667805989583334,0.0005154079861111111,0.0,0.06632486979166667,0.0663791232638889,0.9217535080282098,0.6130773243386648,1.4758838297202967,9.838992301196955,62,1375527159
lulc_01225,lulc,222,4,cropland,farmland,0.7218695746527778,0.0,0.039225260416666664,0.23890516493055555,0.0,0.7218695746527778,1.1235159966462347,1.3533285670235187,2.8662615025675797,1.155696011223612,52,1556968785
lulc_01226,lulc,239,0,water,river_delta,1.0,1.0,0.0,0.0,0.0,0.0,2.3099343282657303,1.0232639839914892,1.9540485037777404,7.95391022478457,90,1154538674
lulc_01227,lulc,237,0,water,harbour,0.9776204427083334,0.9776204427083334,0.0,0.022379557291666668,0.0,0.0,1.419127740095539,0.9390120154576452,0.9049809330844255,7.975298123223563,86,1783628287
lulc_01228,lulc,213,2,built_up,urban_grid,1.0,0.0,0.0,1.0,0.0,0.0,1.7095354191271626,2.224327777690063,2.8818113722668692,2.5320838964685612,65,485485195
lulc_01229,lulc,226,2,built_up,urban_grid,0.8497450086805556,0.0,0.0735134548611111,0.8497450086805556,0.07674153645833333,0.0,2.0949745082190065,1.2041757835276719,1.897691827988513,10.394175251528175,66,1373536455
lulc_01230,lulc,218,1,vegetation,river_delta,0.8517252604166666,0.14827473958333334,0.8517252604166666,0.0,0.0,0.0,1.4024963203607932,1.9436234524134655,2.996056015883928,3.661345932875503,91,859660780
lulc_01231,lulc,224,1,vegetation,farmland,0.8400065104166666,0.0771213107638889,0.8400065104166666,0.011257595486111112,0.0,0.07161458333333333,1.388031303822384,1.1761726607531213,0.25350742360782974,2.143166738566784,91,623018256
lulc_01232,lulc,216,0,water,harbour,0.7604709201388888,0.7604709201388888,0.0,0.07552083333333333,0.1640082465277778,0.0,1.1007351740899924,1.2953032785233682,1.436816571986343,9.885182482949707,69,648636757
lulc_01233,lulc,238,2,built_up,quarry,0.7349717881944444,0.023491753472222224,0.2180447048611111,0.7349717881944444,0.023491753472222224,0.0,1.775137316781604,1.5334005675709423,0.689563816924498,10.840841780482513,45,876629643
lulc_01234,lulc,232,1,vegetation,river_delta,0.7759060329861112,0.028076171875,0.7759060329861112,0.0,0.1325141059027778,0.0635036892361111,1.0534848814541418,0.9351919839394609,2.688282058502851,9.796660413637944,67,1601073680
lulc_01235,lulc,217,2,built_up,harbour,1.0,0.0,0.0,1.0,0.0,0.0,1.8499723265066343,1.428665624249675,1.8162368390022827,5.212647421429406,70,1528916931
lulc_01236,lulc,238,4,cropland,farmland,0.8150227864583334,0.047119140625,0.13785807291666666,0.0,0.0,0.8150227864583334,0.9518047732373827,1.452854519880905,0.9051460868644837,9.581595544699441,91,225720421
lulc_01237,lulc,218,3,barren,river_delta,1.0,0.0,0.0,0.0,1.0,0.0,0.8746040939900515,2.3237897642101104,2.4476677201025145,11.45008359679069,45,1638719993
lulc_01238,lulc,215,1,vegetation,river_delta,0.88232421875,0.0,0.88232421875,0.0,0.11767578125,0.0,2.3946181128115334,1.2922326767093621,2.864588474740072,0.6234069161455356,76,1530764952
lulc_01239,lulc,228,1,vegetation,quarry,1.0,0.0,1.0,0.0,0.0,0.0,2.1071877926453584,1.014901198801219,1.5585398579796432,5.802272870624987,67,425857586
lulc_01240,lulc,217,1,vegetation,river_delta,0.8888075086805556,0.023328993055555556,0.8888075086805556,0.0,0.005995008680555556,0.08186848958333333,2.3879580784635888,1.6337522633317412,2.07010325734459,4.259781425042579,81,581556843
lulc_01241,lulc,218,0,water,harbour,0.9142795138888888,0.9142795138888888,0.0,0.054389105902777776,0.031331380208333336,0.0,0.6092607596294505,1.3923206209482268,0.810967503802355,6.161554393787408,63,1201945803
lulc_01242,lulc,212,0,water,river_delta,1.0,1.0,0.0,0.0,0.0,0.0,1.1107705996112798,1.7768172508852436,2.0015557484489763,9.417717874447401,86,248683291
lulc_01243,lulc,226,1,vegetation,farmland,0.7649197048611112,0.0,0.7649197048611112,0.08379448784722222,0.0,0.15128580729166666,1.3306788965087064,0.7252908526889221,2.424344194128362,9.290903763494587,84,1473390905
lulc_01244,lulc,222,1,vegetation,farmland,0.8191460503472222,0.0,0.8191460503472222,0.0,0.0,0.1808539496527778,0.6031953975354899,0.7185983086237919,0.19232090837406096,6.902561167387734,57,426066898
lulc_01245,lulc,216,1,vegetation,river_delta,0.7803005642361112,0.054741753472222224,0.7803005642361112,0.0,0.0,0.16495768229166666,0.616132383810695,1.479485546725647,0.8609691710022294,8.18101331047338,75,1342060518
lulc_01246,lulc,214,4,cropland,farmland,1.0,0.0,0.0,0.0,0.0,1.0,1.313179861299524,2.0518410732787036,2.7734151718562123,5.803613622643628,48,1273335655
lulc_01247,lulc,239,1,vegetation,farmland,0.8858506944444444,0.0,0.8858506944444444,0.0,0.0,0.11414930555555555,2.116360003682544,1.5009202343358683,0.41665991490114507,1.4142537821824956,95,1457286502
lulc_01248,lulc,232,0,water,river_delta,0.6654459635416666,0.6654459635416666,0.09516059027777778,0.0,0.11149088541666667,0.1279025607638889,2.213690809413791,0.9546907704773588,2.9568183525130065,3.7943514371661156,94,1603591233
lulc_01249,lulc,211,1,vegetation,quarry,0.7601996527777778,0.0,0.7601996527777778,0.2398003472222222,0.0,0.0,2.386621621011734,0.8914502140889132,1.2702075611808687,11.820963640083223,52,1027908720
lulc_01250,lulc,234,1,vegetation,farmland,0.6673448350694444,0.0,0.6673448350694444,0.03651258680555555,0.0,0.296142578125,1.8496575693275759,0.9054189330676403,2.0312983708938814,2.0554500743115747,49,697517295
lulc_01251,lulc,217,4,cropland,farmland,0.7191026475694444,0.0,0.2508409288194444,0.030056423611111112,0.0,0.7191026475694444,0.9290998248323343,1.8260456442538393,0.07439664531166307,5.048824788442558,67,1408970707
lulc_01252,lulc,217,2,built_up,urban_grid,0.7676052517361112,0.0,0.2323947482638889,0.7676052517361112,0.0,0.0,1.7730471649201656,0.665197661076927,1.989795697466382,7.311047054663513,62,1115981207
lulc_01253,lulc,210,1,vegetation,farmland,0.80078125,0.1781684027777778,0.80078125,0.021050347222222224,0.0,0.0,1.5073422272455703,2.0235971156318344,1.8372103028508688,2.90831751127199,93,1475879322
lulc_01254,lulc,238,0,water,harbour,1.0,1.0,0.0,0.0,0.0,0.0,2.383908642348153,2.287218316201061,1.8097985466705375,5.171307805343108,76,1911950440
lulc_01255,lulc,231,2,built_up,urban_grid,1.0,0.0,0.0,1.0,0.0,0.0,1.3319258764920483,2.127764507961618,2.245602440398047,10.728926318213126,73,343088718
lulc_01256,lulc,223,3,barren,river_delta,0.7397732204861112,0.0,0.0,0.0,0.7397732204861112,0.2602267795138889,1.36068111593983,2.1181769976541704,3.0525557261566405,9.62739132776197,58,749608486
lulc_01257,lulc,239,4,cropland,farmland,0.9445529513888888,0.0,0.0,0.05544704861111111,0.0,0.9445529513888888,1.5774588866824737,1.1844917003905004,0.8973728939283089,5.311628135642819,56,1573515914
lulc_01258,lulc,238,1,vegetation,farmland,0.776123046875,0.06458875868055555,0.776123046875,0.036214192708333336,0.0,0.1230740017361111,1.686563749883026,1.8156111984603012,0.7986173857200075,4.997904741571245,63,1554314939
lulc_01259,lulc,216,2,built_up,urban_grid,0.743408203125,0.0,0.2119411892361111,0.743408203125,0.04465060763888889,0.0,2.197648888156364,1.5008688398634225,2.8361278807226857,10.722776633701653,68,1975363606
lulc_01260,lulc,221,3,barren,quarry,0.7055935329861112,0.0,0.2944064670138889,0.0,0.7055935329861112,0.0,0.6358699314982691,0.8646386959317249,1.9476929890273784,4.965181867951004,61,18549626
lulc_01261,lulc,218,4,cropland,farmland,0.6933865017361112,0.044108072916666664,0.03358289930555555,0.22892252604166666,0.0,0.6933865017361112,1.0851163141107008,0.7655896467917468,0.997269047127375,11.190971982510556,58,1477716200
lulc_01262,lulc,227,2,built_up,urban_grid,0.8439670138888888,0.0,0.0,0.8439670138888888,0.1560329861111111,0.0,2.0198352651351428,1.9790318689881068,0.7986829997842452,10.149120569913094,83,1834022061
lulc_01263,lulc,230,4,cropland,farmland,1.0,0.0,0.0,0.0,0.0,1.0,1.4695264897552307,0.6646485448921636,0.5146865684043188,4.032827445112947,69,1156795390
lulc_01264,lulc,234,2,built_up,urban_grid,1.0,0.0,0.0,1.0,0.0,0.0,1.7382964960848328,0.9294193288981745,1.3684621531894101,10.426373261990559,92,161352797
lulc_01265,lulc,222,1,vegetation,river_delta,0.830078125,0.04796006944444445,0.830078125,0.0,0.07503255208333333,0.046929253472222224,2.192923841970318,1.4366077610456238,3.067506557031696,6.8422737322977145,69,150631559
lulc_01266,lulc,239,3,barren,urban_grid,1.0,0.0,0.0,0.0,1.0,0.0,0.6298514826518945,1.8078802606189748,1.0125377469000236,3.437508712847661,93,1486696368
lulc_01267,lulc,233,4,cropland,river_delta,0.8975694444444444,0.05506727430555555,0.030327690972222224,0.0,0.017035590277777776,0.8975694444444444,1.5402451882639867,1.5542821231310495,0.5717731383803195,10.402467198204661,92,324249642
lulc_01268,lulc,216,0,water,harbour,1.0,1.0,0.0,0.0,0.0,0.0,1.7827527787301554,1.2749988502861225,2.313817320930694,4.043442667526521,80,1518830910
lulc_01269,lulc,222,4,cropland,farmland,0.7862141927083334,0.023600260416666668,0.028998480902777776,0.1611870659722222,0.0,0.7862141927083334,2.351524267798953,0.7385844109733999,3.093911206720603,5.129185149641364,64,11893046
lulc_01270,lulc,235,0,water,river_delta,1.0,1.0,0.0,0.0,0.0,0.0,0.8633323876387273,0.6481028951191338,2.539579417029805,8.030359683082956,74,149049597
lulc_01271,lulc,214,4,cropland,farmland,1.0,0.0,0.0,0.0,0.0,1.0,1.1683557210009865,1.4205488641177704,1.7258043886357795,5.771476146614168,46,38422642
lulc_01272,lulc,235,3,barren,river_delta,0.6367458767361112,0.3632541232638889,0.0,0.0,0.6367458767361112,0.0,0.8878483474530328,1.8273701392555401,3.0878301991907775,7.787873871846113,84,849125723
lulc_01273,lulc,218,0,water,harbour,0.8458116319444444,0.8458116319444444,0.0,0.11821831597222222,0.035970052083333336,0.0,0.6598473940501869,1.058984405224845,2.792266628581565,8.901297287356233,57,735142813
lulc_01274,lulc,211,0,water,river_delta,0.7240939670138888,0.7240939670138888,0.038818359375,0.0,0.173583984375,0.0635036892361111,2.3791982600865476,0.7191716571137835,1.541971649992784,5.166750929090522,92,493101255
lulc_01275,lulc,224,3,barren,urban_grid,0.8583713107638888,0.0,0.07904730902777778,0.06258138020833333,0.8583713107638888,0.0,0.8694881300489125,1.9203229847049625,1.017469090098571,2.1554099162403153,87,218627590
lulc_01276,lulc,217,0,water,river_delta,0.8976779513888888,0.8976779513888888,0.0,0.0,0.1023220486111111,0.0,2.389964059446389,1.3441716607086556,0.59555566485212,0.5943089901040723,95,1696789072
lulc_01277,lulc,228,2,built_up,urban_grid,0.9457465277777778,0.0,0.054253472222222224,0.9457465277777778,0.0,0.0,0.9473707389761676,1.804174122148329,3.0444276902456626,9.513676291594194,88,77354618
lulc_01278,lulc,232,1,vegetation,river_delta,0.7557237413194444,0.052924262152777776,0.7557237413194444,0.0,0.03428819444444445,0.15706380208333334,1.8992610558277425,1.6456045460125899,0.2330445508670831,10.834430532210394,95,1778010424
lulc_01279,lulc,225,3,barren,river_delta,1.0,0.0,0.0,0.0,1.0,0.0,0.8682310207882493,1.3027428190739707,0.41085563790603674,4.742842025760855,77,4402329
lulc_01280,lulc,218,3,barren,urban_grid,0.6891818576388888,0.0,0.21131727430555555,0.09950086805555555,0.6891818576388888,0.0,1.9773008869075177,1.4294075438719527,2.545428508911396,6.680290567787003,58,1258606339
lulc_01281,lulc,212,3,barren,urban_grid,0.9412706163194444,0.0,0.0020345052083333335,0.056694878472222224,0.9412706163194444,0.0,1.9477092110449035,1.3231680228076472,1.8431187511116742,5.327369480431592,59,198662000
lulc_01282,lulc,227,1,vegetation,river_delta,0.9025607638888888,0.0974392361111111,0.9025607638888888,0.0,0.0,0.0,1.1182655531395338,2.3992887530315206,0.2614674626995225,2.5015326427453437,60,1075655931
lulc_01283,lulc,219,0,water,river_delta,1.0,1.0,0.0,0.0,0.0,0.0,1.7831095205078178,2.188854643585721,1.4944469367619426,7.299124336606834,95,78646436
lulc_01284,lulc,222,4,cropland,farmland,0.7812228732638888,0.0,0.026123046875,0.1926540798611111,0.0,0.7812228732638888,2.159237770742307,1.9692002210102895,0.08335950829101024,9.135052845415672,91,1242691751
lulc_01285,lulc,214,4,cropland,farmland,0.8618706597222222,0.07210286458333333,0.0,0.06602647569444445,0.0,0.8618706597222222,2.3881673393955207,2.3612242733470516,1.439263337883914,0.5838486653702,94,502333031
lulc_01286,lulc,239,3,barren,river_delta,0.8834364149305556,0.0615234375,0.05504014756944445,0.0,0.8834364149305556,0.0,1.3284689389101914,1.5082712324460086,2.9097745888591025,7.071681563759916,60,160296898
lulc_01287,lulc,237,4,cropland,farmland,0.8888888888888888,0.022650824652777776,0.0,0.08846028645833333,0.0,0.8888888888888888,1.133770824146133,2.088650746846319,2.183394674281966,7.016611291127488,47,451753321
lulc_01288,lulc,228,3,barren,river_delta,0.8269314236111112,0.027018229166666668,0.0,0.0,0.8269314236111112,0.1460503472222222,0.743271177347719,2.378698920808249,0.06974475973340216,2.6953023302452537,95,1052198784
lulc_01289,lulc,215,1,vegetation,river_delta,0.84619140625,0.15380859375,0.84619140625,0.0,0.0,0.0,0.6306012648464984,0.6915114799205804,2.6466494877795417,11.013919880193694,92,751415298
lulc_01290,lulc,235,0,water,quarry,0.7161729600694444,0.7161729600694444,0.08314344618055555,0.0,0.20068359375,0.0,1.4456476289722593,1.7214660644841522,1.7503457920836292,9.342735777837724,82,1131162998
lulc_01291,lulc,232,3,barren,quarry,0.757568359375,0.0,0.0,0.242431640625,0.757568359375,0.0,2.0869579150441555,2.0195300634656177,2.977922224198987,11.699107088992687,45,277918421
lulc_01292,lulc,226,2,built_up,urban_grid,0.7977159288194444,0.0,0.0,0.7977159288194444,0.20228407118055555,0.0,1.7432247114665373,1.095668940713224,0.7085952661732339,5.46753198096221,57,764459001
lulc_01293,lulc,227,1,vegetation,farmland,1.0,0.0,1.0,0.0,0.0,0.0,1.1441976343087465,2.0406441932429917,0.4693262412186663,9.990270680685938,78,1052128752
lulc_01294,lulc,221,3,barren,river_delta,0.8648274739583334,0.06898328993055555,0.0,0.0,0.8648274739583334,0.0661892361111111,1.630250270968431,0.779136858152681,1.5567813577898661,11.582808949685518,75,469775294
lulc_01295,lulc,237,0,water,quarry,0.9077419704861112,0.9077419704861112,0.0922580295138889,0.0,0.0,0.0,1.4168739390390426,1.7225248880170128,1.261972641916357,6.767358706395186,90,660499188
lulc_01296,lulc,221,1,vegetation,farmland,0.7128363715277778,0.0,0.7128363715277778,0.09345160590277778,0.0,0.19371202256944445,1.2769180407899485,0.7391004042851648,0.27979785788399386,3.3755436223155364,81,1917858015
lulc_01297,lulc,216,2,built_up,quarry,0.8604058159722222,0.07343207465277778,0.0005967881944444445,0.8604058159722222,0.06556532118055555,0.0,0.7804828896061736,1.1878528959064427,2.615721891641522,7.600312221099808,48,755286235
lulc_01298,lulc,239,0,water,harbour,0.9365776909722222,0.9365776909722222,0.0,0.0,0.06342230902777778,0.0,1.4602065822124792,0.732310605745992,3.036934052626474,11.135173368318721,54,786366441
lulc_01299,lulc,220,4,cropland,farmland,0.8674858940972222,0.08515082465277778,0.03445095486111111,0.012912326388888888,0.0,0.8674858940972222,1.3543521358578872,2.3060716041586935,0.3709868788164145,9.600991184898177,50,175883635
lulc_01300,lulc,212,3,barren,river_delta,0.8080240885416666,0.08490668402777778,0.0,0.0,0.8080240885416666,0.10706922743055555,0.8872491874574059,0.9829139381547107,2.828785315541241,10.743901669160593,65,1690221694
lulc_01301,lulc,212,2,built_up,urban_grid,0.635986328125,0.0,0.364013671875,0.635986328125,0.0,0.0,2.150206309125349,1.868143431640052,0.960010212651267,8.626466842797823,76,1608562096
lulc_01302,lulc,229,4,cropland,farmland,0.8538953993055556,0.0,0.014214409722222222,0.1318901909722222,0.0,0.8538953993055556,2.19802263740712,1.3691017312731177,2.401020126558205,5.821530998301464,54,1566946421
lulc_01303,lulc,226,4,cropland,river_delta,0.9515245225694444,0.04847547743055555,0.0,0.0,0.0,0.9515245225694444,1.899744925769268,0.6450909100010339,0.2948861060144119,9.570392514253449,56,137252224
lulc_01304,lulc,233,4,cropland,farmland,1.0,0.0,0.0,0.0,0.0,1.0,1.6874471932224075,1.248022442823062,1.8562610968549802,7.358187560161722,70,2117097360
lulc_01305,lulc,218,4,cropland,farmland,0.8484429253472222,0.07630750868055555,0.014024522569444444,0.061225043402777776,0.0,0.8484429253472222,2.26062602178302,1.3748666868935453,1.4473661359325376,10.103353233055103,47,802191757
lulc_01306,lulc,228,3,barren,river_delta,0.6971028645833334,0.1421169704861111,0.0,0.0,0.6971028645833334,0.16078016493055555,0.8997174529971559,0.9791640504074655,0.041324837395659494,1.0992986756750898,69,1897771002
lulc_01307,lulc,229,0,water,river_delta,0.6654188368055556,0.6654188368055556,0.0,0.0,0.0,0.3345811631944444,1.3491344774156349,1.5084520738881988,0.3920016792890611,5.521567577843578,91,28114692
lulc_01308,lulc,238,0,water,river_delta,0.5569932725694444,0.5569932725694444,0.1015896267361111,0.0,0.1421440972222222,0.1992730034722222,1.4738243668278734,2.0930531064743314,1.2662616456707823,1.8715707993129134,81,273130209
lulc_01309,lulc,220,1,vegetation,urban_grid,1.0,0.0,1.0,0.0,0.0,0.0,0.9237380402681119,1.305888672209322,0.0007211457852310332,5.286504806661444,50,1453991738
lulc_01310,lulc,216,3,barren,quarry,0.8714192708333334,0.0788302951388889,0.028266059027777776,0.021484375,0.8714192708333334,0.0,2.2073902530810443,1.71437313061955,3.086248081041361,9.79598906509245,47,103733626
lulc_01311,lulc,233,3,barren,quarry,0.9023166232638888,0.0722384982638889,0.0,0.025444878472222224,0.9023166232638888,0.0,1.4112394999705464,2.352247001082674,0.6727475551065352,7.140835370579266,72,43587948
lulc_01312,lulc,239,4,cropland,farmland,1.0,0.0,0.0,0.0,0.0,1.0,2.391551869871245,2.1822244007649267,2.721155569905659,3.1689955792821696,95,963281172
lulc_01313,lulc,223,0,water,harbour,0.9591200086805556,0.9591200086805556,0.0,0.03561740451388889,0.005262586805555556,0.0,1.8999539695389207,2.3649565379535415,0.5884366693677646,7.58455679002688,95,52152390
lulc_01314,lulc,224,0,water,harbour,1.0,1.0,0.0,0.0,0.0,0.0,1.3274037592818473,1.3096514012049187,1.727372026425936,3.8022571514063737,55,426889072
lulc_01315,lulc,213,1,vegetation,river_delta,0.8843315972222222,0.0,0.8843315972222222,0.0,0.0,0.11566840277777778,1.134960953169676,0.7864843934962362,1.9250630312405232,10.965153422695089,50,625407700
lulc_01316,lulc,218,1,vegetation,farmland,0.8229166666666666,0.0,0.8229166666666666,0.17708333333333334,0.0,0.0,2.230346546292347,2.3254102902425333,2.3323881214839086,9.894308339202434,71,1758853719
lulc_01317,lulc,211,4,cropland,river_delta,1.0,0.0,0.0,0.0,0.0,1.0,0.8535708425524023,1.7740516509428783,3.005596222259335,0.5313902147802736,81,354190545
lulc_01318,lulc,221,2,built_up,urban_grid,0.6863878038194444,0.0,0.2859429253472222,0.6863878038194444,0.027669270833333332,0.0,1.503954913751174,1.7349606365940584,0.531947823477977,5.214732168502103,46,854461958
lulc_01319,lulc,227,1,vegetation,farmland,0.8270399305555556,0.0,0.8270399305555556,0.0,0.0,0.17296006944444445,2.1017858562830165,1.5229092057371099,0.7376057401461521,10.132327964214774,86,1450126505
lulc_01320,lulc,221,4,cropland,farmland,0.8202582465277778,0.0,0.1797417534722222,0.0,0.0,0.8202582465277778,0.6909870192997807,2.1855690336922238,0.8794030992761369,10.425633234400038,83,118383493
lulc_01321,lulc,231,2,built_up,urban_grid,0.9532606336805556,0.0,0.0,0.9532606336805556,0.04673936631944445,0.0,1.1972339747816405,2.0571551859251267,2.0476688510591865,5.758622629173755,79,1847440711
lulc_01322,lulc,217,0,water,harbour,0.6462131076388888,0.6462131076388888,0.0,0.3537868923611111,0.0,0.0,1.1130884065657667,2.2048031232845724,0.9508928867521017,4.934846529487469,69,602814432
lulc_01323,lulc,229,2,built_up,harbour,1.0,0.0,0.0,1.0,0.0,0.0,0.7891727434150346,2.1603204453322524,0.7270939574977843,0.8975060897645863,95,1232641624
lulc_01324,lulc,210,0,water,river_delta,0.7814398871527778,0.7814398871527778,0.0,0.0,0.0,0.2185601128472222,1.0272348037184753,0.8399393039864325,0.22946294622210825,6.6250381176910444,62,104406023
lulc_01325,lulc,229,3,barren,quarry,0.8291829427083334,0.10454644097222222,0.0,0.06627061631944445,0.8291829427083334,0.0,1.3399212581556843,1.808571262921455,2.3100837778893553,11.912798527284458,85,2066147204
lulc_01326,lulc,230,2,built_up,urban_grid,0.8305935329861112,0.0,0.16634114583333334,0.8305935329861112,0.0030653211805555555,0.0,1.1485754097202676,1.8332410361466107,2.714351602032256,2.765945912792268,58,855237536
lulc_01327,lulc,221,1,vegetation,farmland,0.7776421440972222,0.1157497829861111,0.7776421440972222,0.03857421875,0.0,0.06803385416666667,1.4901197454330641,1.0370749199910838,2.288483929590243,1.8829757692252578,46,1008528893
lulc_01328,lulc,210,2,built_up,urban_grid,1.0,0.0,0.0,1.0,0.0,0.0,1.7833002502180721,2.3406311101388666,1.0975749767372271,2.261870106440914,92,1774904123
lulc_01329,lulc,218,4,cropland,farmland,0.9523111979166666,0.022162543402777776,0.008273654513888888,0.017252604166666668,0.0,0.9523111979166666,1.4628371572546,1.3615872752028357,2.2384862796236176,10.298674370382049,73,887863001
lulc_01330,lulc,228,0,water,harbour,0.8567979600694444,0.8567979600694444,0.0,0.039388020833333336,0.10381401909722222,0.0,1.6713164750258378,1.6405632402874244,2.8678973115953545,4.05381914458832,86,691599417
lulc_01331,lulc,217,1,vegetation,farmland,0.8682725694444444,0.13172743055555555,0.8682725694444444,0.0,0.0,0.0,0.9047670385755138,1.9582290664212585,0.2601353254798329,2.2949737997272837,83,910541071
lulc_01332,lulc,239,3,barren,quarry,0.6943901909722222,0.0380859375,0.2675238715277778,0.0,0.6943901909722222,0.0,0.7956128404579936,1.3085263184619143,2.3512602100538365,2.692373418213233,73,1377259513
lulc_01333,lulc,228,3,barren,quarry,0.8326822916666666,0.0,0.14689127604166666,0.020426432291666668,0.8326822916666666,0.0,0.8737065341298489,2.3944181913053244,1.5977799147924918,11.458289213882694,84,767600737
lulc_01334,lulc,223,2,built_up,harbour,0.911865234375,0.0,0.0,0.911865234375,0.088134765625,0.0,1.233726389356876,0.9146528224272599,1.6684443297833678,4.410478531307037,75,590243472
lulc_01335,lulc,212,3,barren,river_delta,1.0,0.0,0.0,0.0,1.0,0.0,0.7135077901591614,1.4552072152736129,3.0739842298285645,4.3605094311285155,60,1048678175
lulc_01336,lulc,224,3,barren,quarry,1.0,0.0,0.0,0.0,1.0,0.0,1.918421925414242,0.6518350261807386,1.4504465067518402,2.67659118305344,90,1591523251
lulc_01337,lulc,216,3,barren,river_delta,0.7523328993055556,0.24766710069444445,0.0,0.0,0.7523328993055556,0.0,2.1300761301248645,1.3149867557239392,2.1204851279177603,3.1532492811403956,87,1686313646
lulc_01338,lulc,227,4,cropland,farmland,0.6661241319444444,0.08292643229166667,0.023328993055555556,0.22762044270833334,0.0,0.6661241319444444,2.3776256657652333,1.922189102280635,3.0531842336544024,1.7540013789785647,63,2123260436
lulc_01339,lulc,218,4,cropland,farmland,1.0,0.0,0.0,0.0,0.0,1.0,2.2970013733558132,1.0201844111690461,2.358034863052353,6.541009776175632,70,807313666
lulc_01340,lulc,212,0,water,harbour,0.8468695746527778,0.8468695746527778,0.0,0.1531304253472222,0.0,0.0,0.7675642782931866,0.7297976007868854,1.671065023418878,3.596332274770046,49,1016045379
lulc_01341,lulc,225,3,barren,urban_grid,1.0,0.0,0.0,0.0,1.0,0.0,0.6909190189021777,0.7500707941600706,0.860432554440696,7.401683856448063,91,233994858
lulc_01342,lulc,214,3,barren,quarry,1.0,0.0,0.0,0.0,1.0,0.0,1.3706121602842893,2.305891326709457,2.783421001543307,4.834905472859758,67,1015342577
lulc_01343,lulc,237,1,vegetation,quarry,0.8690321180555556,0.09950086805555555,0.8690321180555556,0.013916015625,0.017550998263888888,0.0,2.3808855182527933,1.544134785526747,0.8567959103504783,4.8899938970187975,54,1735310934
lulc_01344,lulc,226,1,vegetation,quarry,0.8764377170138888,0.1235622829861111,0.8764377170138888,0.0,0.0,0.0,0.6351164177872366,1.6772534936376977,2.3483183664020575,10.674995753727675,78,1371628911
lulc_01345,lulc,224,2,built_up,urban_grid,0.6872829861111112,0.0,0.16682942708333334,0.6872829861111112,0.14588758680555555,0.0,1.2967381907668516,0.8530316110966426,0.25730906211006044,5.270867799621773,85,1583158274
lulc_01346,lulc,227,0,water,river_delta,0.889404296875,0.889404296875,0.007297092013888889,0.0,0.0,0.1032986111111111,1.7270003807077714,1.9594888681683251,1.7266055211823212,2.9391463612363666,70,1371637352
lulc_01347,lulc,220,3,barren,urban_grid,0.7914496527777778,0.0,0.0830349392361111,0.1255154079861111,0.7914496527777778,0.0,0.9150610097960996,1.6362957983952282,0.676444465823595,11.244236630346027,75,876163967
lulc_01348,lulc,238,1,vegetation,quarry,0.7402886284722222,0.048882378472222224,0.7402886284722222,0.060953776041666664,0.1498752170138889,0.0,1.5274195340560588,1.0610323451347938,0.9601427034488665,5.415302899583859,74,15251021
lulc_01349,lulc,227,2,built_up,urban_grid,0.9107530381944444,0.0,0.017578125,0.9107530381944444,0.07166883680555555,0.0,0.9875123344853576,1.1550686012676574,1.3931715090898935,7.704560049267954,81,2038452404
lulc_01350,lulc,238,2,built_up,urban_grid,0.7988009982638888,0.0,0.020589192708333332,0.7988009982638888,0.1806098090277778,0.0,1.9646960349323699,2.3170717023656437,1.8157571399012593,6.247945328497737,51,1544945924
lulc_01351,lulc,222,3,barren,river_delta,0.7996961805555556,0.0705295138888889,0.12977430555555555,0.0,0.7996961805555556,0.0,1.2619235422488904,1.4935173623954812,2.168060353456444,0.10531890961110069,73,1450684543
lulc_01352,lulc,228,2,built_up,urban_grid,0.9142523871527778,0.0,0.0,0.9142523871527778,0.08574761284722222,0.0,0.7154025181784851,0.6489780836985194,1.1044753928642097,1.500547091180994,64,761900841
lulc_01353,lulc,216,4,cropland,farmland,1.0,0.0,0.0,0.0,0.0,1.0,0.7398679445271641,1.509835272214973,0.9373466266594294,6.651895793649963,63,1602473595
lulc_01354,lulc,231,4,cropland,farmland,1.0,0.0,0.0,0.0,0.0,1.0,1.1335173196011998,1.9096767849059675,2.6129578693328206,3.4111638587495903,46,1984778404
lulc_01355,lulc,211,4,cropland,farmland,0.8017035590277778,0.10834418402777778,0.013834635416666666,0.07611762152777778,0.0,0.8017035590277778,0.78922261519338,1.453533720408842,1.7726665824112935,0.35945454904912477,68,1851399160
lulc_01356,lulc,220,2,built_up,urban_grid,1.0,0.0,0.0,1.0,0.0,0.0,1.141349250811312,0.9345942311870223,2.410891571760433,7.463751691841825,56,696768634
lulc_01357,lulc,231,2,built_up,urban_grid,0.8322482638888888,0.0,0.06722005208333333,0.8322482638888888,0.10053168402777778,0.0,1.7171589377675898,1.1813226161658346,2.2004995200295574,0.8312986764607109,52,83857130
lulc_01358,lulc,217,4,cropland,river_delta,1.0,0.0,0.0,0.0,0.0,1.0,0.7065749147859595,0.9578344871235391,0.5332778403619677,4.385141107365609,87,55171920
lulc_01359,lulc,217,3,barren,urban_grid,1.0,0.0,0.0,0.0,1.0,0.0,1.36947813979219,1.504252488097057,2.553789803740208,2.0304785672776973,47,861723593
lulc_01360,lulc,213,4,cropland,farmland,0.8777398003472222,0.0,0.03724500868055555,0.08501519097222222,0.0,0.8777398003472222,0.7164845060921938,1.4039180922395214,1.008692139631483,5.926298883472384,50,1327838698
lulc_01361,lulc,238,4,cropland,farmland,0.7999674479166666,0.039605034722222224,0.0,0.1604275173611111,0.0,0.7999674479166666,0.8774363680116747,1.0683564379885118,3.001694190833655,11.35493091883582,63,2039770310
lulc_01362,lulc,224,2,built_up,urban_grid,0.8245713975694444,0.0,0.1427951388888889,0.8245713975694444,0.032633463541666664,0.0,1.6332131974728807,1.9738923273101259,1.7501751370741438,4.726502520936588,70,1270934619
lulc_01363,lulc,217,1,vegetation,urban_grid,0.5916341145833334,0.0,0.5916341145833334,0.4083658854166667,0.0,0.0,1.5954081014704613,2.2281297474541577,1.2356022575926453,11.743465778484211,66,825768659
lulc_01364,lulc,213,3,barren,quarry,1.0,0.0,0.0,0.0,1.0,0.0,1.889064948505422,1.2536681753261276,1.8411453886878826,3.507917114666674,69,1275626658
lulc_01365,lulc,237,1,vegetation,urban_grid,0.8512641059027778,0.0,0.8512641059027778,0.07408311631944445,0.07465277777777778,0.0,0.6106420058644221,1.2526921296238638,0.9146100281506191,5.579335151352742,79,2088960002
lulc_01366,lulc,220,4,cropland,river_delta,0.6995171440972222,0.23649088541666666,0.0639919704861111,0.0,0.0,0.6995171440972222,0.9674395215782614,1.951640175142264,2.839231279108647,0.8996839896463213,50,2041600686
lulc_01367,lulc,214,2,built_up,urban_grid,0.766357421875,0.0,0.058159722222222224,0.766357421875,0.1754828559027778,0.0,1.511023842190191,2.26750054760677,1.3876461333074965,1.0937897228519788,49,698790834
lulc_01368,lulc,222,3,barren,quarry,1.0,0.0,0.0,0.0,1.0,0.0,1.7635634823478883,1.282844728559306,2.4529367171945196,1.93827478154354,74,1243611320
lulc_01369,lulc,220,2,built_up,urban_grid,1.0,0.0,0.0,1.0,0.0,0.0,1.7699742755124577,1.3981447932284627,0.9701664258241959,1.6989853760659197,52,933756102
lulc_01370,lulc,221,4,cropland,river_delta,1.0,0.0,0.0,0.0,0.0,1.0,1.4848225177554086,2.155878297108377,0.16724881424579383,7.1958965548772325,85,1932903904
lulc_01371,lulc,218,4,cropland,farmland,0.8004286024305556,0.028835720486111112,0.06599934895833333,0.104736328125,0.0,0.8004286024305556,0.8296300682944537,0.9326381871880749,1.373609613663475,5.4088876127620145,46,1030182997
lulc_01372,lulc,223,3,barren,quarry,0.794921875,0.0,0.205078125,0.0,0.794921875,0.0,2.068769603764915,2.052223195483758,0.5465708620783304,11.53544043006371,80,178273093
lulc_01373,lulc,213,2,built_up,urban_grid,1.0,0.0,0.0,1.0,0.0,0.0,0.7700918744244294,1.0289890897668825,0.6532337303764681,9.762213085483252,74,79220069
lulc_01374,lulc,232,1,vegetation,river_delta,0.8081325954861112,0.0,0.8081325954861112,0.0,0.03591579861111111,0.1559516059027778,1.9004347109706905,1.9394771787931977,1.5826925899148827,2.286033466933559,82,979618954
lulc_01375,lulc,214,1,vegetation,urban_grid,1.0,0.0,1.0,0.0,0.0,0.0,2.2031524583443822,2.3511567811789016,1.8012282442691365,7.67782856982382,87,1785137696
lulc_01376,lulc,213,1,vegetation,farmland,0.662841796875,0.037272135416666664,0.662841796875,0.15345594618055555,0.0,0.1464301215277778,1.4467057597304278,1.9587521868640843,0.7847126888385396,1.0431313476851507,63,1669255381
lulc_01377,lulc,225,4,cropland,river_delta,0.6624348958333334,0.047037760416666664,0.1758355034722222,0.0,0.11469184027777778,0.6624348958333334,1.6382440758420023,2.384858523484964,2.6251041352580895,4.399493275557645,92,1681736499
lulc_01378,lulc,231,0,water,harbour,0.6905381944444444,0.6905381944444444,0.0,0.14341905381944445,0.1660427517361111,0.0,1.7193311704789114,1.9256426780601608,0.22669436427866044,7.340765825528015,52,1203359177
lulc_01379,lulc,239,1,vegetation,urban_grid,1.0,0.0,1.0,0.0,0.0,0.0,1.2519272500666474,1.0303365062773422,0.5052393184875302,4.556534503712236,72,2056867795
lulc_01380,lulc,216,0,water,river_delta,1.0,1.0,0.0,0.0,0.0,0.0,1.3510498187176063,1.3239980665339055,0.9057771315236348,4.795607608460449,87,2044933029
lulc_01381,lulc,233,2,built_up,quarry,0.8997938368055556,0.0,0.08439127604166667,0.8997938368055556,0.015814887152777776,0.0,1.935052631639845,1.1843007354184694,0.7904453303199389,0.9209169003185451,72,39584831
lulc_01382,lulc,217,2,built_up,harbour,1.0,0.0,0.0,1.0,0.0,0.0,1.6532649110939683,1.72395942319205,0.28945141212855946,10.356273444848243,66,1843177699
lulc_01383,lulc,228,3,barren,river_delta,0.8014865451388888,0.0,0.1985134548611111,0.0,0.8014865451388888,0.0,1.050061984675022,1.9470050368541485,1.8297815387024035,11.327334742067945,76,1013649500
lulc_01384,lulc,223,4,cropland,farmland,0.8564181857638888,0.0,0.009657118055555556,0.13392469618055555,0.0,0.8564181857638888,0.630407183319203,1.8482167351297316,2.1302982858562527,0.6136210383929721,88,1486912658
lulc_01385,lulc,220,1,vegetation,quarry,0.7425672743055556,0.1709526909722222,0.7425672743055556,0.0,0.08648003472222222,0.0,0.6240285545406359,1.2357486140959346,0.8618617392915231,3.225224823955702,81,1127036901
lulc_01386,lulc,221,2,built_up,urban_grid,0.9178331163194444,0.0,0.0734592013888889,0.9178331163194444,0.008707682291666666,0.0,0.6292467736753111,1.2783852858506046,2.92099130780725,10.259420382769349,87,1388135068
lulc_01387,lulc,225,3,barren,urban_grid,0.8522677951388888,0.0,0.1477322048611111,0.0,0.8522677951388888,0.0,0.7375369059460959,1.438213349338073,0.9281476037385781,11.615864370958187,60,1855488691
lulc_01388,lulc,210,4,cropland,farmland,0.923095703125,0.026882595486111112,0.026068793402777776,0.023952907986111112,0.0,0.923095703125,1.8604003254335115,1.8046266096247603,0.030436291517829124,6.801312641625491,67,1151243091
lulc_01389,lulc,227,3,barren,quarry,0.8050130208333334,0.163330078125,0.0,0.031656901041666664,0.8050130208333334,0.0,0.8090448123271033,1.8588647754820657,1.1411156488981502,2.837965939851098,93,161964386
lulc_01390,lulc,226,0,water,harbour,0.8918999565972222,0.8918999565972222,0.0,0.10810004340277778,0.0,0.0,1.47643089224299,1.979031509379717,0.5788044402738174,6.565038008376819,56,2087070258
lulc_01391,lulc,236,2,built_up,urban_grid,1.0,0.0,0.0,1.0,0.0,0.0,0.7703653576062071,1.624850740277644,3.1376465473916277,7.252184549483358,89,605672127
lulc_01392,lulc,216,2,built_up,harbour,0.7315538194444444,0.2684461805555556,0.0,0.7315538194444444,0.0,0.0,1.5543882078503222,0.7177158246352171,1.224742272737281,8.525358933094736,78,1243952270
lulc_01393,lulc,234,2,built_up,quarry,0.6474066840277778,0.0,0.0,0.6474066840277778,0.3525933159722222,0.0,1.6048060453678188,1.2082605570484026,2.4105668876468793,4.084310870959358,45,1891557011
lulc_01394,lulc,221,3,barren,quarry,0.8776312934027778,0.03342013888888889,0.08894856770833333,0.0,0.8776312934027778,0.0,1.6822280901833304,0.6862763415209602,1.1802567024633697,3.5439351809274586,59,1855989968
lulc_01395,lulc,211,1,vegetation,urban_grid,1.0,0.0,1.0,0.0,0.0,0.0,2.1916204687135394,0.9686581099857655,1.1952549511727693,4.525641982370167,47,96712023
lulc_01396,lulc,217,1,vegetation,farmland,0.7879503038194444,0.025526258680555556,0.7879503038194444,0.048529730902777776,0.0,0.1379937065972222,2.2082266016054515,0.7595956012556646,0.33613726220114026,2.8303471526232107,65,743667129
lulc_01397,lulc,235,2,built_up,harbour,0.8693305121527778,0.07722981770833333,0.0,0.8693305121527778,0.05343967013888889,0.0,1.1557276377524972,0.7835363315198712,1.1161380158261403,6.309085093071214,47,897912628
lulc_01398,lulc,234,1,vegetation,river_delta,1.0,0.0,1.0,0.0,0.0,0.0,2.323602035753463,1.245829145253863,2.5838192214905082,3.017647353405488,81,1027900031
lulc_01399,lulc,234,4,cropland,farmland,0.7172037760416666,0.08086480034722222,0.1767035590277778,0.025227864583333332,0.0,0.7172037760416666,2.0252442866679345,2.3153228203595995,0.9216109626120231,1.0149642507014454,85,1905575527
lulc_01400,lulc,214,4,cropland,river_delta,1.0,0.0,0.0,0.0,0.0,1.0,1.9659011727608533,2.384995935994806,0.8599281415928394,11.470881358385574,54,1680235028
lulc_01401,lulc,227,0,water,harbour,1.0,1.0,0.0,0.0,0.0,0.0,1.0652310794102204,0.9179637990115763,1.2252928401688492,9.495539105441212,76,1439845352
lulc_01402,lulc,237,0,water,harbour,0.6412489149305556,0.6412489149305556,0.0,0.0,0.3587510850694444,0.0,1.5012580326756968,1.1203734581047413,1.3673634511436878,9.890883743788395,59,1379455626
lulc_01403,lulc,224,1,vegetation,river_delta,0.7900661892361112,0.0,0.7900661892361112,0.0,0.025689019097222224,0.18424479166666666,1.8608604510530022,2.0624583349286496,0.9513208823021595,2.628033942918946,72,224671923
lulc_01404,lulc,226,1,vegetation,farmland,0.6256239149305556,0.0,0.6256239149305556,0.3743760850694444,0.0,0.0,2.3724967540947053,1.8574859882580728,0.04365576220603305,11.64717831228942,88,179063147
lulc_01405,lulc,224,1,vegetation,urban_grid,0.7468804253472222,0.0,0.7468804253472222,0.2531195746527778,0.0,0.0,1.3888613611895688,2.2464066987475517,2.2160471036468667,3.525238164448153,90,1341238901
lulc_01406,lulc,211,1,vegetation,farmland,1.0,0.0,1.0,0.0,0.0,0.0,2.0869419835576273,1.8223468131835743,2.964217979467183,0.9717612037113819,74,1022107182
lulc_01407,lulc,239,0,water,harbour,1.0,1.0,0.0,0.0,0.0,0.0,0.6699698644988507,2.2596061999637427,2.899513570440267,10.090902480078272,78,1516309131
lulc_01408,lulc,223,2,built_up,quarry,1.0,0.0,0.0,1.0,0.0,0.0,2.0374728822964228,2.1602086566411924,3.072548494428372,0.06666731138128146,85,63099205
lulc_01409,lulc,236,3,barren,quarry,0.7265353732638888,0.0,0.1278754340277778,0.14558919270833334,0.7265353732638888,0.0,0.6766895162135519,1.6869433051034974,2.7309391274301436,3.2606775037761135,70,1943242388
lulc_01410,lulc,225,4,cropland,river_delta,0.8141547309027778,0.0,0.0,0.0,0.1858452690972222,0.8141547309027778,1.9751213663951632,2.2392638329534624,2.9095066107758942,7.078999469561022,60,1878833483
lulc_01411,lulc,228,1,vegetation,quarry,1.0,0.0,1.0,0.0,0.0,0.0,2.380903500191275,1.4694505952636443,0.6156954881006549,6.008356216504323,81,835217451
lulc_01412,lulc,220,2,built_up,urban_grid,0.9517686631944444,0.0,0.03293185763888889,0.9517686631944444,0.015299479166666666,0.0,1.7263195472556458,0.6726628034894425,2.309204722563692,3.35450749875049,91,329375902
lulc_01413,lulc,231,4,cropland,farmland,0.80859375,0.028021918402777776,0.04928927951388889,0.11409505208333333,0.0,0.80859375,2.0815475523478675,1.1234489351445365,0.13419762151601888,9.019381432236305,56,509835236
lulc_01414,lulc,234,2,built_up,urban_grid,0.8165961371527778,0.0,0.18009440104166666,0.8165961371527778,0.0033094618055555555,0.0,0.9894134183844527,1.9629615224493513,2.3817924653074662,10.930477084976458,45,559570077
lulc_01415,lulc,211,4,cropland,farmland,1.0,0.0,0.0,0.0,0.0,1.0,1.9770207336120191,0.7937051440520405,2.773349907516915,2.7710130387977334,45,111134634
lulc_01416,lulc,231,3,barren,quarry,0.7883843315972222,0.0,0.2116156684027778,0.0,0.7883843315972222,0.0,1.2508481830873124,2.256846292389228,1.7788019519192344,2.977442350339824,86,639999436
lulc_01417,lulc,217,4,cropland,farmland,0.8484700520833334,0.15152994791666666,0.0,0.0,0.0,0.8484700520833334,1.4196627838058307,1.0516331189720356,0.5294933461047135,2.9660011017311754,58,1453348369
lulc_01418,lulc,238,3,barren,urban_grid,1.0,0.0,0.0,0.0,1.0,0.0,0.7756894967191471,2.275941471201308,1.8368372680536071,1.9265784288079457,92,1590454565
lulc_01419,lulc,228,3,barren,quarry,1.0,0.0,0.0,0.0,1.0,0.0,1.7956523569702214,1.2844390422299143,2.8791745852558184,10.59166417236457,52,137968822
lulc_01420,lulc,214,3,barren,river_delta,0.821044921875,0.06298828125,0.019694010416666668,0.0,0.821044921875,0.09627278645833333,1.0000306539808572,1.3150379594400041,0.924114442105303,3.5593386362504353,65,1979048905
lulc_01421,lulc,227,2,built_up,urban_grid,1.0,0.0,0.0,1.0,0.0,0.0,0.9725541777161963,1.5905192786237916,2.601884261940302,10.478425261616563,48,1226021069
lulc_01422,lulc,210,1,vegetation,farmland,0.6131184895833334,0.17979600694444445,0.6131184895833334,0.0,0.0,0.2070855034722222,2.076502146546089,0.9561865452947149,0.2528839909113627,2.6388990329107918,95,743320223
lulc_01423,lulc,222,4,cropland,river_delta,0.8298611111111112,0.03908962673611111,0.1310492621527778,0.0,0.0,0.8298611111111112,0.9847097345497675,1.7462148339791908,2.7620683442768725,10.12956439270682,60,1253299213
lulc_01424,lulc,237,3,barren,quarry,0.6248643663194444,0.3751356336805556,0.0,0.0,0.6248643663194444,0.0,1.5590366585976327,0.9812172675681654,0.08054399691177429,5.090286704734166,48,257724171
lulc_01425,lulc,217,1,vegetation,quarry,1.0,0.0,1.0,0.0,0.0,0.0,1.7253400936117345,1.9205262969558112,1.6122923863924075,2.922179922343074,55,1232697731
lulc_01426,lulc,217,0,water,harbour,0.968994140625,0.968994140625,0.0,0.00029839409722222225,0.030707465277777776,0.0,2.18536905032878,2.3124066352589137,1.328843359959885,8.433697063422043,78,1514186359
lulc_01427,lulc,231,0,water,quarry,0.7363552517361112,0.7363552517361112,0.13680013020833334,0.09242078993055555,0.034423828125,0.0,2.090259429881656,1.6653552336004394,2.8157254383804116,8.060869092625783,74,1335605915
lulc_01428,lulc,235,4,cropland,river_delta,0.8460557725694444,0.0,0.00018988715277777778,0.0,0.1537543402777778,0.8460557725694444,0.600329742166214,1.8429096393599411,0.23928093719360263,6.136725965966758,64,815179531
lulc_01429,lulc,215,0,water,harbour,0.8109537760416666,0.8109537760416666,0.0,0.0,0.18904622395833334,0.0,1.665501748719528,0.9146866802521194,0.4690687037413951,6.034082001944395,57,586923805
lulc_01430,lulc,228,3,barren,river_delta,0.7727864583333334,0.0769314236111111,0.15028211805555555,0.0,0.7727864583333334,0.0,0.8836324465404541,1.3420127596216649,1.3227663145927937,3.9977165772933354,81,333412373
lulc_01431,lulc,238,0,water,harbour,1.0,1.0,0.0,0.0,0.0,0.0,2.096762860876105,1.870443197009855,2.4711833700413957,0.31947192887098685,83,139172334
lulc_01432,lulc,232,1,vegetation,river_delta,0.8897026909722222,0.060628255208333336,0.8897026909722222,0.0,0.003933376736111111,0.045735677083333336,1.7222551333741722,1.2830910987280082,0.032107429129307384,8.037556606176667,49,796554194
lulc_01433,lulc,239,0,water,harbour,1.0,1.0,0.0,0.0,0.0,0.0,1.2195087047537871,2.3289853819863673,2.565154447632747,3.269061267415739,84,1223659789
lulc_01434,lulc,237,3,barren,quarry,0.6850314670138888,0.02490234375,0.2019585503472222,0.0881076388888889,0.6850314670138888,0.0,1.5746853809797372,1.6244786632874995,0.8551572318650206,4.851414805787542,47,562102360
lulc_01435,lulc,219,4,cropland,farmland,1.0,0.0,0.0,0.0,0.0,1.0,2.2721737622558913,0.7142904773461939,0.5424687501427561,0.5367275864790346,69,1083283511
lulc_01436,lulc,218,4,cropland,farmland,0.8788519965277778,0.0,0.04798719618055555,0.07316080729166667,0.0,0.8788519965277778,1.8773275923845438,1.7102239535474943,1.5914335114602969,5.069589667794603,65,2043584894
lulc_01437,lulc,222,0,water,river_delta,0.7813042534722222,0.7813042534722222,0.0,0.0,0.2186957465277778,0.0,2.1923163159499692,1.8423272824997086,0.12936394199052242,7.663048399742195,93,38020770
lulc_01438,lulc,224,3,barren,river_delta,0.7246636284722222,0.22498914930555555,0.050347222222222224,0.0,0.7246636284722222,0.0,1.5720550776891848,1.1062590734799453,1.5188349569014192,9.244095737714435,92,1781977706
lulc_01439,lulc,238,4,cropland,farmland,1.0,0.0,0.0,0.0,0.0,1.0,0.9089975810605639,1.611977542705767,1.409720833772523,9.025952136670035,64,274072396
lulc_01440,lulc,214,3,barren,river_delta,0.6393229166666666,0.03762478298611111,0.1025390625,0.0,0.6393229166666666,0.2205132378472222,2.0822203908454036,0.8656756983789071,2.068697778149863,0.8528168348153198,75,1034333217
lulc_01441,lulc,214,3,barren,river_delta,1.0,0.0,0.0,0.0,1.0,0.0,1.7845980615451271,1.9005135593901863,1.7267694895408465,4.325690338408764,54,1367148758
lulc_01442,lulc,214,0,water,harbour,1.0,1.0,0.0,0.0,0.0,0.0,1.036151855778758,0.6463204119235694,2.889617766857973,9.124967298029524,80,70926151
lulc_01443,lulc,214,2,built_up,urban_grid,0.6637912326388888,0.0,0.08751085069444445,0.6637912326388888,0.24869791666666666,0.0,2.1728851415727783,1.761703007833241,2.879733980461425,7.032647119434648,46,2114896002
lulc_01444,lulc,211,1,vegetation,farmland,0.8741861979166666,0.08995225694444445,0.8741861979166666,0.03586154513888889,0.0,0.0,1.2185939568627147,1.0014214775935777,2.19755620095816,8.485611239346035,65,2092921279
lulc_01445,lulc,234,1,vegetation,farmland,1.0,0.0,1.0,0.0,0.0,0.0,1.3212106733061986,1.3972579392566893,0.4296575802835378,7.388028206558566,89,2044548594
lulc_01446,lulc,220,4,cropland,farmland,0.7389594184027778,0.14998372395833334,0.1110568576388889,0.0,0.0,0.7389594184027778,1.9934355102770978,1.975242892271512,1.727204554617895,7.677911575061851,51,389587161
lulc_01447,lulc,214,3,barren,quarry,1.0,0.0,0.0,0.0,1.0,0.0,1.600384548083992,2.2776386956917234,1.958966162582013,6.795572214377287,49,1731342663
lulc_01448,lulc,236,0,water,harbour,0.6044650607638888,0.6044650607638888,0.0,0.3955349392361111,0.0,0.0,0.9195352128164509,1.8908160241752188,1.9439608189204003,1.0844847979406445,93,1477542956
lulc_01449,lulc,234,4,cropland,farmland,0.8599446614583334,0.04128689236111111,0.087158203125,0.011610243055555556,0.0,0.8599446614583334,1.1377841444114307,1.7468125973722208,1.5206447111402213,6.579149023746254,90,503699010
lulc_01450,lulc,212,1,vegetation,river_delta,0.7158745659722222,0.0683322482638889,0.7158745659722222,0.0,0.21134440104166666,0.004448784722222222,0.9292440887664719,1.3886459389610473,2.674380528151146,10.68991830209399,45,297008205
lulc_01451,lulc,210,0,water,river_delta,0.8727484809027778,0.8727484809027778,0.0,0.0,0.059326171875,0.06792534722222222,1.566815727883239,1.1420144662334621,0.09070017981599536,10.919939922299136,86,101903061
lulc_01452,lulc,239,4,cropland,river_delta,0.6543782552083334,0.0,0.3456217447916667,0.0,0.0,0.6543782552083334,1.2524788010070615,0.9776372593079401,1.8311183322627278,11.537498829900551,73,390251104
lulc_01453,lulc,219,0,water,harbour,1.0,1.0,0.0,0.0,0.0,0.0,1.9220478520854667,0.9097934627326443,1.3582174878914666,11.207671111690459,55,315671846
lulc_01454,lulc,227,4,cropland,farmland,0.7504069010416666,0.0,0.030083550347222224,0.2195095486111111,0.0,0.7504069010416666,1.0904778713128644,1.758320556500192,0.4603312306662555,7.986608267946363,73,1964472239
lulc_01455,lulc,215,2,built_up,urban_grid,0.8950737847222222,0.0,0.09941948784722222,0.8950737847222222,0.005506727430555556,0.0,1.609449667031258,1.312638222661319,3.0343929953295286,3.54529007447245,69,1146532204
lulc_01456,lulc,211,0,water,river_delta,0.6603190104166666,0.6603190104166666,0.0,0.0,0.020046657986111112,0.3196343315972222,1.5675153588386954,1.3218534950419425,1.503997678192876,10.808123874543572,66,860133538
lulc_01457,lulc,223,4,cropland,farmland,0.9191351996527778,0.036322699652777776,0.013346354166666666,0.031195746527777776,0.0,0.9191351996527778,1.6090923606843899,0.840965601620217,2.706521564039376,11.601543929362059,60,324798768
lulc_01458,lulc,222,0,water,river_delta,0.71923828125,0.71923828125,0.0,0.0,0.0,0.28076171875,1.2376234866371565,1.2849561729750303,2.0025905583447776,9.094124883595079,91,2046913289
lulc_01459,lulc,220,1,vegetation,river_delta,0.6761881510416666,0.03982204861111111,0.6761881510416666,0.0,0.1740993923611111,0.1098904079861111,1.3034199026750177,1.7471617304632354,1.3605567771676055,1.8161537442600628,84,844993513
lulc_01460,lulc,221,1,vegetation,farmland,0.7381184895833334,0.1287163628472222,0.7381184895833334,0.13316514756944445,0.0,0.0,1.2201880760513553,0.8846425925555692,1.664950605855784,2.3382210183905836,85,1470779262
lulc_01461,lulc,233,2,built_up,urban_grid,0.7421061197916666,0.0,0.2578938802083333,0.7421061197916666,0.0,0.0,1.4849429218330807,1.1531076322635188,0.10993524024512767,0.9909919896543706,67,882473020
lulc_01462,lulc,216,4,cropland,farmland,0.8809678819444444,0.018798828125,0.016710069444444444,0.0835232204861111,0.0,0.8809678819444444,0.8006466874245414,1.9878399875237287,2.349847976275289,9.999158440321755,55,699281076
lulc_01463,lulc,237,1,vegetation,farmland,0.9302029079861112,0.0,0.9302029079861112,0.0697970920138889,0.0,0.0,0.8294151935310409,1.8181171843581958,2.291724366689386,2.9697089827663787,71,2100362979
lulc_01464,lulc,225,2,built_up,urban_grid,0.8034939236111112,0.0,0.1965060763888889,0.8034939236111112,0.0,0.0,2.3943603107405727,2.0002856430338682,1.7517771127806294,0.6727359682530238,85,340693860
lulc_01465,lulc,227,1,vegetation,farmland,1.0,0.0,1.0,0.0,0.0,0.0,0.7077530388121859,0.8151385269935043,0.0640463968009957,6.464280438505108,53,526346772
lulc_01466,lulc,215,2,built_up,urban_grid,0.6859809027777778,0.0,0.0027669270833333335,0.6859809027777778,0.3112521701388889,0.0,1.4983302219714532,1.4551621842426155,0.49097215595903343,9.159069236071538,72,802960392
lulc_01467,lulc,233,3,barren,river_delta,0.6975368923611112,0.0,0.3024631076388889,0.0,0.6975368923611112,0.0,2.0719918486588718,1.588410484567798,2.6308874399203863,2.0956018314864315,76,1184464815
lulc_01468,lulc,229,0,water,harbour,0.7448187934027778,0.7448187934027778,0.0,0.0,0.2551812065972222,0.0,1.50479957450352,1.3138695299225862,0.1533100540809532,9.845311485192195,81,1197636316
lulc_01469,lulc,224,4,cropland,farmland,0.6636827256944444,0.030083550347222224,0.1474609375,0.15877278645833334,0.0,0.6636827256944444,0.6073725858966961,2.2069733440067356,2.9999287950693114,10.984717713849617,58,1563646726
lulc_01470,lulc,237,4,cropland,farmland,0.9370388454861112,0.030843098958333332,0.03211805555555555,0.0,0.0,0.9370388454861112,2.1777675151723206,2.0072304982051636,1.8291841666417386,2.56470943149222,50,1464374817
lulc_01471,lulc,222,1,vegetation,quarry,1.0,0.0,1.0,0.0,0.0,0.0,1.8981762167794956,1.9005394664197834,1.173633676272157,5.338641933925141,80,1744366012
lulc_01472,lulc,227,1,vegetation,farmland,1.0,0.0,1.0,0.0,0.0,0.0,1.4043777695609871,2.345908632178249,2.344497769659345,0.04915118568489252,47,317866319
lulc_01473,lulc,214,0,water,harbour,0.8842502170138888,0.8842502170138888,0.0,0.03610568576388889,0.07964409722222222,0.0,1.4003590497716092,1.8836152474937955,3.1026727468326296,8.421124103086095,63,464214568
lulc_01474,lulc,235,4,cropland,farmland,1.0,0.0,0.0,0.0,0.0,1.0,2.1719019253885024,1.1453284488835702,0.2791115883871417,0.4079119212460114,70,1606342537
lulc_01475,lulc,239,2,built_up,harbour,0.6912163628472222,0.3087836371527778,0.0,0.6912163628472222,0.0,0.0,0.9513590519602835,1.819876453545525,1.1881999537659638,3.743797753573119,73,1819461163
lulc_01476,lulc,230,3,barren,river_delta,0.7986382378472222,0.029324001736111112,0.057373046875,0.0,0.7986382378472222,0.11466471354166667,0.6613986841188081,1.6050409630284594,3.070829441968118,1.4450444752179759,69,1534292825
lulc_01477,lulc,220,3,barren,urban_grid,0.8550618489583334,0.0,0.14493815104166666,0.0,0.8550618489583334,0.0,1.0321085444212654,1.301832318470312,1.7854933981469752,9.242293225241818,64,765266566
lulc_01478,lulc,218,2,built_up,urban_grid,0.6853298611111112,0.0,0.0,0.6853298611111112,0.3146701388888889,0.0,2.312516607950182,0.998945024937861,2.384111526268219,10.591004490123614,69,123461825
lulc_01479,lulc,239,3,barren,river_delta,0.828125,0.030056423611111112,0.0048828125,0.0,0.828125,0.1369357638888889,1.1203930578187786,1.6312833761408476,0.6845932277976605,1.3461327223830475,85,2028601980
lulc_01480,lulc,230,0,water,quarry,0.8127983940972222,0.8127983940972222,0.0,0.0683865017361111,0.11881510416666667,0.0,1.5815769393343326,0.8884580201616635,0.8057367993642763,10.199590036956042,66,427338369
lulc_01481,lulc,212,2,built_up,urban_grid,0.9334581163194444,0.0,0.027099609375,0.9334581163194444,0.03944227430555555,0.0,0.7845716912112317,0.8861706427008276,0.9739932562270709,10.493932352485244,82,1144704225
lulc_01482,lulc,222,4,cropland,farmland,0.8831380208333334,0.0,0.059760199652777776,0.05710177951388889,0.0,0.8831380208333334,2.0573134304331004,0.9367205562357044,1.8939099240760078,0.020207104387037766,67,1056540792
lulc_01483,lulc,234,0,water,river_delta,0.6966959635416666,0.6966959635416666,0.06065538194444445,0.0,0.0,0.2426486545138889,1.4784903490275623,1.7971015599442182,2.0539940610015472,1.7253318143242269,66,1925065876
lulc_01484,lulc,234,3,barren,quarry,0.8066677517361112,0.133544921875,0.05978732638888889,0.0,0.8066677517361112,0.0,1.3971630436312306,1.8308829957349455,2.948086349012968,10.874714393911741,72,269717108
lulc_01485,lulc,235,0,water,river_delta,0.89892578125,0.89892578125,0.10107421875,0.0,0.0,0.0,1.6386830410994606,1.5580325780538953,2.531441255739377,0.7506639148128209,56,1409881736
lulc_01486,lulc,233,4,cropland,farmland,1.0,0.0,0.0,0.0,0.0,1.0,1.705270872798716,0.9163302500089893,0.9356608916805957,2.686069631854862,74,688670201
lulc_01487,lulc,212,1,vegetation,farmland,0.8486328125,0.0,0.8486328125,0.1513671875,0.0,0.0,1.1046257688678356,1.4516450537818875,1.6481334642759384,4.756370806944111,91,756054255
lulc_01488,lulc,237,0,water,quarry,1.0,1.0,0.0,0.0,0.0,0.0,0.6802246507015111,1.2985830036567747,1.8725639733973243,10.786258613789107,56,132324852
lulc_01489,lulc,235,4,cropland,farmland,1.0,0.0,0.0,0.0,0.0,1.0,0.7223702778970312,0.6413492058704937,0.2603331443865119,10.265072204030679,55,1833169983
lulc_01490,lulc,226,0,water,harbour,1.0,1.0,0.0,0.0,0.0,0.0,1.0507142958891735,0.675233547475871,2.889931044918411,2.4679552846960657,81,1488464762
lulc_01491,lulc,223,0,water,river_delta,1.0,1.0,0.0,0.0,0.0,0.0,1.1929813201830395,2.1041737186419396,0.2631802593275593,11.554778924433569,86,1404567007
lulc_01492,lulc,236,0,water,harbour,1.0,1.0,0.0,0.0,0.0,0.0,0.7127634514852079,1.6077329200898136,0.07271122062390584,1.411228494649711,91,1714648873
lulc_01493,lulc,225,2,built_up,urban_grid,0.6410047743055556,0.0,0.0,0.6410047743055556,0.3589952256944444,0.0,1.7720491473304731,1.5209829365394543,0.17975437048756612,3.0932278450958974,82,1832181576
lulc_01494,lulc,238,4,cropland,farmland,0.6844346788194444,0.0,0.3155653211805556,0.0,0.0,0.6844346788194444,1.7843510029846659,1.9948297746304977,1.621737315616615,8.982004281345235,61,876991764
lulc_01495,lulc,212,4,cropland,farmland,0.7495388454861112,0.1147732204861111,0.0,0.1356879340277778,0.0,0.7495388454861112,2.203594235475472,1.8046263767765551,0.4253561628013479,6.3895564400247675,46,482491545
lulc_01496,lulc,217,4,cropland,farmland,0.6571994357638888,0.3428005642361111,0.0,0.0,0.0,0.6571994357638888,1.688384994409578,2.1072460849419143,0.07148291965570863,5.29014043776719,74,1935143962
lulc_01497,lulc,223,1,vegetation,quarry,0.804931640625,0.09193250868055555,0.804931640625,0.0,0.10313585069444445,0.0,0.8869706348131698,1.2208255712664573,2.548799609053921,10.422438357957438,53,1090825006
lulc_01498,lulc,216,0,water,river_delta,0.9576009114583334,0.9576009114583334,0.042399088541666664,0.0,0.0,0.0,1.622602076694864,2.295219907769175,3.084611695497332,10.32925016422088,90,280401618
lulc_01499,lulc,237,0,water,harbour,0.6797146267361112,0.6797146267361112,0.0,0.0,0.3202853732638889,0.0,1.9344670931389252,1.8845327688530942,3.0227308129302357,4.926868568391797,84,1178748521
lulc_01500,lulc,239,3,barren,quarry,1.0,0.0,0.0,0.0,1.0,0.0,0.96499662787796,2.1367351629174482,1.211378989117863,11.075063979822518,47,1764260708
lulc_01501,lulc,234,4,cropland,farmland,1.0,0.0,0.0,0.0,0.0,1.0,1.8455136416843878,1.9451898828059173,1.3065318961009318,3.711792325604027,77,592932414
lulc_01502,lulc,212,2,built_up,urban_grid,0.8354220920138888,0.0,0.0,0.8354220920138888,0.1645779079861111,0.0,0.8132505261779215,2.218855431423533,1.8597658149362302,1.514552353529604,69,1998175975
lulc_01503,lulc,234,1,vegetation,river_delta,0.731689453125,0.0,0.731689453125,0.0,0.0,0.268310546875,1.1249947221012198,1.2377536689554072,2.7790065154826187,0.030067636718731805,90,1596879618
lulc_01504,lulc,225,3,barren,quarry,0.8218315972222222,0.1486545138888889,0.028184678819444444,0.0013292100694444445,0.8218315972222222,0.0,2.2154842831295065,0.6490613862803226,0.738511423475366,1.2151650455689151,82,510532560
lulc_01505,lulc,231,2,built_up,harbour,0.7891167534722222,0.2108832465277778,0.0,0.7891167534722222,0.0,0.0,1.6703108687070598,2.1302403595558634,0.5729241813958437,3.31767272838659,76,160252337
lulc_01506,lulc,233,1,vegetation,river_delta,1.0,0.0,1.0,0.0,0.0,0.0,1.7459152317373223,2.0469275365911894,2.9398963371712186,7.036505638257493,56,1810208679
lulc_01507,lulc,218,3,barren,quarry,0.8292100694444444,0.17078993055555555,0.0,0.0,0.8292100694444444,0.0,2.2742395925178185,1.2648623772846332,3.0146406623469586,4.4642827152252345,65,1867170957
lulc_01508,lulc,219,2,built_up,harbour,0.6919487847222222,0.3080512152777778,0.0,0.6919487847222222,0.0,0.0,1.4035061046611288,1.5172223626557133,1.96722002467757,5.535828255669246,80,1099535831
lulc_01509,lulc,239,0,water,river_delta,0.8300238715277778,0.8300238715277778,0.0832248263888889,0.0,0.08675130208333333,0.0,1.6700204447815121,2.3578810422439105,3.094296987378181,9.185445391504796,68,1831233187
lulc_01510,lulc,213,4,cropland,farmland,1.0,0.0,0.0,0.0,0.0,1.0,0.7521269248255106,0.6128678802096671,2.5655373368920533,7.354185894346678,72,250381811
lulc_01511,lulc,212,3,barren,quarry,0.7427300347222222,0.0,0.2572699652777778,0.0,0.7427300347222222,0.0,1.5555770697276563,1.7263899180266984,2.243107728633439,7.547444871169531,85,1338729062
lulc_01512,lulc,212,0,water,river_delta,0.6303168402777778,0.6303168402777778,0.0,0.0,0.0,0.3696831597222222,1.0512395422049479,2.226642234780466,0.598286444127338,3.0217071071113764,85,168803723
lulc_01513,lulc,237,3,barren,urban_grid,1.0,0.0,0.0,0.0,1.0,0.0,2.2814788840291906,1.747983889160038,0.18559802695473204,1.5407869642951906,45,1484132938
lulc_01514,lulc,224,0,water,river_delta,0.9225260416666666,0.9225260416666666,0.07747395833333333,0.0,0.0,0.0,1.8614685332875025,0.9182750779604046,0.6041096594675875,0.08311920124277128,67,302934573
lulc_01515,lulc,219,3,barren,river_delta,0.8082411024305556,0.027804904513888888,0.09138997395833333,0.0,0.8082411024305556,0.07256401909722222,2.190736533373938,0.655050955181482,2.233238856217894,1.103494339685751,94,496476443
lulc_01516,lulc,237,4,cropland,farmland,0.7914496527777778,0.029812282986111112,0.1576877170138889,0.021050347222222224,0.0,0.7914496527777778,0.7996148009212987,1.0481350527844624,2.4074649066031837,9.94270161020725,54,900632069
lulc_01517,lulc,217,4,cropland,river_delta,0.8921440972222222,0.027642144097222224,0.050103081597222224,0.0,0.030110677083333332,0.8921440972222222,1.3876703859580606,0.8187670627766058,2.9473025790557434,4.9921064862821165,55,393658291
lulc_01518,lulc,214,3,barren,urban_grid,0.6810438368055556,0.0,0.23304578993055555,0.0859103732638889,0.6810438368055556,0.0,1.2700782778355078,1.8952691783390287,1.7410136856535148,11.111188915413285,46,795816421
lulc_01519,lulc,221,2,built_up,harbour,0.9548611111111112,0.0,0.0,0.9548611111111112,0.04513888888888889,0.0,1.8950399122486439,1.8048777864264385,0.7668293893628595,1.4615311689579449,53,5833795
lulc_01520,lulc,226,0,water,harbour,0.8372938368055556,0.8372938368055556,0.0,0.11070421006944445,0.052001953125,0.0,1.8552957146189866,2.209061557847454,2.7614918171289498,6.627575222652405,67,478558259
lulc_01521,lulc,232,2,built_up,quarry,0.6719835069444444,0.0,0.0,0.6719835069444444,0.3280164930555556,0.0,2.20041649443993,1.7045675212915867,2.3307245506999394,8.490131491218099,91,1864728140
lulc_01522,lulc,227,2,built_up,harbour,1.0,0.0,0.0,1.0,0.0,0.0,1.5265364212537067,1.6311500679296849,2.5012778733318606,2.0420779651972465,84,1994294615
lulc_01523,lulc,236,4,cropland,farmland,1.0,0.0,0.0,0.0,0.0,1.0,1.8140780385045976,1.85504398961739,2.6365160471059363,8.957531222515977,87,256133675
lulc_01524,lulc,227,2,built_up,urban_grid,0.7190755208333334,0.0,0.20005967881944445,0.7190755208333334,0.08086480034722222,0.0,1.2381728872849607,1.2277844450871105,0.6496600723796655,10.481759674233908,49,565472612
lulc_01525,lulc,216,4,cropland,farmland,0.7894965277777778,0.0,0.17366536458333334,0.03683810763888889,0.0,0.7894965277777778,1.2818824209074078,1.3242778978080647,1.454244755278251,2.575281480266393,94,592638853
lulc_01526,lulc,230,1,vegetation,quarry,0.9248860677083334,0.039388020833333336,0.9248860677083334,0.018337673611111112,0.017388237847222224,0.0,1.6926400017561818,2.2469096136359292,2.021134681686122,0.9704607420878446,70,200094045
lulc_01527,lulc,224,4,cropland,farmland,0.7397189670138888,0.0,0.0,0.2602810329861111,0.0,0.7397189670138888,1.523783944211099,1.817534397962845,0.2870161914755907,1.270603978262522,68,815657531
lulc_01528,lulc,236,4,cropland,farmland,1.0,0.0,0.0,0.0,0.0,1.0,1.4015149018851476,0.9800051081201162,0.6695853155922951,8.289589397210783,57,1387801397
lulc_01529,lulc,226,4,cropland,farmland,0.7317437065972222,0.1806369357638889,0.0,0.0876193576388889,0.0,0.7317437065972222,0.9670430986123607,1.9431680382475371,1.2714417379639618,5.810983003868342,68,62054366
lulc_01530,lulc,223,1,vegetation,farmland,0.8303765190972222,0.0,0.8303765190972222,0.11515299479166667,0.0,0.05447048611111111,2.0033065233088174,1.9657101223889968,2.853959496366436,11.669368309510892,47,202235486
lulc_01531,lulc,220,2,built_up,urban_grid,0.7759874131944444,0.0,0.0,0.7759874131944444,0.22401258680555555,0.0,1.2310007032264356,1.205360300468444,1.4613321711427492,4.794032511187183,54,175792593
lulc_01532,lulc,215,0,water,river_delta,0.8838433159722222,0.8838433159722222,0.041558159722222224,0.0,0.006456163194444444,0.0681423611111111,2.050805993941349,2.0681510710131485,1.865576417096539,10.307896089279009,88,1245038561
lulc_01533,lulc,212,1,vegetation,river_delta,1.0,0.0,1.0,0.0,0.0,0.0,1.5688893631458956,0.7470995949646789,0.2425724972044339,5.643158652437105,56,1537982254
lulc_01534,lulc,219,1,vegetation,river_delta,0.7528754340277778,0.1958550347222222,0.7528754340277778,0.0,0.0,0.05126953125,1.9940359719388545,2.3047530866437076,2.950560269649809,10.050757000254766,82,610318198
lulc_01535,lulc,214,0,water,river_delta,0.828369140625,0.828369140625,0.015272352430555556,0.0,0.0,0.15635850694444445,1.862617272266848,0.7320432077178518,2.539837638369095,3.5884477292218793,93,263795448
lulc_01536,lulc,221,3,barren,urban_grid,0.8263346354166666,0.0,0.17366536458333334,0.0,0.8263346354166666,0.0,0.7714787680052708,0.8655046209117792,1.3123521377834892,7.394355913253207,65,490120100
lulc_01537,lulc,228,4,cropland,river_delta,0.9119194878472222,0.06624348958333333,0.0,0.0,0.021837022569444444,0.9119194878472222,2.1544722268068623,2.028516304518754,2.938036550217567,9.443360831580321,46,700277114
lulc_01538,lulc,236,4,cropland,farmland,0.8470052083333334,0.07755533854166667,0.016954210069444444,0.05848524305555555,0.0,0.8470052083333334,1.3599388012030627,1.067619787333721,2.57339624389403,2.767927687114338,45,1916486143
lulc_01539,lulc,210,0,water,harbour,1.0,1.0,0.0,0.0,0.0,0.0,1.027642249407072,0.9962047718737655,1.7761512434897417,1.598633132041686,51,1050512373
lulc_01540,lulc,230,1,vegetation,river_delta,0.9012315538194444,0.0,0.9012315538194444,0.0,0.021755642361111112,0.07701280381944445,1.6212403348059703,0.6087228637558416,0.14971745432644146,2.587488711799938,92,1120044450
lulc_01541,lulc,220,3,barren,urban_grid,0.7097710503472222,0.0,0.2190212673611111,0.07120768229166667,0.7097710503472222,0.0,1.0684659285360092,1.8649219789857572,0.8466372494689837,10.352611511256377,58,1631065508
lulc_01542,lulc,237,4,cropland,farmland,0.8656412760416666,0.028347439236111112,0.006537543402777778,0.09947374131944445,0.0,0.8656412760416666,0.7584415968677654,2.3929580360519225,0.058420431522022524,7.468435742036904,68,1249698624
lulc_01543,lulc,228,2,built_up,urban_grid,0.9459906684027778,0.0,0.054009331597222224,0.9459906684027778,0.0,0.0,0.9191726237625076,1.9700282505956466,3.0913495517821197,10.059200437276731,77,1627290652
lulc_01544,lulc,238,3,barren,quarry,1.0,0.0,0.0,0.0,1.0,0.0,1.0506305115684043,2.0396799223028643,1.2565240451654789,11.876157681918976,71,1348988221
lulc_01545,lulc,234,3,barren,river_delta,0.7025282118055556,0.05002170138888889,0.14949544270833334,0.0,0.7025282118055556,0.09795464409722222,2.0932526769400153,1.7497354984639633,1.7063922717900082,0.17905031253394998,57,1835673714
lulc_01546,lulc,229,0,water,harbour,0.7501085069444444,0.7501085069444444,0.0,0.1691351996527778,0.08075629340277778,0.0,2.056081497481379,1.9311275517688444,1.2134723827452871,10.29950145546753,51,1222350629
lulc_01547,lulc,225,2,built_up,urban_grid,0.7289225260416666,0.0,0.004313151041666667,0.7289225260416666,0.2667643229166667,0.0,1.4482361702447957,2.147328916778254,2.068472939027631,1.5171548051839712,73,1971979826
lulc_01548,lulc,226,4,cropland,farmland,1.0,0.0,0.0,0.0,0.0,1.0,1.8061080792891753,0.9473196344285153,1.6397097521947521,2.509552404884252,55,925408618
lulc_01549,lulc,230,4,cropland,farmland,0.8028428819444444,0.0,0.009467230902777778,0.1876898871527778,0.0,0.8028428819444444,1.7331302508994408,1.7939375156051107,2.942648877640047,7.600135827161001,69,1478793145
lulc_01550,lulc,221,0,water,river_delta,0.7800564236111112,0.7800564236111112,0.004964192708333333,0.0,0.21497938368055555,0.0,1.5955508053236274,1.7320047171756965,1.2203277953879414,6.863518150316879,84,562228634
lulc_01551,lulc,224,2,built_up,urban_grid,0.72412109375,0.0,0.1457790798611111,0.72412109375,0.1300998263888889,0.0,1.4247010866702743,1.2456698471460537,0.9664635951629909,9.525084498432529,63,444923463
lulc_01552,lulc,228,3,barren,quarry,0.7293836805555556,0.03662109375,0.0,0.23399522569444445,0.7293836805555556,0.0,0.9459203456857992,0.7255482112801127,0.9534283665633786,3.2408809902397535,62,1060474765
lulc_01553,lulc,235,2,built_up,urban_grid,1.0,0.0,0.0,1.0,0.0,0.0,1.971837464722003,2.0839188273094593,0.027346025989689434,10.230501508791539,79,771663410
lulc_01554,lulc,228,2,built_up,urban_grid,0.906494140625,0.0,0.024956597222222224,0.906494140625,0.06854926215277778,0.0,1.7428179779076287,1.4668889555772546,0.0118663755258399,11.44296002582723,80,392161280
lulc_01555,lulc,215,2,built_up,quarry,0.8308648003472222,0.11631944444444445,0.0,0.8308648003472222,0.052815755208333336,0.0,2.1222572756935527,1.5847456778068008,2.0915266733721416,1.4228834025123116,91,1605549921
lulc_01556,lulc,238,2,built_up,urban_grid,1.0,0.0,0.0,1.0,0.0,0.0,2.107077422921995,1.2437250182656963,1.6974407615355014,5.066525360467551,95,1409350094
lulc_01557,lulc,225,4,cropland,farmland,0.949462890625,0.0,0.050537109375,0.0,0.0,0.949462890625,1.2171206220512705,1.2711357144880884,1.5657180944908993,0.752704293290718,76,110942204
lulc_01558,lulc,210,4,cropland,farmland,1.0,0.0,0.0,0.0,0.0,1.0,1.6201678785012739,1.1308009348320502,0.46988654265152585,0.8556816803339049,87,399920300
lulc_01559,lulc,219,4,cropland,farmland,0.7483723958333334,0.1120334201388889,0.07454427083333333,0.06504991319444445,0.0,0.7483723958333334,1.3700114508974526,2.259156327603059,2.4572828920389114,9.589211540145877,60,1453007009
lulc_01560,lulc,227,4,cropland,farmland,0.8700900607638888,0.030219184027777776,0.09969075520833333,0.0,0.0,0.8700900607638888,1.9034194926692245,0.7708872894851881,2.6135997192720084,7.197772498184247,65,1752602765
lulc_01561,lulc,238,0,water,river_delta,1.0,1.0,0.0,0.0,0.0,0.0,2.1068956877228193,0.7460523995750445,0.5685145853080428,4.218009243976814,92,1278923677
lulc_01562,lulc,213,4,cropland,river_delta,0.7688530815972222,0.0,0.2099609375,0.0,0.021185980902777776,0.7688530815972222,1.1835766816844597,0.9791325631015142,2.817350996528278,8.40137227325044,58,785094219
lulc_01563,lulc,219,4,cropland,farmland,0.75634765625,0.1758083767361111,0.016547309027777776,0.05129665798611111,0.0,0.75634765625,1.3324131344378385,1.917141149868875,0.012105798053103951,6.1956310659310745,68,971297863
lulc_01564,lulc,216,4,cropland,farmland,0.7284071180555556,0.2715928819444444,0.0,0.0,0.0,0.7284071180555556,1.8969911961406645,1.9262217296746837,0.2440520710054126,0.6653499750754985,49,147825034
lulc_01565,lulc,220,2,built_up,urban_grid,1.0,0.0,0.0,1.0,0.0,0.0,2.334467576439789,1.3908255676257457,1.8446091991513975,4.401874120728753,58,594715620
lulc_01566,lulc,224,0,water,harbour,0.9359266493055556,0.9359266493055556,0.0,0.0,0.06407335069444445,0.0,2.26154546571202,0.8104331761725527,2.3831397403658645,10.190366170590396,48,1997934045
lulc_01567,lulc,216,1,vegetation,farmland,1.0,0.0,1.0,0.0,0.0,0.0,2.0452646798287217,0.6960278048458207,2.6885064285002724,6.667221672556111,53,1761056599
lulc_01568,lulc,211,3,barren,urban_grid,0.6338975694444444,0.0,0.027126736111111112,0.3389756944444444,0.6338975694444444,0.0,1.3443054073207155,2.0435894306161915,2.7681353904746855,1.9945159501291756,58,1416489243
lulc_01569,lulc,219,1,vegetation,river_delta,0.6147189670138888,0.0,0.6147189670138888,0.0,0.150390625,0.2348904079861111,1.8884843625579966,0.9438324668605016,1.4514083910473397,0.1582929620131912,76,1443793953
lulc_01570,lulc,210,0,water,river_delta,0.8265787760416666,0.8265787760416666,0.0,0.0,0.17342122395833334,0.0,2.301521726367796,1.273147134661265,0.762950420603027,1.4656134105002847,65,633947114
lulc_01571,lulc,225,3,barren,quarry,0.7756618923611112,0.027587890625,0.022298177083333332,0.17445203993055555,0.7756618923611112,0.0,1.1451162928530265,1.813525100641253,0.9367731651592021,3.7181835630877482,60,485737110
lulc_01572,lulc,211,0,water,river_delta,0.9360894097222222,0.9360894097222222,0.0,0.0,0.0,0.06391059027777778,2.080137583633797,1.3984758803489514,2.377404283344961,2.7572768728175023,78,665235412
lulc_01573,lulc,225,1,vegetation,urban_grid,1.0,0.0,1.0,0.0,0.0,0.0,1.3316016042379388,1.039541032762099,1.2365688621963964,1.3775792893494057,57,901033126
lulc_01574,lulc,224,2,built_up,harbour,0.9284939236111112,0.0715060763888889,0.0,0.9284939236111112,0.0,0.0,0.8350323349023954,1.4100069122603551,2.5906020626562944,7.87069236120922,84,1543188049
lulc_01575,lulc,213,1,vegetation,quarry,0.7214626736111112,0.2785373263888889,0.7214626736111112,0.0,0.0,0.0,0.8474961446271259,1.8140291352806406,0.02456733497683729,10.88093624147694,50,1579981122
lulc_01576,lulc,210,0,water,harbour,0.8523220486111112,0.8523220486111112,0.0,0.1237521701388889,0.02392578125,0.0,0.6528952363652637,0.7722211475477649,2.2694058138831985,2.231913287341162,84,578169974
lulc_01577,lulc,214,2,built_up,urban_grid,0.6741536458333334,0.0,0.11564127604166667,0.6741536458333334,0.210205078125,0.0,2.3355322506827205,0.9430573644275567,1.2492800580034684,11.992704975447003,82,1644462181
lulc_01578,lulc,214,0,water,river_delta,0.8158094618055556,0.8158094618055556,0.0,0.0,0.00016276041666666666,0.1840277777777778,0.8353330998317006,1.7293084739546023,1.829332174734324,2.0519055721511283,81,701414372
lulc_01579,lulc,212,4,cropland,farmland,0.96337890625,0.0,0.010498046875,0.026123046875,0.0,0.96337890625,2.0578554475343482,1.3171713416010389,0.006405751687629318,9.881935865378736,70,1407068884
lulc_01580,lulc,226,0,water,harbour,0.8586968315972222,0.8586968315972222,0.0,0.10218641493055555,0.039116753472222224,0.0,0.78527654372366,0.9454611765076253,0.6287218855760656,5.7425358574120136,56,178686827
lulc_01581,lulc,236,3,barren,quarry,0.910888671875,0.0,0.013102213541666666,0.07600911458333333,0.910888671875,0.0,1.1710919778165774,2.2872459965991623,2.9634660652199636,1.5895591626919376,80,20827135
lulc_01582,lulc,216,1,vegetation,river_delta,0.751220703125,0.13191731770833334,0.751220703125,0.0,0.0,0.11686197916666667,1.3474635390568213,1.3746414774920432,0.09042384782894507,9.490553434385175,79,1105387522
lulc_01583,lulc,224,0,water,harbour,0.6942545572916666,0.6942545572916666,0.0,0.2993435329861111,0.006401909722222222,0.0,1.9521269703349762,1.8000376441537793,0.43216826655819096,5.828843452436135,69,1161203478
lulc_01584,lulc,223,0,water,river_delta,0.7354329427083334,0.7354329427083334,0.0,0.0,0.0661349826388889,0.1984320746527778,1.672588642646759,0.7298482059468411,2.428375218652732,10.527017295604388,93,2131217425
lulc_01585,lulc,224,3,barren,quarry,0.684326171875,0.04519314236111111,0.016927083333333332,0.2535536024305556,0.684326171875,0.0,2.178293501453912,1.4309159596257288,2.5409633413570454,5.5119643284187365,63,1915657980
lulc_01586,lulc,219,1,vegetation,river_delta,1.0,0.0,1.0,0.0,0.0,0.0,0.6328425254812532,1.1161133085198052,0.06634919631194214,1.7895251362596358,81,1684924362
lulc_01587,lulc,213,0,water,river_delta,0.6261935763888888,0.6261935763888888,0.0,0.0,0.3738064236111111,0.0,1.7010302382108722,1.6549509297342957,3.1014312019736074,5.712600445935793,59,788506424
lulc_01588,lulc,217,2,built_up,harbour,0.7926161024305556,0.015869140625,0.0,0.7926161024305556,0.19151475694444445,0.0,1.7421457554154434,1.7246085574382777,2.9798996438476477,11.489685397285847,71,939447297
lulc_01589,lulc,215,1,vegetation,river_delta,0.88525390625,0.026448567708333332,0.88525390625,0.0,0.010362413194444444,0.07793511284722222,1.3615547329833397,0.7094765764440705,3.1142083474187627,0.8051730957816594,74,1179572325
lulc_01590,lulc,217,1,vegetation,river_delta,1.0,0.0,1.0,0.0,0.0,0.0,1.320101118639931,2.001557663378464,2.218173899585469,8.914447405992526,81,1865258786
lulc_01591,lulc,213,1,vegetation,farmland,0.735107421875,0.019422743055555556,0.735107421875,0.13387044270833334,0.0,0.1115993923611111,2.3886930521974574,2.357702831148265,0.19311306330693329,1.4468588830172306,83,432895170
lulc_01592,lulc,231,0,water,river_delta,1.0,1.0,0.0,0.0,0.0,0.0,1.4735135207883459,1.4409624087864588,1.3288841003835272,8.265177575314535,93,911128566
lulc_01593,lulc,214,2,built_up,urban_grid,0.9179958767361112,0.0,0.0820041232638889,0.9179958767361112,0.0,0.0,0.7227400922960231,1.8808760732535053,2.6110453694818894,8.474438911002483,49,87692298
lulc_01594,lulc,210,4,cropland,farmland,0.7914496527777778,0.0,0.16617838541666666,0.04237196180555555,0.0,0.7914496527777778,1.323054123651218,1.1995192479201024,1.842056104571359,10.42321914681633,78,1977090433
lulc_01595,lulc,216,2,built_up,urban_grid,0.6865234375,0.0,0.025987413194444444,0.6865234375,0.2874891493055556,0.0,1.8878747972732772,1.2997355747766899,0.8870412607897827,8.187528781095338,86,1134038422
lulc_01596,lulc,213,1,vegetation,farmland,0.8910590277777778,0.029812282986111112,0.8910590277777778,0.025743272569444444,0.0,0.053385416666666664,2.056861460997021,2.3406064195382568,1.1627973677816936,6.8537901120603015,63,1704859726
lulc_01597,lulc,236,0,water,harbour,0.6553548177083334,0.6553548177083334,0.0,0.3446451822916667,0.0,0.0,0.8432111093956585,2.0817692651192705,0.8930272952378027,6.547705676931077,71,255018273
lulc_01598,lulc,226,3,barren,quarry,0.7970648871527778,0.2029351128472222,0.0,0.0,0.7970648871527778,0.0,0.9713222927942302,2.225324320858567,3.1234622243884864,8.503750174099075,73,364451240
lulc_01599,lulc,231,3,barren,quarry,0.8688422309027778,0.028537326388888888,0.0,0.10262044270833333,0.8688422309027778,0.0,1.1742938346304195,2.1714913223932832,3.0802614031080244,9.587036212175109,90,787952980
lulc_01600,lulc,237,1,vegetation,farmland,0.8583441840277778,0.1416558159722222,0.8583441840277778,0.0,0.0,0.0,0.7477874621772453,1.894013687995339,2.734573617418203,5.6249500509468,82,930467879
lulc_01601,lulc,224,0,water,river_delta,0.8487413194444444,0.8487413194444444,0.0,0.0,0.0,0.15125868055555555,1.2631471109528998,1.3126003346292088,1.4836428105044952,10.334175901877336,89,483973095
lulc_01602,lulc,238,0,water,quarry,0.6471082899305556,0.6471082899305556,0.08458116319444445,0.24498155381944445,0.023328993055555556,0.0,1.000095943735259,0.6403956382644681,0.2062116221870226,10.859698592991897,57,1553215444
lulc_01603,lulc,230,3,barren,quarry,0.9138454861111112,0.0,0.0,0.0861545138888889,0.9138454861111112,0.0,1.7499692430081146,1.4105299181078008,2.0297573077634277,10.450397686946019,54,1992157308
lulc_01604,lulc,220,3,barren,quarry,1.0,0.0,0.0,0.0,1.0,0.0,1.7056013235868637,2.051538767239212,2.8563136003954877,0.25937236061414204,74,1573108408
lulc_01605,lulc,236,0,water,river_delta,0.9174533420138888,0.9174533420138888,0.0,0.0,0.017930772569444444,0.06461588541666667,1.0893511965881377,1.6692390288788914,0.04957416764916168,1.8773198798708046,61,1918135908
lulc_01606,lulc,222,0,water,river_delta,1.0,1.0,0.0,0.0,0.0,0.0,1.1234901732837792,1.61221149236379,0.5969745778658782,11.155158029203223,93,785306410
lulc_01607,lulc,227,0,water,harbour,0.7262641059027778,0.7262641059027778,0.0,0.2737358940972222,0.0,0.0,2.385261551781521,0.9702531695118543,2.8821285414694624,7.835474501825919,68,2101006858
lulc_01608,lulc,227,3,barren,quarry,0.8146430121527778,0.1853569878472222,0.0,0.0,0.8146430121527778,0.0,2.1036733041026716,1.532036619800121,1.0336266884160197,2.3820557792833097,48,1194480731
lulc_01609,lulc,225,1,vegetation,urban_grid,0.7761773003472222,0.0,0.7761773003472222,0.0,0.2238226996527778,0.0,0.6459796811584397,0.8375550827341041,1.9025077518531903,8.087911195095003,85,299162414
lulc_01610,lulc,233,0,water,harbour,0.9264051649305556,0.9264051649305556,0.0,0.06513129340277778,0.008463541666666666,0.0,0.73899065535762,1.9051996249224779,0.10215415848127397,5.677157337295216,48,1179238474
lulc_01611,lulc,219,1,vegetation,farmland,0.9213053385416666,0.07237413194444445,0.9213053385416666,0.006320529513888889,0.0,0.0,1.0468015849925583,1.0673053085064204,0.15445316948605753,11.949729992845814,80,1321470918
lulc_01612,lulc,231,4,cropland,farmland,0.7403428819444444,0.05349392361111111,0.14485677083333334,0.06130642361111111,0.0,0.7403428819444444,0.777707603411871,1.8430030921360658,1.9888769892884852,9.583569859670433,65,688193440
lulc_01613,lulc,238,0,water,harbour,0.8538411458333334,0.8538411458333334,0.0,0.0,0.14615885416666666,0.0,2.19945606941585,1.7415027068221813,2.4294201582047026,5.624154310008025,89,800371215
lulc_01614,lulc,236,0,water,river_delta,1.0,1.0,0.0,0.0,0.0,0.0,1.2483177819818463,1.1514095653353542,0.45105666069440054,4.233674311527896,65,1071757506
lulc_01615,lulc,215,1,vegetation,quarry,0.9389919704861112,0.026584201388888888,0.9389919704861112,0.034423828125,0.0,0.0,1.6278675388005754,1.0158695284248338,1.2666323085206463,5.825017274732218,78,1489415639
lulc_01616,lulc,235,2,built_up,urban_grid,0.7266167534722222,0.0,0.2006293402777778,0.7266167534722222,0.07275390625,0.0,0.7312616357086411,1.8322036592663449,0.8715941664574285,11.824815344453278,90,2022566931
lulc_01617,lulc,211,2,built_up,harbour,1.0,0.0,0.0,1.0,0.0,0.0,1.6181807765086411,0.8034498121648468,1.546928200640016,4.507970011385887,50,340281340
lulc_01618,lulc,223,2,built_up,urban_grid,0.9005262586805556,0.0,0.0,0.9005262586805556,0.09947374131944445,0.0,0.8276184005311885,1.1358187273285938,0.0758851684011096,4.473224990141389,57,36380599
lulc_01619,lulc,224,2,built_up,urban_grid,0.9209798177083334,0.0,0.0,0.9209798177083334,0.07902018229166667,0.0,1.2506561005202272,1.4899683383717495,1.8284235243436595,3.682393918067049,80,1516418713
lulc_01620,lulc,239,3,barren,river_delta,0.7968207465277778,0.032904730902777776,0.11371527777777778,0.0,0.7968207465277778,0.056559244791666664,0.6757546069406868,1.8385056427429958,0.3700849598316939,0.41568924567144716,65,519578476
lulc_01621,lulc,238,0,water,river_delta,0.7277560763888888,0.7277560763888888,0.11688910590277778,0.0,0.097900390625,0.057454427083333336,2.046181051416325,1.4297519952150455,2.9233160467613164,6.434876490106697,95,673558673
lulc_01622,lulc,211,3,barren,quarry,0.7892795138888888,0.1181640625,0.0925564236111111,0.0,0.7892795138888888,0.0,1.4338702848336535,1.157282583205426,0.5233488823365952,6.291529024583821,60,123425743
lulc_01623,lulc,236,4,cropland,farmland,0.610595703125,0.029242621527777776,0.20670572916666666,0.15345594618055555,0.0,0.610595703125,2.271703702447055,1.2130029962226132,0.22842547816600886,5.465022040495473,69,1213530033
lulc_01624,lulc,237,1,vegetation,river_delta,0.8223470052083334,0.077392578125,0.8223470052083334,0.0,0.024007161458333332,0.07625325520833333,2.0634120541868017,1.1039345006823293,0.3652925747185059,5.748486388241956,59,1160130376
lulc_01625,lulc,228,4,cropland,farmland,0.7421332465277778,0.026421440972222224,0.0634494357638889,0.1679958767361111,0.0,0.7421332465277778,1.5165784468205779,1.2082352255970876,1.1907054385854543,6.2767366816114825,68,1164124330
lulc_01626,lulc,239,2,built_up,harbour,0.7495930989583334,0.06179470486111111,0.0,0.7495930989583334,0.18861219618055555,0.0,2.107133157900156,1.9120566865102644,2.855079395201096,1.841716846772873,60,123541542
lulc_01627,lulc,220,3,barren,river_delta,0.8336859809027778,0.040771484375,0.059624565972222224,0.0,0.8336859809027778,0.06591796875,1.5825778402364918,0.8103340046291216,0.9752109563036154,8.075029607374699,49,811257449
lulc_01628,lulc,226,0,water,river_delta,1.0,1.0,0.0,0.0,0.0,0.0,0.8310651193827847,1.6737114496361247,2.053354054565112,2.835282665089324,87,395655181
lulc_01629,lulc,239,4,cropland,farmland,0.7386610243055556,0.0,0.0705837673611111,0.19075520833333334,0.0,0.7386610243055556,1.8419388052186854,1.5175511398131463,1.8435017012029553,11.433538600038418,82,1922739813
lulc_01630,lulc,214,3,barren,urban_grid,0.7686903211805556,0.0,0.029758029513888888,0.20155164930555555,0.7686903211805556,0.0,2.2687864460812754,1.332197616503965,1.962043080172031,8.020318486344511,80,1300256495
lulc_01631,lulc,234,4,cropland,farmland,0.9207628038194444,0.0,0.07763671875,0.0016004774305555555,0.0,0.9207628038194444,1.0306942955378557,1.5495014451580293,0.2815497318597688,6.041512914997705,55,748732850
lulc_01632,lulc,233,4,cropland,farmland,0.8408474392361112,0.036322699652777776,0.07364908854166667,0.04918077256944445,0.0,0.8408474392361112,2.3068571589552587,1.7337511574322355,0.9700830005293332,2.2638132082047018,70,1293202932
lulc_01633,lulc,232,0,water,quarry,0.8625759548611112,0.8625759548611112,0.1267632378472222,0.010660807291666666,0.0,0.0,2.2778064538678366,1.7638797552881451,0.6640040836401747,8.249652626887313,87,1991157043
lulc_01634,lulc,238,0,water,harbour,0.9134385850694444,0.9134385850694444,0.0,0.0778537326388889,0.008707682291666666,0.0,1.4689560727069582,0.9941275366001833,0.818313310141389,3.575538755638112,50,1757464507
lulc_01635,lulc,235,3,barren,urban_grid,0.6189507378472222,0.0,0.0,0.3810492621527778,0.6189507378472222,0.0,1.4442558920877357,2.1669002138092543,0.879515084551208,9.204762008514493,62,1728249936
lulc_01636,lulc,233,2,built_up,quarry,0.8203125,0.0657009548611111,0.1139865451388889,0.8203125,0.0,0.0,1.4587835768588713,2.2701151887682536,1.5962048920507637,11.27703834720863,52,1413363680
lulc_01637,lulc,223,1,vegetation,quarry,0.6680501302083334,0.07099066840277778,0.6680501302083334,0.24964735243055555,0.011311848958333334,0.0,1.1910660949311884,1.3617030361108506,1.6253256874345412,4.538516772529608,73,1402752399
lulc_01638,lulc,221,1,vegetation,farmland,1.0,0.0,1.0,0.0,0.0,0.0,1.7211358991975314,2.1186055822748786,0.6906464783513112,10.497023594138573,90,1040284028
lulc_01639,lulc,233,4,cropland,farmland,0.6913791232638888,0.0,0.03219943576388889,0.2764214409722222,0.0,0.6913791232638888,0.8394558170995815,1.9801234119524027,1.410099565314115,3.721327204888106,94,1790647679
lulc_01640,lulc,235,4,cropland,river_delta,0.7353515625,0.2646484375,0.0,0.0,0.0,0.7353515625,1.9599129172358172,1.8501799523656963,0.02766532694283255,1.0162732246682675,88,355174695
lulc_01641,lulc,214,3,barren,river_delta,1.0,0.0,0.0,0.0,1.0,0.0,2.372049480169896,0.9560143752649273,0.8325945508286281,2.642546239246252,58,190693703
lulc_01642,lulc,219,3,barren,quarry,0.95703125,0.0,0.0,0.04296875,0.95703125,0.0,1.6874780492440937,1.588431263613816,2.4115156167669496,11.81250551394142,64,248687116
lulc_01643,lulc,235,0,water,river_delta,0.5667046440972222,0.5667046440972222,0.0,0.0,0.0,0.4332953559027778,2.3297850445742543,1.0929365193669949,0.7127678555417589,3.579103214432345,69,2143239735
lulc_01644,lulc,230,0,water,harbour,0.8525119357638888,0.8525119357638888,0.0,0.04739040798611111,0.10009765625,0.0,0.6538731916718538,2.1195449650590845,2.621564378133411,1.1865949746847786,48,340307555
lulc_01645,lulc,217,1,vegetation,river_delta,1.0,0.0,1.0,0.0,0.0,0.0,1.2516919523551953,1.811495625662194,2.540115516213537,11.78240068322124,88,1583282889
lulc_01646,lulc,210,2,built_up,urban_grid,1.0,0.0,0.0,1.0,0.0,0.0,1.4945492129785671,2.0300975728751216,2.035713061115798,1.5776743422940096,71,465534991
lulc_01647,lulc,229,3,barren,river_delta,0.8291558159722222,0.0820041232638889,0.011610243055555556,0.0,0.8291558159722222,0.07722981770833333,0.6087058609483819,0.7010459801751563,1.0572853445239978,1.6865622918838965,92,2054818523
lulc_01648,lulc,222,1,vegetation,river_delta,0.5999077690972222,0.20057508680555555,0.5999077690972222,0.0,0.0,0.1995171440972222,1.1541989993709034,1.8607516860352056,1.2656533259119955,10.271360213204662,58,1175547730
lulc_01649,lulc,220,3,barren,quarry,0.7128363715277778,0.0,0.2143825954861111,0.0727810329861111,0.7128363715277778,0.0,1.0346747882226879,1.7542809094532505,1.2314184178438732,11.926060089258364,87,877867356
lulc_01650,lulc,210,1,vegetation,farmland,0.8720703125,0.0,0.8720703125,0.0,0.0,0.1279296875,1.6817306665434408,1.4798027961805826,1.3707395039814916,8.663964747168514,79,1022904452
lulc_01651,lulc,233,2,built_up,harbour,1.0,0.0,0.0,1.0,0.0,0.0,1.0736243510932701,1.4460074675919972,0.0729916215267685,9.059618569975154,67,1951775103
lulc_01652,lulc,215,3,barren,quarry,1.0,0.0,0.0,0.0,1.0,0.0,1.3610649688363463,1.4168279948390907,1.4061230370501072,8.312753458941556,50,1476591434
lulc_01653,lulc,224,3,barren,quarry,1.0,0.0,0.0,0.0,1.0,0.0,1.6611365009061219,2.0938270709020577,0.8364715576813908,10.180329531053983,74,2070126225
lulc_01654,lulc,220,3,barren,river_delta,0.7796223958333334,0.0,0.22037760416666666,0.0,0.7796223958333334,0.0,0.9952181305214254,0.7505848310897695,1.732778004818272,9.27871786005886,51,1284934268
lulc_01655,lulc,229,2,built_up,urban_grid,0.8029513888888888,0.0,0.16015625,0.8029513888888888,0.03689236111111111,0.0,2.1617545995049574,1.8296547547472404,2.064827724405945,8.347883859126746,73,1383486309
lulc_01656,lulc,213,1,vegetation,river_delta,0.7210557725694444,0.24422200520833334,0.7210557725694444,0.0,0.034722222222222224,0.0,1.7070582436828152,2.331247446267897,0.17661727232461763,8.183596474285787,66,1845955073
lulc_01657,lulc,223,4,cropland,farmland,0.8745388454861112,0.1254611545138889,0.0,0.0,0.0,0.8745388454861112,2.2125337326691827,1.6741648244317133,0.8047166310797783,5.268046503181059,58,1881593627
lulc_01658,lulc,213,2,built_up,quarry,1.0,0.0,0.0,1.0,0.0,0.0,1.3224195828491383,0.8355750061664813,2.776421149176856,4.6491560684819815,87,1526184528
lulc_01659,lulc,227,0,water,river_delta,1.0,1.0,0.0,0.0,0.0,0.0,1.9574198992480567,1.7117351539794496,1.3604307284322608,2.033670388387496,46,2018465331
lulc_01660,lulc,215,3,barren,quarry,0.8672960069444444,0.04942491319444445,0.043158637152777776,0.040120442708333336,0.8672960069444444,0.0,2.075501818145941,2.1509673314303885,2.5601001024186005,7.396110264380281,89,1483044707
lulc_01661,lulc,214,3,barren,urban_grid,0.7922634548611112,0.0,0.2077365451388889,0.0,0.7922634548611112,0.0,1.0768900874707832,2.1437610114689916,2.023072420157194,8.6670334103013,53,2116609532
lulc_01662,lulc,232,3,barren,urban_grid,1.0,0.0,0.0,0.0,1.0,0.0,1.0433102337065154,1.150059546754888,0.9011787369487634,5.762087239930218,94,749430330
lulc_01663,lulc,220,0,water,river_delta,0.7518717447916666,0.7518717447916666,0.021185980902777776,0.0,0.11659071180555555,0.1103515625,0.9277984320450334,1.1568005846647655,2.408709726546921,0.7469317410046936,67,572188361
lulc_01664,lulc,235,1,vegetation,river_delta,0.7350802951388888,0.04538302951388889,0.7350802951388888,0.0,0.0,0.2195366753472222,2.1853303428479114,1.1787893166820604,0.7409178592304122,7.073146295968742,87,1222290471
lulc_01665,lulc,213,0,water,river_delta,0.7114529079861112,0.7114529079861112,0.21077473958333334,0.0,0.07777235243055555,0.0,1.4929832073381737,1.9714103846975735,2.415852958617364,11.90559818351284,94,827193053
lulc_01666,lulc,211,3,barren,quarry,1.0,0.0,0.0,0.0,1.0,0.0,1.7791487973081628,1.011536765110635,2.2015242268021606,4.549483813842706,66,802763145
lulc_01667,lulc,235,4,cropland,farmland,0.778076171875,0.0,0.0,0.221923828125,0.0,0.778076171875,1.1240458470693517,1.1443909837359463,1.176341544350805,3.4267279795315106,47,360283452
lulc_01668,lulc,237,1,vegetation,river_delta,0.668212890625,0.0,0.668212890625,0.0,0.331787109375,0.0,2.279326037234962,1.2282267260719335,0.41382172971688247,1.272951718106306,45,278590181
lulc_01669,lulc,232,1,vegetation,farmland,0.7757703993055556,0.16805013020833334,0.7757703993055556,0.0,0.0,0.05617947048611111,0.9317747967543293,2.2439193027362614,2.6522462620928695,10.363576237971323,89,692408642
lulc_01670,lulc,239,0,water,harbour,0.7583821614583334,0.7583821614583334,0.0,0.0,0.24161783854166666,0.0,2.3852497342904506,1.506904322814387,0.9366912995085316,8.185034519447814,66,958535032
lulc_01671,lulc,220,4,cropland,river_delta,0.8878038194444444,0.037760416666666664,0.05384657118055555,0.0,0.020589192708333332,0.8878038194444444,1.7921371255169238,0.8018784152661722,0.3262817198845214,0.2961773110825918,80,30888976
lulc_01672,lulc,233,4,cropland,river_delta,0.9089626736111112,0.043891059027777776,0.0,0.0,0.04714626736111111,0.9089626736111112,1.8289889229143546,1.2902340975965698,0.6254548052297215,3.6973905280464656,95,1091394774
lulc_01673,lulc,212,3,barren,quarry,0.6762152777777778,0.036919487847222224,0.12272135416666667,0.16414388020833334,0.6762152777777778,0.0,0.7202999432985074,2.2955359941748092,1.7547831629768895,0.9049968488369657,70,1320810809
lulc_01674,lulc,215,3,barren,river_delta,1.0,0.0,0.0,0.0,1.0,0.0,2.203737985487717,1.5530358442283896,2.7358384181834787,1.0468723258027741,63,1641000091
lulc_01675,lulc,221,0,water,river_delta,1.0,1.0,0.0,0.0,0.0,0.0,1.5084651451721725,1.7536353491912475,2.739445080509221,10.31060695657371,54,1131461925
lulc_01676,lulc,237,4,cropland,farmland,0.7713487413194444,0.16029188368055555,0.068359375,0.0,0.0,0.7713487413194444,1.703657732092327,1.283406103295194,2.5343668303743567,2.8720318825232902,63,1487881385
lulc_01677,lulc,211,4,cropland,farmland,1.0,0.0,0.0,0.0,0.0,1.0,1.731248963608969,1.3756219137861927,3.098186903251957,1.7212448080357734,54,1197096239
lulc_01678,lulc,224,0,water,river_delta,0.7406141493055556,0.7406141493055556,0.2593858506944444,0.0,0.0,0.0,1.724325410955586,0.7679020532731621,2.0856529102187658,10.865436772415922,47,1117296583
lulc_01679,lulc,232,0,water,harbour,0.8146701388888888,0.8146701388888888,0.0,0.10101996527777778,0.08430989583333333,0.0,1.391055712636116,0.773693937092199,0.80429596841631,4.0821338666643925,59,1597763862
lulc_01680,lulc,210,2,built_up,urban_grid,0.9213053385416666,0.0,0.07869466145833333,0.9213053385416666,0.0,0.0,2.0701538387206857,1.3535209544419207,1.8244738345933782,2.5197449802745813,46,1314415548
lulc_01681,lulc,212,2,built_up,urban_grid,1.0,0.0,0.0,1.0,0.0,0.0,1.2957790849744124,1.799156240173121,1.5978525193480693,3.549184434790914,81,371106522
lulc_01682,lulc,230,0,water,river_delta,0.633056640625,0.633056640625,0.2006293402777778,0.0,0.0,0.1663140190972222,1.4164210647134756,2.1668196403373905,2.5234881318499065,2.473695709814617,56,2115390690
lulc_01683,lulc,236,1,vegetation,river_delta,1.0,0.0,1.0,0.0,0.0,0.0,1.3387210297291863,1.0773903413486303,1.7310645900290769,4.058635151762553,70,535889085
lulc_01684,lulc,237,1,vegetation,urban_grid,0.8311903211805556,0.0,0.8311903211805556,0.0,0.16880967881944445,0.0,1.8810514445924311,1.3666398848305334,0.5967190825909693,6.121150159963605,49,1978632893
lulc_01685,lulc,211,2,built_up,urban_grid,0.7622341579861112,0.0,0.2377658420138889,0.7622341579861112,0.0,0.0,2.234109704735837,2.3810619726977125,1.8780970795268976,11.246585873387426,83,723243487
lulc_01686,lulc,226,4,cropland,farmland,0.8265245225694444,0.0,0.17347547743055555,0.0,0.0,0.8265245225694444,1.6384137453931555,1.3239029461458647,0.302039908311238,7.931050538564424,85,2132377648
lulc_01687,lulc,239,1,vegetation,river_delta,0.7845323350694444,0.21546766493055555,0.7845323350694444,0.0,0.0,0.0,1.5978336058948637,0.8479825520326688,0.23807477095698243,3.878948309069402,81,113997927
lulc_01688,lulc,219,0,water,river_delta,1.0,1.0,0.0,0.0,0.0,0.0,2.3181389760494477,0.7143407023231361,2.1496621048799356,2.38433784758966,95,1692488111
lulc_01689,lulc,218,0,water,river_delta,0.6697319878472222,0.6697319878472222,0.015082465277777778,0.0,0.315185546875,0.0,1.4748503735798457,2.2231561776957114,0.8598989970570131,0.9947690794802604,81,2018180770
lulc_01690,lulc,219,2,built_up,urban_grid,1.0,0.0,0.0,1.0,0.0,0.0,1.0504137056890952,1.3235348362460564,1.3388515629507756,5.647501439526032,83,587317444
lulc_01691,lulc,232,0,water,harbour,0.9141438802083334,0.9141438802083334,0.0,0.08585611979166667,0.0,0.0,2.04628120998309,1.8985712210642274,0.6282947204994171,2.4180928719898973,65,1247913375
lulc_01692,lulc,221,1,vegetation,urban_grid,0.6487358940972222,0.0,0.6487358940972222,0.3512641059027778,0.0,0.0,1.830218708853009,2.22925931463634,0.216661098316448,4.425962671207806,94,572080195
lulc_01693,lulc,221,0,water,river_delta,1.0,1.0,0.0,0.0,0.0,0.0,1.3636132467708277,1.3355126026762467,2.0120526987473677,1.6053897017029066,80,1861365763
lulc_01694,lulc,232,2,built_up,quarry,0.8378634982638888,0.0,0.026557074652777776,0.8378634982638888,0.13557942708333334,0.0,1.375275209009371,0.8592560297619436,1.9248526104618127,7.768111651740314,49,581441359
lulc_01695,lulc,230,0,water,quarry,0.8900824652777778,0.8900824652777778,0.0,0.04041883680555555,0.06949869791666667,0.0,0.8769588059132889,1.125979985360605,2.972805991457237,8.24773334196473,74,194253600
lulc_01696,lulc,238,2,built_up,urban_grid,0.9153103298611112,0.0,0.0,0.9153103298611112,0.0846896701388889,0.0,0.8383672184918931,1.0809779583684374,0.7587755204077504,8.386783998256961,76,113216459
lulc_01697,lulc,217,4,cropland,farmland,0.7031792534722222,0.0,0.2968207465277778,0.0,0.0,0.7031792534722222,1.7959393311366743,0.9362568292333158,1.4307981623470265,9.9993045393909,46,817182408
lulc_01698,lulc,229,1,vegetation,quarry,0.662353515625,0.023844401041666668,0.662353515625,0.12396918402777778,0.18983289930555555,0.0,0.924171556251844,1.9452611040147234,1.000143786164133,3.6233751054698167,49,253461285
lulc_01699,lulc,221,0,water,river_delta,0.8589952256944444,0.8589952256944444,0.010308159722222222,0.0,0.09657118055555555,0.034125434027777776,2.2613203740269165,1.5737893367133653,1.387575768039058,5.7743442993974705,61,287309251
lulc_01700,lulc,216,1,vegetation,urban_grid,0.8807237413194444,0.0,0.8807237413194444,0.11927625868055555,0.0,0.0,0.7618629962709531,2.0872071973065385,1.8930428262674652,2.2380519035443664,79,1697969552
lulc_01701,lulc,211,1,vegetation,quarry,0.9708387586805556,0.029161241319444444,0.9708387586805556,0.0,0.0,0.0,1.8063995159885873,1.0961002675739755,3.043056655482374,11.280096685307822,93,1242505712
lulc_01702,lulc,226,3,barren,quarry,0.8446723090277778,0.03553602430555555,0.04177517361111111,0.07801649305555555,0.8446723090277778,0.0,0.8689631487027494,1.7073105602271963,2.805674644717785,9.623830332034018,95,33429727
lulc_01703,lulc,218,4,cropland,river_delta,0.7703993055555556,0.032958984375,0.05067274305555555,0.0,0.1459689670138889,0.7703993055555556,1.0558529618594057,0.6463900247584632,0.590025991561859,6.392473271820055,71,41991322
lulc_01704,lulc,230,0,water,river_delta,1.0,1.0,0.0,0.0,0.0,0.0,1.0995742673933444,1.422908849096816,1.5563373351999408,7.844037803390297,77,430635556
lulc_01705,lulc,230,3,barren,urban_grid,1.0,0.0,0.0,0.0,1.0,0.0,1.428511538079848,1.3979205534849082,1.321110067473041,1.3639616472111116,70,2009197807
lulc_01706,lulc,216,0,water,river_delta,1.0,1.0,0.0,0.0,0.0,0.0,1.3671216977091345,2.035407281809695,1.365801527219502,0.3852327553388495,56,187822731
lulc_01707,lulc,237,1,vegetation,quarry,0.828369140625,0.034993489583333336,0.828369140625,0.10479058159722222,0.03184678819444445,0.0,1.9055095150910666,1.5821085851868673,0.7300361492344746,11.744832432191352,66,1113194956
lulc_01708,lulc,239,0,water,harbour,0.8184678819444444,0.8184678819444444,0.0,0.0,0.18153211805555555,0.0,2.1308420424598795,0.6679050840859724,1.77832099502701,3.9638469463312416,48,1787369262
lulc_01709,lulc,210,3,barren,river_delta,1.0,0.0,0.0,0.0,1.0,0.0,2.1834100530885134,1.6765133847006743,0.44682306051322235,0.98881376367095,49,1492637644
lulc_01710,lulc,214,2,built_up,urban_grid,0.8880208333333334,0.0,0.11197916666666667,0.8880208333333334,0.0,0.0,1.1217548353990172,1.4928273516224073,0.1736622601123185,3.436965215132941,46,116563589
lulc_01711,lulc,217,2,built_up,harbour,0.7542860243055556,0.24571397569444445,0.0,0.7542860243055556,0.0,0.0,1.6636222434013628,0.8356437790561144,0.858597468489447,11.63106181983538,94,1653817909
lulc_01712,lulc,213,4,cropland,farmland,1.0,0.0,0.0,0.0,0.0,1.0,1.6494760426744048,1.560651742662755,2.5409202454723476,10.062672237050393,74,512854947
lulc_01713,lulc,229,0,water,harbour,0.7972819010416666,0.7972819010416666,0.0,0.19002278645833334,0.0126953125,0.0,2.3508594060265526,1.4645931393377765,0.8915911801183558,8.470758729317991,78,1803808774
lulc_01714,lulc,235,4,cropland,river_delta,0.6673990885416666,0.20958116319444445,0.06700303819444445,0.0,0.05601671006944445,0.6673990885416666,0.6254997050588462,1.7162226718580795,2.3795371712110547,8.689673597857231,86,1343271275
lulc_01715,lulc,210,2,built_up,urban_grid,0.6651746961805556,0.0,0.3348253038194444,0.6651746961805556,0.0,0.0,1.7059565426972512,1.8287314163369897,1.56231709093743,10.152194145646629,66,735184079
lulc_01716,lulc,219,3,barren,river_delta,0.6682400173611112,0.1855740017361111,0.1461859809027778,0.0,0.6682400173611112,0.0,2.1222119509216677,1.856614066719426,0.49836342327941247,2.342129797298383,60,845734772
lulc_01717,lulc,212,4,cropland,farmland,0.8392198350694444,0.0,0.0878634982638889,0.07291666666666667,0.0,0.8392198350694444,1.157454958988358,2.151457703502544,2.3365382460401327,0.8587204609365724,80,1547880836
lulc_01718,lulc,214,4,cropland,river_delta,1.0,0.0,0.0,0.0,0.0,1.0,1.890640904996443,1.4521078999985395,3.0802981129210876,5.478295416431729,45,2024345884
lulc_01719,lulc,224,4,cropland,farmland,1.0,0.0,0.0,0.0,0.0,1.0,2.3860722589490306,2.319480978788563,2.577955659390289,3.2096588254536784,90,1745413380
lulc_01720,lulc,230,0,water,harbour,0.6506890190972222,0.6506890190972222,0.0,0.0,0.3493109809027778,0.0,0.7951775152276992,2.131423441110236,3.0938827594633023,10.100150197645089,80,513515627
lulc_01721,lulc,217,3,barren,river_delta,1.0,0.0,0.0,0.0,1.0,0.0,2.202993783627467,0.6829551758515535,1.8077321996635258,5.597804904357435,62,1041978676
lulc_01722,lulc,221,1,vegetation,river_delta,0.7727593315972222,0.09038628472222222,0.7727593315972222,0.0,0.07411024305555555,0.062744140625,2.122485891687695,1.1668879978561257,2.887014783974429,11.101331529706037,50,1978497758
lulc_01723,lulc,220,0,water,river_delta,0.7039116753472222,0.7039116753472222,0.0,0.0,0.2960883246527778,0.0,0.9252545187636203,0.8730147951055721,1.0615646306354676,2.448818546603423,52,1751798766
lulc_01724,lulc,227,1,vegetation,river_delta,1.0,0.0,1.0,0.0,0.0,0.0,1.3070702486253651,1.0580068779921108,1.5896897299897563,6.415777212187592,80,1837015547
lulc_01725,lulc,238,2,built_up,urban_grid,0.9516059027777778,0.0,0.022189670138888888,0.9516059027777778,0.026204427083333332,0.0,1.3918592533131364,1.1428335128505611,0.5491656772474928,11.919029594809825,77,699833599
lulc_01726,lulc,236,2,built_up,harbour,1.0,0.0,0.0,1.0,0.0,0.0,1.367263648552076,1.1034493823221379,1.3357547374798524,11.841007079622363,80,510328384
lulc_01727,lulc,232,1,vegetation,urban_grid,0.8510199652777778,0.0,0.8510199652777778,0.1356879340277778,0.013292100694444444,0.0,0.7371042212622909,1.0265566950623082,2.5137298834902504,8.348349486559764,51,1847550199
lulc_01728,lulc,213,2,built_up,harbour,0.7920464409722222,0.0,0.0,0.7920464409722222,0.2079535590277778,0.0,2.0879460556282505,0.9823847596448985,1.733791085238808,1.017270637062627,90,307380550
lulc_01729,lulc,238,4,cropland,farmland,0.8760036892361112,0.0669216579861111,0.025770399305555556,0.031304253472222224,0.0,0.8760036892361112,2.202055584620597,0.7874092594021039,0.04976451592699085,5.4489099497164215,95,231569646
lulc_01730,lulc,212,4,cropland,farmland,0.7625054253472222,0.11241319444444445,0.0,0.12508138020833334,0.0,0.7625054253472222,0.685281244996816,1.7377008746660803,2.4862799656529466,2.082383391427873,84,1410749162
lulc_01731,lulc,234,1,vegetation,river_delta,1.0,0.0,1.0,0.0,0.0,0.0,1.9533849344221061,1.2765563145493914,0.011607500075670525,7.435482625800853,45,740167129
lulc_01732,lulc,237,1,vegetation,river_delta,0.630126953125,0.1064453125,0.630126953125,0.0,0.0,0.263427734375,0.7818154789623184,0.8404593597594235,0.7974467127835979,2.2311505797130566,86,1223023317
lulc_01733,lulc,217,0,water,quarry,0.6880696614583334,0.6880696614583334,0.0,0.3119303385416667,0.0,0.0,1.9168461405123733,1.428234961486752,0.155017730951518,1.3049063145552355,54,58485880
lulc_01734,lulc,239,4,cropland,farmland,0.6817491319444444,0.030788845486111112,0.08344184027777778,0.20402018229166666,0.0,0.6817491319444444,1.4916270856691551,1.4488473662976977,1.4068318001028852,1.0573626013784825,82,2086314353
lulc_01735,lulc,214,4,cropland,farmland,0.9075249565972222,0.0,0.09247504340277778,0.0,0.0,0.9075249565972222,2.022359898304906,1.1451335346244242,0.6933217954388703,5.245856062482751,56,1738948653
lulc_01736,lulc,224,2,built_up,harbour,0.8489583333333334,0.0,0.0,0.8489583333333334,0.15104166666666666,0.0,1.171216236839682,1.5960418923217503,1.5672689446380617,11.871964956654688,61,1261098988
lulc_01737,lulc,220,1,vegetation,urban_grid,0.771240234375,0.0,0.771240234375,0.2004665798611111,0.028293185763888888,0.0,1.9543278680817209,1.620768201201587,2.4750754290900447,7.165010281347168,80,1209607035
lulc_01738,lulc,214,1,vegetation,urban_grid,0.8600531684027778,0.0,0.8600531684027778,0.0,0.1399468315972222,0.0,1.0308827443741628,0.7818458590267208,1.9294359822794693,3.966671299470729,50,1821816210
lulc_01739,lulc,228,2,built_up,urban_grid,0.8280436197916666,0.0,0.0,0.8280436197916666,0.17195638020833334,0.0,1.8624954388408401,2.215987249763965,0.6238875299982284,11.786407957505586,86,634901749
lulc_01740,lulc,232,0,water,quarry,0.6857096354166666,0.6857096354166666,0.0,0.3142903645833333,0.0,0.0,0.6983960192096028,1.8976167331541967,1.048207966002543,4.812043878249662,72,1392797993
lulc_01741,lulc,233,0,water,river_delta,1.0,1.0,0.0,0.0,0.0,0.0,2.1861928876937036,1.7807413955423312,1.8667310852880037,9.482440366703278,80,1222802602
lulc_01742,lulc,210,4,cropland,farmland,0.92529296875,0.0,0.07470703125,0.0,0.0,0.92529296875,2.0518200408942575,0.6903292957578598,0.38746543238174935,11.358785918571739,91,1836712346
lulc_01743,lulc,238,0,water,harbour,0.6561414930555556,0.6561414930555556,0.0,0.1481662326388889,0.19569227430555555,0.0,1.2383333326916506,1.9508930804016429,0.22279109639465638,2.6254036611777156,51,174060369
lulc_01744,lulc,214,1,vegetation,farmland,1.0,0.0,1.0,0.0,0.0,0.0,1.5449176785489565,0.761021689126159,0.18995379291345915,5.040077215512547,79,1487298974
lulc_01745,lulc,215,0,water,harbour,0.7375217013888888,0.7375217013888888,0.0,0.20958116319444445,0.052897135416666664,0.0,0.6779984665643525,0.8461468343568682,0.1276458172373695,9.80816286853014,92,504929596
lulc_01746,lulc,224,1,vegetation,river_delta,1.0,0.0,1.0,0.0,0.0,0.0,2.0446148389878753,0.7203485523553169,0.3918740356955326,1.893724153806712,50,599939709
lulc_01747,lulc,213,0,water,river_delta,1.0,1.0,0.0,0.0,0.0,0.0,2.307598239316399,2.0095850087168565,2.243297935346615,3.5846010757384765,66,753669279
lulc_01748,lulc,218,2,built_up,urban_grid,0.7858072916666666,0.0,0.06523980034722222,0.7858072916666666,0.1489529079861111,0.0,1.2720801488738758,1.4102308547215667,1.3409558868160054,9.462215162561755,56,684434950
lulc_01749,lulc,213,4,cropland,river_delta,0.6531846788194444,0.0,0.0,0.0,0.3468153211805556,0.6531846788194444,2.1862216983632066,1.245802037125872,1.1786883658999734,3.4505390490218604,69,7040875
lulc_01750,lulc,225,4,cropland,river_delta,0.7914225260416666,0.03306749131944445,0.1755099826388889,0.0,0.0,0.7914225260416666,0.8728434439639317,1.1128782262098573,1.2339023866812227,1.9637156069392452,86,904860244
lulc_01751,lulc,230,1,vegetation,farmland,0.8305121527777778,0.015462239583333334,0.8305121527777778,0.07261827256944445,0.0,0.08140733506944445,1.819496306295779,1.163878014911571,1.1374870932758285,0.8474958439444236,77,1777187174
lulc_01752,lulc,219,0,water,river_delta,0.7530924479166666,0.7530924479166666,0.024631076388888888,0.0,0.07383897569444445,0.1484375,1.9595793651071713,2.3125781952922653,3.050683412965651,11.073492764033517,81,239044673
lulc_01753,lulc,220,2,built_up,urban_grid,0.7328830295138888,0.0,0.2131618923611111,0.7328830295138888,0.053955078125,0.0,1.9805268565705396,1.7714891154286851,1.440969975588085,4.828844955478841,52,1019766881
lulc_01754,lulc,231,1,vegetation,quarry,0.6461046006944444,0.0,0.6461046006944444,0.0,0.3538953993055556,0.0,1.624366803829401,0.6100522247686716,2.1648653712096473,3.212065992364872,64,1082674545
lulc_01755,lulc,227,2,built_up,quarry,0.921630859375,0.0,0.0,0.921630859375,0.078369140625,0.0,1.2650097878387006,1.6502873207128141,1.3060927175536636,8.5909230680714,83,361917683
lulc_01756,lulc,214,4,cropland,farmland,1.0,0.0,0.0,0.0,0.0,1.0,0.6309613598579698,2.387325819956718,2.350131234761732,2.366182699996452,90,1322253165
lulc_01757,lulc,228,3,barren,river_delta,0.8068576388888888,0.1931423611111111,0.0,0.0,0.8068576388888888,0.0,1.8484037298639722,2.159724667267491,1.495117633845107,7.393977100887502,63,2098916739
lulc_01758,lulc,232,1,vegetation,farmland,0.7366265190972222,0.016710069444444444,0.7366265190972222,0.17173936631944445,0.0,0.0749240451388889,1.1537759011375464,1.3420581819380897,2.2994499674480293,9.260284836609872,64,815053588
lulc_01759,lulc,213,0,water,quarry,0.7706163194444444,0.7706163194444444,0.078857421875,0.12212456597222222,0.028401692708333332,0.0,2.213479433940954,0.9724778927195058,0.7466688294268522,9.21492287900391,71,2043315226
lulc_01760,lulc,216,3,barren,river_delta,0.7604709201388888,0.0,0.0,0.0,0.7604709201388888,0.2395290798611111,0.865143012722813,2.2174025993768423,3.105768213918368,2.0868713369211096,93,1260047305
lulc_01761,lulc,230,4,cropland,farmland,0.8180881076388888,0.10237630208333333,0.025526258680555556,0.054009331597222224,0.0,0.8180881076388888,0.803164173922476,1.591324250221896,0.7235319762811327,5.610964993861901,88,1156668113
lulc_01762,lulc,221,3,barren,quarry,0.9093695746527778,0.011800130208333334,0.04310438368055555,0.035725911458333336,0.9093695746527778,0.0,1.2216696006075485,1.0137416495872316,1.3592309480757077,7.616797148808979,75,923810345
lulc_01763,lulc,224,1,vegetation,river_delta,0.6105143229166666,0.3894856770833333,0.6105143229166666,0.0,0.0,0.0,1.0748610341168645,2.1881000809797513,0.731802594183926,0.5636442443978287,79,1714080176
lulc_01764,lulc,239,4,cropland,farmland,1.0,0.0,0.0,0.0,0.0,1.0,1.6709706284965562,0.730314709456389,1.5494914577845897,7.467465992626408,64,211798746
lulc_01765,lulc,218,2,built_up,urban_grid,0.837890625,0.0,0.162109375,0.837890625,0.0,0.0,1.6631963967189138,0.7563103768600176,0.3711504014076313,10.373905452386692,47,1491181836
lulc_01766,lulc,239,0,water,harbour,0.6960991753472222,0.6960991753472222,0.0,0.16810438368055555,0.1357964409722222,0.0,0.7751584543981613,1.4808225661712342,1.6349676212223156,8.641253944598443,77,1944692867
lulc_01767,lulc,225,0,water,river_delta,1.0,1.0,0.0,0.0,0.0,0.0,1.3455541708486631,0.7724387235625336,0.08752380439022366,2.1105733876299997,94,1736217747
lulc_01768,lulc,214,0,water,harbour,0.7078721788194444,0.7078721788194444,0.0,0.2921278211805556,0.0,0.0,2.101208205894488,1.743854001567096,0.49922511843096795,10.42535051780079,49,776142814
lulc_01769,lulc,225,1,vegetation,river_delta,0.7783474392361112,0.17249891493055555,0.7783474392361112,0.0,0.0107421875,0.038411458333333336,2.3759977485761663,2.3521018359375887,0.03902321882957973,4.179603301614181,94,1979877851
lulc_01770,lulc,216,3,barren,river_delta,0.9207085503472222,0.04758029513888889,0.005533854166666667,0.0,0.9207085503472222,0.026177300347222224,1.4590576089969007,1.6009232310878772,2.141016507203177,0.6433381715902624,56,1170811485
lulc_01771,lulc,233,0,water,harbour,1.0,1.0,0.0,0.0,0.0,0.0,1.1243671455874027,1.7504184660958204,2.8066929009840513,5.089360338289943,86,849803411
lulc_01772,lulc,212,2,built_up,harbour,1.0,0.0,0.0,1.0,0.0,0.0,1.1361247286308447,1.0677655203975895,3.1004669580484423,6.307025837420602,90,396603227
lulc_01773,lulc,230,2,built_up,urban_grid,0.9144151475694444,0.0,0.0,0.9144151475694444,0.08558485243055555,0.0,1.6838332493692278,1.3083280578320184,1.9808005186317872,9.679881959875384,51,1405128891
lulc_01774,lulc,213,1,vegetation,quarry,0.8257921006944444,0.0,0.8257921006944444,0.0,0.17420789930555555,0.0,2.167332877128479,1.3078853949313667,0.738617724614859,6.395935954048963,73,1799102414
lulc_01775,lulc,234,2,built_up,urban_grid,0.712646484375,0.0,0.008544921875,0.712646484375,0.27880859375,0.0,1.1963302352209688,1.5303378776933974,3.131256226889701,3.443728643243301,93,849511370
lulc_01776,lulc,226,2,built_up,urban_grid,1.0,0.0,0.0,1.0,0.0,0.0,1.2333106352902785,0.7901313128912706,2.0721293242244867,2.353915600807543,46,1784342043
lulc_01777,lulc,221,1,vegetation,river_delta,1.0,0.0,1.0,0.0,0.0,0.0,1.0087302142812051,0.6830068909155567,0.5994000885502011,1.1260664556731004,62,2120597323
lulc_01778,lulc,225,2,built_up,quarry,0.9639485677083334,0.0,0.036051432291666664,0.9639485677083334,0.0,0.0,2.1789807744591867,0.8315062778031064,1.348044350246272,5.271126251263727,54,1647881466
lulc_01779,lulc,224,1,vegetation,river_delta,0.7743055555555556,0.0,0.7743055555555556,0.0,0.22569444444444445,0.0,1.5178558467244692,1.4984085150817705,1.6763814421826155,0.25093114898376534,87,723658109
lulc_01780,lulc,227,0,water,river_delta,1.0,1.0,0.0,0.0,0.0,0.0,2.150872722539527,1.0653087589573729,2.1960660139938826,0.9214111781529097,71,1795944306
lulc_01781,lulc,236,2,built_up,harbour,1.0,0.0,0.0,1.0,0.0,0.0,0.8908499888173762,1.9397038399189177,2.358424150341497,8.097588309383783,52,970858564
lulc_01782,lulc,219,2,built_up,urban_grid,1.0,0.0,0.0,1.0,0.0,0.0,0.6983275452552236,1.0456281029395058,1.945092951180864,7.837303323580008,79,1001267279
lulc_01783,lulc,217,3,barren,river_delta,0.62060546875,0.0,0.37939453125,0.0,0.62060546875,0.0,1.659298013773772,0.8593359028636999,0.7085760172731754,1.717642597412139,90,451756857
lulc_01784,lulc,217,0,water,quarry,1.0,1.0,0.0,0.0,0.0,0.0,1.9607668621755057,1.8355874039495146,2.4798030717857684,7.0025657560399495,85,1420879887
lulc_01785,lulc,210,1,vegetation,urban_grid,0.7584364149305556,0.0,0.7584364149305556,0.1205783420138889,0.12098524305555555,0.0,0.6080833807212024,1.4764173275441272,2.4712462362378536,2.451241160738153,65,710301556
lulc_01786,lulc,216,4,cropland,farmland,0.8835720486111112,0.0846896701388889,0.023193359375,0.008544921875,0.0,0.8835720486111112,2.300516612281829,2.228480580687166,2.189745476160344,9.115414131128462,57,703776007
lulc_01787,lulc,220,0,water,river_delta,1.0,1.0,0.0,0.0,0.0,0.0,2.0385598461584227,1.5445728134286805,2.347728193006281,7.86035290881574,80,29714837
lulc_01788,lulc,235,2,built_up,harbour,0.7645128038194444,0.031656901041666664,0.0,0.7645128038194444,0.2038302951388889,0.0,1.1562522909564283,1.3724429933101039,1.0302211279759792,1.7636735169072182,86,303083399
lulc_01789,lulc,234,3,barren,river_delta,1.0,0.0,0.0,0.0,1.0,0.0,2.1945145410093443,1.9784908204337337,1.7766129674402464,11.357148011698584,74,1195023972
lulc_01790,lulc,233,3,barren,river_delta,1.0,0.0,0.0,0.0,1.0,0.0,2.1801586072344143,0.6391471091771428,0.020471069533514193,7.3281790452871345,80,16149680
lulc_01791,lulc,220,1,vegetation,river_delta,0.8634168836805556,0.0,0.8634168836805556,0.0,0.0627170138888889,0.07386610243055555,1.967670851941183,1.2115356737815435,2.251531680241517,2.534573181711059,48,1364967278
lulc_01792,lulc,216,2,built_up,urban_grid,0.7160101996527778,0.0,0.05881076388888889,0.7160101996527778,0.22517903645833334,0.0,0.8553860831752911,1.443944598399594,1.1567442318962025,11.890051160023473,80,1189575147
lulc_01793,lulc,237,3,barren,river_delta,0.85888671875,0.14111328125,0.0,0.0,0.85888671875,0.0,1.5134490909800484,1.9831196678533747,1.2707568586529225,10.22448384964843,88,706274386
lulc_01794,lulc,235,1,vegetation,farmland,1.0,0.0,1.0,0.0,0.0,0.0,2.323733972729538,1.5436281671796963,1.4957467719351363,9.106208518212858,88,1680888659
lulc_01795,lulc,220,4,cropland,farmland,0.7104220920138888,0.1216091579861111,0.011257595486111112,0.1567111545138889,0.0,0.7104220920138888,1.299828036440729,0.7823443755897678,2.537956866383932,6.346114073781623,63,165134770
lulc_01796,lulc,238,0,water,harbour,0.7638617621527778,0.7638617621527778,0.0,0.2361382378472222,0.0,0.0,1.6469090844287773,0.8160323929838396,2.9290100112026107,8.176834221298277,75,1213492367
lulc_01797,lulc,230,2,built_up,quarry,0.7279730902777778,0.09459092881944445,0.1774359809027778,0.7279730902777778,0.0,0.0,1.2528903007121328,1.2920425969151377,0.8324789861122724,7.708373340996023,82,1717386754
lulc_01798,lulc,217,3,barren,urban_grid,1.0,0.0,0.0,0.0,1.0,0.0,1.0257906152746687,1.985177665342722,0.36622863990421456,0.457015804360819,65,1374112515
lulc_01799,lulc,214,3,barren,river_delta,1.0,0.0,0.0,0.0,1.0,0.0,2.336698926403985,2.136722861277338,1.7760169345136183,10.681973822272026,80,426710832
lulc_01800,lulc,211,0,water,harbour,0.6656901041666666,0.6656901041666666,0.0,0.033610026041666664,0.3006998697916667,0.0,0.737000730590395,2.392734746448423,2.031660075609659,1.4262070751275226,54,1957366311
lulc_01801,lulc,224,2,built_up,urban_grid,0.8694390190972222,0.0,0.022243923611111112,0.8694390190972222,0.10831705729166667,0.0,0.753603654668674,0.9487141918861383,2.997213746278431,11.64864906680047,91,2012894026
lulc_01802,lulc,223,1,vegetation,farmland,0.5789388020833334,0.1574164496527778,0.5789388020833334,0.10918511284722222,0.0,0.15445963541666666,2.298287183046673,1.8735022759944218,2.505028928060787,7.28867866062312,67,1395056724
lulc_01803,lulc,218,4,cropland,farmland,0.8321668836805556,0.03602430555555555,0.0205078125,0.1113009982638889,0.0,0.8321668836805556,1.1269298778502441,0.8289338392364063,1.7774960145311045,7.2239748304862434,63,1518228489
lulc_01804,lulc,211,4,cropland,farmland,0.8320583767361112,0.12372504340277778,0.015028211805555556,0.029188368055555556,0.0,0.8320583767361112,1.7119477809257306,2.3051400975012455,0.719506389425647,8.091952359608097,73,889675597
lulc_01805,lulc,222,0,water,river_delta,0.8930935329861112,0.8930935329861112,0.027099609375,0.0,0.020562065972222224,0.059244791666666664,1.0176294305121867,0.9587260227173977,0.0383202593077637,11.709130581732964,76,2054433721
lulc_01806,lulc,213,0,water,quarry,0.7772352430555556,0.7772352430555556,0.007161458333333333,0.1520453559027778,0.06355794270833333,0.0,0.8868290715274236,2.3597376852579766,1.34039346422056,7.04888372074625,47,453133262
lulc_01807,lulc,231,3,barren,quarry,0.8486599392361112,0.027669270833333332,0.056803385416666664,0.0668674045138889,0.8486599392361112,0.0,1.4472496712675695,1.370636579932134,2.3599061986339946,5.1085994544897755,83,676224006
lulc_01808,lulc,232,4,cropland,river_delta,0.7732204861111112,0.0,0.18505859375,0.0,0.04172092013888889,0.7732204861111112,0.6962178069749081,1.3327949717277017,2.497703067642732,5.7121744782805255,70,204158290
lulc_01809,lulc,222,4,cropland,farmland,0.8579915364583334,0.0,0.006808810763888889,0.1351996527777778,0.0,0.8579915364583334,0.9304093563004125,0.9217836421995738,2.004032370654739,0.6951210236509922,70,1857721397
lulc_01810,lulc,236,0,water,harbour,0.8260091145833334,0.8260091145833334,0.0,0.06263563368055555,0.1113552517361111,0.0,1.1539463464317854,1.4881829829588518,0.384299911578871,11.740962987873973,48,507541917
lulc_01811,lulc,218,2,built_up,urban_grid,0.8140462239583334,0.0,0.06149631076388889,0.8140462239583334,0.12445746527777778,0.0,2.2135025024421853,0.9868314642957284,2.876878152601315,2.6073334448359593,80,1215388450
lulc_01812,lulc,217,1,vegetation,farmland,0.6939832899305556,0.0,0.6939832899305556,0.0,0.0,0.3060167100694444,1.2196787072777053,2.2902296765849384,3.0031862236680436,2.716807348932663,70,724842263
lulc_01813,lulc,210,2,built_up,harbour,0.8550889756944444,0.005696614583333333,0.0,0.8550889756944444,0.1392144097222222,0.0,1.7425369761913165,1.20380216269512,0.9483840433136872,5.853670730115088,90,1482967196
lulc_01814,lulc,230,2,built_up,harbour,0.79736328125,0.20263671875,0.0,0.79736328125,0.0,0.0,1.55765005761205,2.2643306975570314,0.7143036011171782,11.11339291241637,63,1658046858
lulc_01815,lulc,221,4,cropland,river_delta,0.6880154079861112,0.0,0.0,0.0,0.3119845920138889,0.6880154079861112,1.6532893798728083,0.9972681034536925,2.5581520948639653,2.226086040755948,51,1593676350
lulc_01816,lulc,223,3,barren,river_delta,0.8132595486111112,0.031901041666666664,0.016845703125,0.0,0.8132595486111112,0.1379937065972222,1.5311289969438637,2.1309624029838177,0.24634425247820774,4.119140617621651,64,2039041598
lulc_01817,lulc,212,2,built_up,urban_grid,1.0,0.0,0.0,1.0,0.0,0.0,0.7647179182359266,1.9344396524470562,0.2640447582784963,3.418775940379314,91,813081479
lulc_01818,lulc,234,1,vegetation,river_delta,1.0,0.0,1.0,0.0,0.0,0.0,1.1478739682739914,1.0295899166475975,0.7829655252577683,7.467998791835809,78,3607859
lulc_01819,lulc,226,3,barren,quarry,1.0,0.0,0.0,0.0,1.0,0.0,1.5031857871466463,2.1678136949359796,0.9135917396409691,11.283260586275553,73,1185280368
lulc_01820,lulc,212,2,built_up,quarry,0.8196072048611112,0.096923828125,0.0834689670138889,0.8196072048611112,0.0,0.0,1.2815568785263431,0.77332488798412,0.46527238336033394,2.714332156157096,92,313002277
lulc_01821,lulc,211,3,barren,quarry,0.7237141927083334,0.04465060763888889,0.14314778645833334,0.08848741319444445,0.7237141927083334,0.0,1.5470213827215762,0.7970060276417146,0.826022013133081,8.51465931441939,61,1166253934
lulc_01822,lulc,220,0,water,harbour,1.0,1.0,0.0,0.0,0.0,0.0,1.936246920474459,2.380112392606729,2.8009114420131755,8.256849579041292,76,1241562700
lulc_01823,lulc,217,2,built_up,urban_grid,0.6503634982638888,0.0,0.0,0.6503634982638888,0.3496365017361111,0.0,0.7742813120328524,1.7161231586323975,1.5915153925248111,10.91869641173689,95,703639888
lulc_01824,lulc,212,3,barren,quarry,0.6221245659722222,0.19224717881944445,0.0,0.18562825520833334,0.6221245659722222,0.0,0.6846780074214542,1.3678621221433391,1.495951304451491,4.4877033222414155,50,1910907744
lulc_01825,lulc,230,2,built_up,quarry,0.6299099392361112,0.0,0.0,0.6299099392361112,0.3700900607638889,0.0,1.5396895111857254,0.631188249405668,0.4327979272706863,9.462686285871538,62,1504402506
lulc_01826,lulc,210,4,cropland,river_delta,0.8660753038194444,0.13392469618055555,0.0,0.0,0.0,0.8660753038194444,1.4151050275676726,1.6784925571485876,0.15129918575854795,9.882774196237577,70,13397538
lulc_01827,lulc,239,4,cropland,farmland,1.0,0.0,0.0,0.0,0.0,1.0,2.186808318074847,1.978531291838375,2.670458135289503,5.822278338147017,77,1240376846
lulc_01828,lulc,214,0,water,quarry,1.0,1.0,0.0,0.0,0.0,0.0,1.6493891324749805,1.323339319507364,2.545940666467062,10.716050591902249,73,1413310157
lulc_01829,lulc,238,0,water,harbour,0.6435004340277778,0.6435004340277778,0.0,0.0020887586805555555,0.3544108072916667,0.0,1.6182613739324978,1.493228076076769,1.7961211998326696,0.1920156877526238,77,598924804
lulc_01830,lulc,237,0,water,harbour,0.6365559895833334,0.6365559895833334,0.0,0.17542860243055555,0.1880154079861111,0.0,1.4218333316283438,2.1233479494159075,0.37946701034999014,0.6292688890932872,51,1511735880
lulc_01831,lulc,226,2,built_up,quarry,1.0,0.0,0.0,1.0,0.0,0.0,2.071843731037446,1.7225078223954897,0.7601099177942294,3.5716794144495587,53,1123442953
lulc_01832,lulc,237,3,barren,quarry,0.8927408854166666,0.07655164930555555,0.00830078125,0.022406684027777776,0.8927408854166666,0.0,0.6983622948852073,1.6664307126881726,1.6357303691097775,0.08316923850236035,53,389071154
lulc_01833,lulc,210,3,barren,river_delta,0.8153483072916666,0.0,0.08406575520833333,0.0,0.8153483072916666,0.1005859375,1.7891415608939636,1.213194025683711,2.2132012347476886,6.685950065228268,87,1834650739
lulc_01834,lulc,234,3,barren,river_delta,0.6481391059027778,0.043646918402777776,0.3082139756944444,0.0,0.6481391059027778,0.0,1.6235803297396614,1.6335350905205783,1.8994390679536184,2.4517066921421042,65,390130292
lulc_01835,lulc,219,4,cropland,farmland,0.8909233940972222,0.0,0.10907660590277778,0.0,0.0,0.8909233940972222,0.9388686313182024,1.5556819654027851,0.3896445186530713,7.410924453480385,91,1533302000
lulc_01836,lulc,220,4,cropland,farmland,0.79052734375,0.20947265625,0.0,0.0,0.0,0.79052734375,2.1425572300348175,1.977004298673553,1.2124647070931973,5.174709000948111,77,1268823236
lulc_01837,lulc,211,3,barren,quarry,0.7945692274305556,0.10093858506944445,0.04237196180555555,0.06212022569444445,0.7945692274305556,0.0,1.51393462697553,0.6522214973753933,1.6007927575448362,11.253232442406826,88,21799825
lulc_01838,lulc,218,1,vegetation,farmland,0.6485731336805556,0.3514268663194444,0.6485731336805556,0.0,0.0,0.0,1.2568170781404695,2.1984100789116927,1.007686083564223,0.35509823305135013,72,703919736
lulc_01839,lulc,212,0,water,river_delta,0.8535698784722222,0.8535698784722222,0.03333875868055555,0.0,0.06003146701388889,0.053059895833333336,1.0846814813160457,1.2851154947083332,0.7276007102567589,1.0266047571874508,90,32299323
lulc_01840,lulc,218,0,water,river_delta,0.8473036024305556,0.8473036024305556,0.0,0.0,0.09391276041666667,0.058783637152777776,1.8255421853895504,1.8976868174950283,2.0599512623332217,2.6149805091960823,62,1110770508
lulc_01841,lulc,232,2,built_up,quarry,0.8857964409722222,0.0,0.0,0.8857964409722222,0.11420355902777778,0.0,1.3866390098719346,1.523751152945752,2.124488944614461,11.345115607034378,55,617727440
lulc_01842,lulc,232,3,barren,quarry,0.732666015625,0.03195529513888889,0.13755967881944445,0.09781901041666667,0.732666015625,0.0,0.8271499898166284,0.9680721744282006,0.10207278407988572,0.38612189397225993,51,159183110
lulc_01843,lulc,239,0,water,river_delta,0.6491156684027778,0.6491156684027778,0.0849609375,0.0,0.008517795138888888,0.2574055989583333,1.6357716278100645,1.1551479086148926,2.413614152957525,8.634650011615491,47,1565791487
lulc_01844,lulc,217,0,water,quarry,0.7588975694444444,0.7588975694444444,0.0,0.2378472222222222,0.0032552083333333335,0.0,1.8377327312289777,1.5906421558879869,1.2749636058129248,5.196966948717603,77,1561981354
lulc_01845,lulc,215,4,cropland,farmland,1.0,0.0,0.0,0.0,0.0,1.0,0.945429321932072,1.3482719831069896,2.37762285148645,4.383685033949958,95,1242084894
lulc_01846,lulc,223,1,vegetation,urban_grid,0.8189561631944444,0.0,0.8189561631944444,0.023464626736111112,0.15757921006944445,0.0,0.8538561018048552,1.2917791863798391,2.3318381805245747,1.9124956704262237,57,1966130671
lulc_01847,lulc,229,4,cropland,farmland,0.6705457899305556,0.11572265625,0.2045355902777778,0.009195963541666666,0.0,0.6705457899305556,1.6018080756426176,2.285656376000353,0.43255844101590374,2.788305756176441,72,1764021214
lulc_01848,lulc,231,4,cropland,farmland,0.64453125,0.0,0.35546875,0.0,0.0,0.64453125,0.6093178207859584,0.7152028982714457,0.38715817074815306,2.4197558644299106,66,1923417056
lulc_01849,lulc,234,3,barren,quarry,0.66650390625,0.33349609375,0.0,0.0,0.66650390625,0.0,0.8604323053663514,1.6172780178427684,0.8682953566493571,0.09879516103085972,60,1604315312
lulc_01850,lulc,222,2,built_up,harbour,0.7239583333333334,0.20762803819444445,0.0,0.7239583333333334,0.06841362847222222,0.0,1.3162045410676104,0.6921037347894413,2.7786014505127863,0.3457999006660475,45,487603238
lulc_01851,lulc,225,4,cropland,farmland,0.8860405815972222,0.11395941840277778,0.0,0.0,0.0,0.8860405815972222,1.1470498907052484,1.6080279474038952,3.0294184068124954,11.471767875205435,68,712716151
lulc_01852,lulc,235,1,vegetation,river_delta,0.5796983506944444,0.3403862847222222,0.5796983506944444,0.0,0.07991536458333333,0.0,2.020202584947938,2.380235068280668,0.9819870715908178,11.03198970114093,78,208758167
lulc_01853,lulc,221,2,built_up,urban_grid,0.7327473958333334,0.0,0.0,0.7327473958333334,0.2672526041666667,0.0,1.4124184925327998,2.237554244763246,1.0525065469360166,3.914173538278212,80,1411922045
lulc_01854,lulc,225,4,cropland,farmland,1.0,0.0,0.0,0.0,0.0,1.0,2.022028112961084,1.4930341249102284,2.3081067046549504,7.309706037441684,71,75440409
lulc_01855,lulc,214,0,water,river_delta,0.8554958767361112,0.8554958767361112,0.1445041232638889,0.0,0.0,0.0,1.2528565985864835,2.343087903315928,1.3902968514485676,0.02570103508547783,63,1814043431
lulc_01856,lulc,237,4,cropland,farmland,0.6487901475694444,0.3512098524305556,0.0,0.0,0.0,0.6487901475694444,1.7244714087565067,0.7303924962469552,2.3944656848737704,3.960890631142758,51,1294222216
lulc_01857,lulc,219,1,vegetation,urban_grid,0.9391004774305556,0.0,0.9391004774305556,0.06089952256944445,0.0,0.0,0.6363622003384948,1.7909842521935366,2.0186983889333527,11.305650837846132,60,729256802
lulc_01858,lulc,232,3,barren,quarry,0.9161512586805556,0.0,0.08384874131944445,0.0,0.9161512586805556,0.0,0.6905691872182986,1.9500523846030156,2.9569061320638927,10.37818300120114,80,1935594282
lulc_01859,lulc,221,3,barren,river_delta,0.6312662760416666,0.10926649305555555,0.037190755208333336,0.0,0.6312662760416666,0.22227647569444445,2.120836648329085,0.6613416406623776,3.083118556640587,11.387028522423078,85,59525102
lulc_01860,lulc,227,0,water,river_delta,0.59521484375,0.59521484375,0.053629557291666664,0.0,0.2192925347222222,0.1318630642361111,1.2080308390869359,1.14904139907634,1.5035752435910412,9.930629377234558,74,818643776
lulc_01861,lulc,227,2,built_up,urban_grid,0.7122938368055556,0.0,0.16126844618055555,0.7122938368055556,0.1264377170138889,0.0,1.003141368334106,1.1573861912308536,1.5932944931267958,7.697723795095673,80,1431485542
lulc_01862,lulc,228,3,barren,urban_grid,0.8391927083333334,0.0,0.0,0.16080729166666666,0.8391927083333334,0.0,1.064271113802685,0.7614938839638385,2.0115337927099533,8.272834793494143,62,1115697854
lulc_01863,lulc,231,1,vegetation,farmland,0.8855251736111112,0.028727213541666668,0.8855251736111112,0.0,0.0,0.08574761284722222,1.323029959625912,1.0200433675882694,2.0142050272405703,7.664487845655405,73,690365743
lulc_01864,lulc,234,4,cropland,farmland,0.7579210069444444,0.0,0.12684461805555555,0.115234375,0.0,0.7579210069444444,1.0450714602297313,2.0349051810162333,0.7831302273279291,10.306272698225271,91,1966499961
lulc_01865,lulc,239,2,built_up,harbour,1.0,0.0,0.0,1.0,0.0,0.0,2.378123114081561,1.8398055858306037,0.3118889061737847,9.792190865113879,56,1089713186
lulc_01866,lulc,217,1,vegetation,farmland,0.6497938368055556,0.0,0.6497938368055556,0.2863226996527778,0.0,0.06388346354166667,1.189835773264404,1.829892456672889,0.9650079017229886,11.479817189939116,64,1530700053
lulc_01867,lulc,213,4,cropland,farmland,1.0,0.0,0.0,0.0,0.0,1.0,2.094065606148299,1.0354049337805995,3.0476848833747994,7.314486027479839,88,709848378
lulc_01868,lulc,215,3,barren,river_delta,0.9164225260416666,0.0,0.08357747395833333,0.0,0.9164225260416666,0.0,1.5002170654188725,0.9461356447241025,0.5169659400902628,9.52880349681821,86,1530914470
lulc_01869,lulc,230,3,barren,quarry,0.8154568142361112,0.0,0.05710177951388889,0.12744140625,0.8154568142361112,0.0,1.7401966693172946,1.3938036281209627,1.3100782657600867,8.904238669557852,87,1481543468
lulc_01870,lulc,224,3,barren,river_delta,0.9227159288194444,0.057942708333333336,0.019341362847222224,0.0,0.9227159288194444,0.0,2.0477953566676663,2.0773261800720806,2.7174992923707184,7.587701555070914,78,705942679
lulc_01871,lulc,229,2,built_up,quarry,0.9442003038194444,0.0,0.010091145833333334,0.9442003038194444,0.045708550347222224,0.0,2.0143389897019843,2.1908291964273836,0.3117650977621748,2.1281054513629725,80,604988684
lulc_01872,lulc,230,3,barren,quarry,1.0,0.0,0.0,0.0,1.0,0.0,1.6718991879875484,2.2474031890587094,3.0869050505810787,2.7288543557194154,93,656074947
lulc_01873,lulc,234,1,vegetation,river_delta,0.7330729166666666,0.0,0.7330729166666666,0.0,0.244140625,0.022786458333333332,1.1698015802987998,1.0177841767787634,0.542152325968906,8.05184301396043,53,1363132525
lulc_01874,lulc,234,3,barren,river_delta,0.8400607638888888,0.1599392361111111,0.0,0.0,0.8400607638888888,0.0,2.233071801634043,1.6756436785791897,2.1729345818905683,11.512078664197814,74,969048529
lulc_01875,lulc,210,3,barren,quarry,1.0,0.0,0.0,0.0,1.0,0.0,1.1019239687681757,1.3533994966041065,2.6036371379883443,9.049902613877933,67,731636513
lulc_01876,lulc,225,3,barren,river_delta,0.7155219184027778,0.019259982638888888,0.0,0.0,0.7155219184027778,0.2652180989583333,1.123869550654915,1.0267098231502538,1.561508036855508,11.440173204778466,84,873609095
lulc_01877,lulc,220,2,built_up,urban_grid,0.8292914496527778,0.0,0.10785590277777778,0.8292914496527778,0.06285264756944445,0.0,0.6039024561419446,0.9586482194719754,0.8891185473411046,5.0903651155486855,82,1069819816
lulc_01878,lulc,217,2,built_up,urban_grid,1.0,0.0,0.0,1.0,0.0,0.0,1.8252227650187551,1.1014631318911612,1.3595842845683306,8.786438389651744,93,1960177212
lulc_01879,lulc,218,1,vegetation,quarry,0.6845160590277778,0.0,0.6845160590277778,0.167236328125,0.1482476128472222,0.0,1.6212359938075016,0.6506934089386017,2.3258728962222115,11.139542158024618,57,1031629959
lulc_01880,lulc,212,1,vegetation,farmland,1.0,0.0,1.0,0.0,0.0,0.0,0.8670658709733385,1.2905290066519883,2.912686500253518,11.643281823272972,68,318167125
lulc_01881,lulc,229,4,cropland,farmland,0.7016872829861112,0.14485677083333334,0.06890190972222222,0.08455403645833333,0.0,0.7016872829861112,1.5199029733920906,1.901232081961361,1.9512416140901718,2.9080118091873075,58,472642069
lulc_01882,lulc,217,2,built_up,urban_grid,0.6505533854166666,0.0,0.14371744791666666,0.6505533854166666,0.20572916666666666,0.0,2.3465458342575545,1.948840077299956,0.905589703720101,10.292908730250222,87,387924398
lulc_01883,lulc,219,4,cropland,farmland,0.6024305555555556,0.2844509548611111,0.0,0.11311848958333333,0.0,0.6024305555555556,0.633105826658773,0.813935112117096,2.553777635454509,7.945377839558036,68,390084610
lulc_01884,lulc,227,3,barren,urban_grid,0.8851182725694444,0.0,0.0,0.11488172743055555,0.8851182725694444,0.0,2.3831172997228887,2.361848017496249,1.7501120742030885,11.513162193312956,95,1611930128
lulc_01885,lulc,219,3,barren,quarry,0.8331705729166666,0.020534939236111112,0.012152777777777778,0.13414171006944445,0.8331705729166666,0.0,2.2158950646861983,1.7599567899384723,2.67343911786558,11.87229770241387,87,713542473
lulc_01886,lulc,237,3,barren,quarry,1.0,0.0,0.0,0.0,1.0,0.0,2.067005793938235,1.991165674002053,2.760589069901678,3.0425314844593543,54,662640461
lulc_01887,lulc,230,0,water,harbour,0.7913411458333334,0.7913411458333334,0.0,0.0,0.20865885416666666,0.0,1.7790511729296576,1.9564115958703407,0.14977442512946015,4.199317527805124,45,1370077066
lulc_01888,lulc,226,1,vegetation,farmland,0.8180609809027778,0.1819390190972222,0.8180609809027778,0.0,0.0,0.0,1.0782246016776451,0.8282615167636402,0.6531113187464394,4.205796134436215,60,114970336
lulc_01889,lulc,223,0,water,harbour,0.7956814236111112,0.7956814236111112,0.0,0.2043185763888889,0.0,0.0,2.2109558380577283,1.6103866723728357,1.4382295603348523,6.522821620254614,78,335499179
lulc_01890,lulc,223,4,cropland,farmland,0.7651909722222222,0.024929470486111112,0.12855360243055555,0.0813259548611111,0.0,0.7651909722222222,0.7073847455042138,1.5853104321857974,2.654015950093344,1.9696100632925275,53,1130316190
lulc_01891,lulc,219,2,built_up,quarry,0.8307834201388888,0.1692165798611111,0.0,0.8307834201388888,0.0,0.0,1.311831318718752,1.64506873217668,0.6081717323129229,3.739528887721365,46,932351410
lulc_01892,lulc,222,3,barren,quarry,0.91162109375,0.029324001736111112,0.009060329861111112,0.049994574652777776,0.91162109375,0.0,2.144229384291932,1.6200486553356868,0.5092473909764526,7.240369429435895,54,1043409851
lulc_01893,lulc,217,2,built_up,quarry,0.6828884548611112,0.0,0.033772786458333336,0.6828884548611112,0.2833387586805556,0.0,1.600453822929273,0.7922212138913431,2.412485111671587,8.767866447239498,72,1648214715
lulc_01894,lulc,210,0,water,harbour,0.71240234375,0.71240234375,0.0,0.06586371527777778,0.2217339409722222,0.0,1.5849093528763039,1.5350829396518944,1.7151042256331148,7.44489686005727,58,1015167343
lulc_01895,lulc,221,2,built_up,urban_grid,0.6347113715277778,0.0,0.0,0.6347113715277778,0.3652886284722222,0.0,1.8927875812962864,1.2613417483571958,2.472391760951107,1.1260066757378238,73,858853495
lulc_01896,lulc,225,1,vegetation,farmland,1.0,0.0,1.0,0.0,0.0,0.0,1.5659623527319422,2.280371115631547,1.925103030458092,7.630840025211403,89,883539301
lulc_01897,lulc,238,1,vegetation,farmland,0.8081868489583334,0.10248480902777778,0.8081868489583334,0.0,0.0,0.0893283420138889,1.6565292015908422,0.9308141770264677,1.6121762888240676,3.687250667057875,87,680001964
lulc_01898,lulc,233,3,barren,river_delta,1.0,0.0,0.0,0.0,1.0,0.0,0.8535619681446671,1.2752327433218618,2.5354243166133923,9.366297682610465,64,794020158
lulc_01899,lulc,210,2,built_up,urban_grid,1.0,0.0,0.0,1.0,0.0,0.0,2.030429628170235,1.2877927534915328,0.47150118070006475,11.980420525828517,74,873271638
lulc_01900,lulc,237,3,barren,river_delta,0.785888671875,0.0,0.107666015625,0.0,0.785888671875,0.1064453125,1.4692221696512529,1.201687071376289,3.0971088444029435,0.31193299050090406,67,395459713
lulc_01901,lulc,232,2,built_up,urban_grid,1.0,0.0,0.0,1.0,0.0,0.0,2.1690377785319432,1.4885905470399434,1.0979516017103887,9.372183105949134,51,1143319138
lulc_01902,lulc,216,4,cropland,farmland,0.6483561197916666,0.0,0.2228732638888889,0.12877061631944445,0.0,0.6483561197916666,2.333298482554885,0.9787574722422012,1.3042980469487784,2.122078794140978,95,1670683737
lulc_01903,lulc,224,0,water,harbour,1.0,1.0,0.0,0.0,0.0,0.0,1.8166015882151316,1.7672055238750235,2.0655990611229766,4.163153540144474,65,1854477608
lulc_01904,lulc,220,2,built_up,harbour,1.0,0.0,0.0,1.0,0.0,0.0,0.7502239668213265,1.6214135486307106,2.735832186385854,4.798503426186843,53,1697163235
lulc_01905,lulc,233,4,cropland,farmland,0.6483561197916666,0.21940104166666666,0.0,0.13224283854166666,0.0,0.6483561197916666,1.2293693687073346,1.6533623268479243,0.3394553023356948,3.1683034142751927,84,1210392759
lulc_01906,lulc,224,3,barren,river_delta,0.7080891927083334,0.0,0.2919108072916667,0.0,0.7080891927083334,0.0,1.666228696755086,1.0281748991047794,0.4766054787638638,0.8710763104369734,92,1808971944
lulc_01907,lulc,225,1,vegetation,river_delta,0.9080132378472222,0.0,0.9080132378472222,0.0,0.09198676215277778,0.0,1.0720614670769242,1.6119531520206292,2.5692711410665354,9.26610745877638,69,90606607
lulc_01908,lulc,236,1,vegetation,quarry,0.8930392795138888,0.043294270833333336,0.8930392795138888,0.052300347222222224,0.011366102430555556,0.0,1.3094956974258922,1.2449750922107041,2.899362986957821,7.330845107985029,86,2050314292
lulc_01909,lulc,237,2,built_up,urban_grid,1.0,0.0,0.0,1.0,0.0,0.0,1.579148772265402,2.035802583931505,2.106723554541856,3.7213020864935777,55,1347295634
lulc_01910,lulc,225,2,built_up,harbour,0.9353569878472222,0.0,0.0,0.9353569878472222,0.06464301215277778,0.0,2.2330812056498863,1.1333698788347246,1.8089912153130494,7.643872340056461,76,1258464201
lulc_01911,lulc,224,2,built_up,urban_grid,0.6283637152777778,0.0,0.006483289930555556,0.6283637152777778,0.3651529947916667,0.0,1.869333656232389,1.8452937090434607,1.2274774931423276,9.768232409343916,81,183186820
lulc_01912,lulc,233,3,barren,river_delta,1.0,0.0,0.0,0.0,1.0,0.0,0.633735934994438,1.6788818160655463,2.6369593720872584,0.48659786251116977,94,955110382
lulc_01913,lulc,218,1,vegetation,quarry,0.7736545138888888,0.0737575954861111,0.7736545138888888,0.0,0.152587890625,0.0,1.5913944699143716,1.2043251802295796,1.2330386672657567,6.2190467503845905,68,1462064399
lulc_01914,lulc,222,3,barren,river_delta,0.7795681423611112,0.02978515625,0.10777452256944445,0.0,0.7795681423611112,0.08287217881944445,2.1514837254712207,1.3119793203813974,2.9856974719617986,8.80160269823326,55,290673119
lulc_01915,lulc,214,4,cropland,farmland,0.9011501736111112,0.04855685763888889,0.0,0.05029296875,0.0,0.9011501736111112,1.2035799194290333,1.1348572471576468,1.5603561464617512,7.054060454197334,91,1126557460
lulc_01916,lulc,237,2,built_up,urban_grid,0.6618923611111112,0.0,0.3381076388888889,0.6618923611111112,0.0,0.0,2.0757871049143852,0.7010716652368565,1.4326700379435122,10.5221679823417,75,32611170
lulc_01917,lulc,234,2,built_up,urban_grid,1.0,0.0,0.0,1.0,0.0,0.0,2.1595309436942904,1.1035735846072632,1.7723407201402892,2.727341850273781,67,132465043
lulc_01918,lulc,232,2,built_up,urban_grid,0.7390950520833334,0.0,0.0,0.7390950520833334,0.2609049479166667,0.0,0.915287958915695,2.1668267014815807,3.140089286105048,8.87149498243462,95,1485943995
lulc_01919,lulc,216,0,water,river_delta,0.8464084201388888,0.8464084201388888,0.1535915798611111,0.0,0.0,0.0,1.0593594830490272,1.4274691301025675,2.554224761067026,11.066263098551211,82,1187249052
lulc_01920,lulc,238,1,vegetation,quarry,1.0,0.0,1.0,0.0,0.0,0.0,1.738866627906209,1.7410685431745847,0.5724005765546464,4.246224443798684,47,1936152478
lulc_01921,lulc,218,1,vegetation,river_delta,1.0,0.0,1.0,0.0,0.0,0.0,1.3192416888648035,0.9985398224064064,1.873632005227721,2.619285516023743,64,1215379605
lulc_01922,lulc,220,1,vegetation,river_delta,0.8668619791666666,0.031928168402777776,0.8668619791666666,0.0,0.012152777777777778,0.08905707465277778,1.3684058517619682,0.6279429550706975,0.3949157195388981,2.842493081817868,64,1207976043
lulc_01923,lulc,225,1,vegetation,farmland,0.6549750434027778,0.1366916232638889,0.6549750434027778,0.040093315972222224,0.0,0.1682400173611111,2.307510750697377,2.3704604588481564,1.4914966372273029,9.452794816609025,74,1232349087
lulc_01924,lulc,222,2,built_up,quarry,0.9471571180555556,0.0,0.006890190972222222,0.9471571180555556,0.045952690972222224,0.0,2.242468765806884,1.7478653601613274,0.6421401511175862,8.434654479852075,89,12049203
lulc_01925,lulc,221,1,vegetation,farmland,0.6233723958333334,0.054117838541666664,0.6233723958333334,0.07123480902777778,0.0,0.2512749565972222,2.1242408092559018,1.5916308723135995,3.1233810359209846,3.9057821300580393,71,928151099
lulc_01926,lulc,221,2,built_up,urban_grid,0.7940266927083334,0.0,0.20597330729166666,0.7940266927083334,0.0,0.0,1.2944330137646562,1.8488421364562075,0.1589463353917699,6.665103384650164,84,1592901516
lulc_01927,lulc,228,2,built_up,urban_grid,0.8180881076388888,0.0,0.1452907986111111,0.8180881076388888,0.03662109375,0.0,0.7276991891187509,0.857501097577375,2.323578548111556,5.321274618685444,72,503769085
lulc_01928,lulc,217,4,cropland,farmland,1.0,0.0,0.0,0.0,0.0,1.0,1.149832369727194,1.875453903948932,2.9601147968796155,3.7508186879750647,45,1049230396
lulc_01929,lulc,212,1,vegetation,farmland,0.9351671006944444,0.0,0.9351671006944444,0.06483289930555555,0.0,0.0,0.6126278977620956,1.6161750336152223,2.5699189889314433,3.358813531821838,57,2092167847
lulc_01930,lulc,214,1,vegetation,river_delta,0.8863661024305556,0.0,0.8863661024305556,0.0,0.11363389756944445,0.0,1.955726136055262,2.032719890814878,1.7592213596694342,9.568384159447701,50,35637485
lulc_01931,lulc,225,4,cropland,river_delta,0.8069661458333334,0.05832248263888889,0.04684787326388889,0.0,0.0878634982638889,0.8069661458333334,1.9198607246623975,1.6274066228256148,0.7405171609198689,10.895870641088896,73,378964121
lulc_01932,lulc,229,2,built_up,harbour,1.0,0.0,0.0,1.0,0.0,0.0,0.7216662857057985,0.6274624867112925,0.7459507986192147,1.185436044250575,95,28263124
lulc_01933,lulc,217,1,vegetation,quarry,0.8454861111111112,0.053955078125,0.8454861111111112,0.1005588107638889,0.0,0.0,1.5202456534434918,1.742328586473819,1.5577725724477924,11.477742136516481,71,795674672
lulc_01934,lulc,211,2,built_up,quarry,0.8671875,0.0,0.1328125,0.8671875,0.0,0.0,1.5742912650249423,1.973281486571675,3.022231994897724,1.1942007133308081,84,1424909858
lulc_01935,lulc,236,4,cropland,farmland,0.9150933159722222,0.08490668402777778,0.0,0.0,0.0,0.9150933159722222,2.1370333963793957,1.5382550936955601,1.670632041719767,4.287054270089711,68,861287103
lulc_01936,lulc,228,0,water,harbour,1.0,1.0,0.0,0.0,0.0,0.0,2.095729650024244,2.2099189196380755,2.360973367515412,6.007619506161192,50,989822593
lulc_01937,lulc,226,2,built_up,harbour,1.0,0.0,0.0,1.0,0.0,0.0,1.9428699840629027,0.8649219628257946,0.1589803838539166,0.06491701485312396,58,182723621
lulc_01938,lulc,211,0,water,harbour,0.8301323784722222,0.8301323784722222,0.0,0.0,0.1698676215277778,0.0,0.6095115039664513,1.0726778807356805,1.5924259239719039,10.94546214922667,52,100430831
lulc_01939,lulc,229,2,built_up,urban_grid,0.73828125,0.0,0.2094184027777778,0.73828125,0.052300347222222224,0.0,1.51850652293062,1.094117690210327,0.9875235150822017,8.147599193106801,95,1857636089
lulc_01940,lulc,216,0,water,river_delta,0.6758355034722222,0.6758355034722222,0.0,0.0,0.0,0.3241644965277778,0.8720065846506738,1.1741060476437508,1.2721146935405396,9.067993446723914,92,1756037679
lulc_01941,lulc,230,4,cropland,farmland,0.7211100260416666,0.024278428819444444,0.08232964409722222,0.17228190104166666,0.0,0.7211100260416666,0.7157210904160152,1.8049045156117378,0.49845338797994265,4.588664650944089,95,1221119259
lulc_01942,lulc,229,2,built_up,harbour,1.0,0.0,0.0,1.0,0.0,0.0,0.9893923090138113,2.215174178229256,0.38965972292137097,8.413980324897286,49,308993844
lulc_01943,lulc,219,4,cropland,farmland,1.0,0.0,0.0,0.0,0.0,1.0,1.7009502600026818,2.299254164864753,0.7568524196932398,11.983515509414513,50,804511738
lulc_01944,lulc,215,4,cropland,farmland,0.9110785590277778,0.027859157986111112,0.05235460069444445,0.008707682291666666,0.0,0.9110785590277778,0.9146514744371712,1.8494849373015554,1.7408483353260085,0.4412692364870563,62,386078821
lulc_01945,lulc,236,3,barren,river_delta,1.0,0.0,0.0,0.0,1.0,0.0,0.9413035121630651,1.4168630005062766,0.9683439602937234,2.9937594215784484,74,944360262
lulc_01946,lulc,217,3,barren,quarry,0.9156629774305556,0.0703396267361111,0.0,0.013997395833333334,0.9156629774305556,0.0,0.7210836058239305,2.001359371255138,0.739319884638139,10.104032813197257,45,658121353
lulc_01947,lulc,232,4,cropland,farmland,1.0,0.0,0.0,0.0,0.0,1.0,2.1635572918809594,0.6910017363037328,2.3645162115321643,8.810985920101086,52,529532224
lulc_01948,lulc,228,1,vegetation,farmland,0.9366861979166666,0.05064561631944445,0.9366861979166666,0.0,0.0,0.012668185763888888,0.8297483695046955,1.5101217741118949,2.6025722189121594,1.5191927060393065,89,804096074
lulc_01949,lulc,220,3,barren,quarry,0.886962890625,0.0,0.09071180555555555,0.022325303819444444,0.886962890625,0.0,1.143253769225077,1.900881440772776,1.1898116260281768,10.34670853893206,52,643984555
lulc_01950,lulc,222,4,cropland,farmland,0.7086046006944444,0.034749348958333336,0.0,0.2566460503472222,0.0,0.7086046006944444,2.022781344752267,1.0421249829061676,2.4696581115236893,9.542186835022093,80,1405160260
lulc_01951,lulc,237,1,vegetation,river_delta,0.8066948784722222,0.13134765625,0.8066948784722222,0.0,0.061957465277777776,0.0,0.7601895360679287,1.681822591696292,2.1243420969802167,11.100257504754339,64,1989076193
lulc_01952,lulc,216,1,vegetation,farmland,0.8397894965277778,0.0,0.8397894965277778,0.1602105034722222,0.0,0.0,2.2382320180169977,2.124650910760746,0.06953589112054516,3.258312287306852,82,1247360880
lulc_01953,lulc,214,0,water,harbour,0.9017740885416666,0.9017740885416666,0.0,0.09822591145833333,0.0,0.0,1.527710110217542,1.0905385852915959,1.6605232244916965,6.222400253517703,52,37017466
lulc_01954,lulc,222,4,cropland,farmland,0.8243272569444444,0.07291666666666667,0.1027560763888889,0.0,0.0,0.8243272569444444,1.6291217112038132,1.5502418838200718,0.5644076877136573,2.8036802506553573,45,843756921
lulc_01955,lulc,221,3,barren,quarry,0.8542209201388888,0.047444661458333336,0.0038248697916666665,0.0945095486111111,0.8542209201388888,0.0,1.2768759887860732,2.084804463799234,0.09151116436725658,5.959534526540743,58,291938350
lulc_01956,lulc,212,1,vegetation,river_delta,0.7312554253472222,0.0,0.7312554253472222,0.0,0.0,0.2687445746527778,0.9160069256823313,1.7648188680954129,0.8163479255677344,5.693965938132157,57,444254739
lulc_01957,lulc,224,3,barren,urban_grid,1.0,0.0,0.0,0.0,1.0,0.0,0.7577091194717215,0.9690286876171299,3.0542654247160534,1.411198764596405,60,354551675
lulc_01958,lulc,232,4,cropland,farmland,0.7106391059027778,0.0,0.20570203993055555,0.08365885416666667,0.0,0.7106391059027778,1.3042594828156309,1.1094651462104257,0.5765648665381412,3.7092272932095662,85,967461653
lulc_01959,lulc,213,0,water,harbour,0.8151041666666666,0.8151041666666666,0.0,0.15380859375,0.031087239583333332,0.0,0.8834236781665767,1.7061510266343385,0.8327729701192744,0.98745174249889,69,1948869467
lulc_01960,lulc,234,2,built_up,urban_grid,1.0,0.0,0.0,1.0,0.0,0.0,1.390726417604197,0.8497005619462339,0.608034428950808,8.722378973007746,89,1296349370
lulc_01961,lulc,237,2,built_up,harbour,0.8448893229166666,0.029975043402777776,0.0,0.8448893229166666,0.12513563368055555,0.0,2.1499136720480645,1.4862768704955038,1.505281793453847,9.946684556648421,66,1200698476
lulc_01962,lulc,220,2,built_up,urban_grid,1.0,0.0,0.0,1.0,0.0,0.0,1.1080788403349278,2.111066312006128,0.02418427156763394,1.9628949785780607,51,295472072
lulc_01963,lulc,218,2,built_up,urban_grid,0.6381293402777778,0.0,0.0,0.6381293402777778,0.3618706597222222,0.0,1.5425824529609848,1.6063826894467392,1.8340209949910156,1.6206283026990325,51,446506441
lulc_01964,lulc,235,2,built_up,harbour,0.6730143229166666,0.22517903645833334,0.0,0.6730143229166666,0.101806640625,0.0,1.7248444050907885,0.9779985663589872,2.2467180028543896,5.4961150116780635,65,371288221
lulc_01965,lulc,227,1,vegetation,farmland,0.722900390625,0.07671440972222222,0.722900390625,0.2003851996527778,0.0,0.0,1.0240050389946425,1.5398827839285207,1.942269108857448,4.161468800989505,95,169756512
lulc_01966,lulc,218,3,barren,river_delta,0.6545952690972222,0.23155381944444445,0.11385091145833333,0.0,0.6545952690972222,0.0,1.7825658649439542,2.0822395839641614,0.6337401196733505,6.374511346015913,72,1593800113
lulc_01967,lulc,231,1,vegetation,river_delta,0.8907606336805556,0.0,0.8907606336805556,0.0,0.10923936631944445,0.0,1.9303378687914625,1.9878087836470892,2.9984888516574966,7.872016582200878,69,735243958
lulc_01968,lulc,213,4,cropland,farmland,0.6348741319444444,0.0,0.0,0.3651258680555556,0.0,0.6348741319444444,2.3313022220252697,1.8845885650779408,2.1406101383135425,10.293113151336291,48,1537065769
lulc_01969,lulc,239,2,built_up,harbour,0.9030490451388888,0.05482313368055555,0.0,0.9030490451388888,0.04212782118055555,0.0,0.9787799215097407,2.363028763883853,0.21887357119565243,10.841931875602858,79,1597204919
lulc_01970,lulc,230,4,cropland,farmland,0.6826171875,0.04880099826388889,0.11265733506944445,0.15592447916666666,0.0,0.6826171875,1.2545672425934506,1.7971459952055318,0.24376520906497942,10.203422539555845,52,34371490
lulc_01971,lulc,220,2,built_up,harbour,0.6689995659722222,0.0,0.0,0.6689995659722222,0.3310004340277778,0.0,0.8995854664243423,1.852567149796661,0.9106388016817824,6.007336185297245,92,1353945435
lulc_01972,lulc,211,2,built_up,urban_grid,0.8383517795138888,0.0,0.0419921875,0.8383517795138888,0.1196560329861111,0.0,0.693034222042413,1.5345872043848359,1.5393328047547086,0.12820633775750734,85,228587740
lulc_01973,lulc,218,0,water,harbour,0.6915147569444444,0.6915147569444444,0.0,0.0,0.3084852430555556,0.0,1.9635573042096626,1.6516223478897416,2.8531730080810394,1.868456569724752,93,767302697
lulc_01974,lulc,221,4,cropland,river_delta,0.8154296875,0.0,0.17333984375,0.0,0.01123046875,0.8154296875,1.7585054791613448,1.5592954080819386,2.664826533687905,1.2521315910255955,71,1779607377
lulc_01975,lulc,221,0,water,river_delta,1.0,1.0,0.0,0.0,0.0,0.0,1.2772947054468378,1.1935594658302895,2.4374727132306826,6.007910923582628,54,820924190
lulc_01976,lulc,211,2,built_up,harbour,1.0,0.0,0.0,1.0,0.0,0.0,1.4356077806045133,2.3556477337749713,1.5811853510385496,4.373594881031626,83,1747521261
lulc_01977,lulc,210,1,vegetation,quarry,0.9011501736111112,0.029839409722222224,0.9011501736111112,0.06901041666666667,0.0,0.0,1.8360664823333455,1.3834828677232995,1.6628306057315765,7.387040622631529,88,611412794
lulc_01978,lulc,223,0,water,harbour,0.6725531684027778,0.6725531684027778,0.0,0.3047146267361111,0.022732204861111112,0.0,1.6846951486578163,2.1834874205291976,0.7388913122853856,1.740152772596359,61,1219037318
lulc_01979,lulc,228,2,built_up,urban_grid,0.7416178385416666,0.0,0.2497287326388889,0.7416178385416666,0.008653428819444444,0.0,1.017540892767491,1.8793925230205857,0.414217814083176,0.5620555260548294,47,778249695
lulc_01980,lulc,217,4,cropland,farmland,1.0,0.0,0.0,0.0,0.0,1.0,1.9575626921438527,0.8450781360700637,3.066934762554343,5.19056145969537,54,322510725
lulc_01981,lulc,211,4,cropland,farmland,1.0,0.0,0.0,0.0,0.0,1.0,1.8060277399637505,1.3315939765724725,2.377259390974654,7.058228788763316,94,1393363872
lulc_01982,lulc,210,3,barren,quarry,0.7903917100694444,0.0,0.20960828993055555,0.0,0.7903917100694444,0.0,1.8184067342755306,1.7859536345095126,0.6629400784028948,1.6959732590163576,77,1709630363
lulc_01983,lulc,229,3,barren,quarry,0.8684895833333334,0.03502061631944445,0.02197265625,0.07451714409722222,0.8684895833333334,0.0,1.44185307498099,1.3787686327979904,0.888142785355338,8.0531719282673,91,873340275
lulc_01984,lulc,226,0,water,harbour,0.7355143229166666,0.7355143229166666,0.0,0.0,0.2644856770833333,0.0,1.806049715973277,1.566871941224265,0.7069925393492332,7.0977039077317965,60,157539283
lulc_01985,lulc,217,1,vegetation,farmland,0.8947211371527778,0.027018229166666668,0.8947211371527778,0.025906032986111112,0.0,0.05235460069444445,1.701640813180298,2.1684079683578608,2.9518613273051812,4.721734863988443,83,80084194
lulc_01986,lulc,221,4,cropland,farmland,0.7151692708333334,0.0,0.1223415798611111,0.16248914930555555,0.0,0.7151692708333334,1.9055451733902076,1.3605750137658192,2.6289354463373313,5.468739306496298,74,396700497
lulc_01987,lulc,217,2,built_up,urban_grid,0.676025390625,0.0,0.11119249131944445,0.676025390625,0.21278211805555555,0.0,1.1303976475837008,1.9020351729771683,2.072481156374688,1.7599342760763852,93,1367211994
lulc_01988,lulc,235,1,vegetation,farmland,1.0,0.0,1.0,0.0,0.0,0.0,1.2806748296429942,1.1504186113031207,1.817567443146914,11.077292422688235,80,975512904
lulc_01989,lulc,219,1,vegetation,urban_grid,0.8155924479166666,0.0,0.8155924479166666,0.18440755208333334,0.0,0.0,0.9344240806335924,1.6823376403886336,1.8004341500263896,6.5999594502202,79,354548266
lulc_01990,lulc,216,2,built_up,urban_grid,0.8064507378472222,0.0,0.0,0.8064507378472222,0.1935492621527778,0.0,0.9797819778411323,2.0080400866129606,0.4319144966004183,8.414198559452409,79,1861725201
lulc_01991,lulc,230,0,water,river_delta,0.9336208767361112,0.9336208767361112,0.0,0.0,0.0,0.0663791232638889,2.382185447888919,1.4967249035431078,3.065520873298453,7.7322779313111205,47,1059944237
lulc_01992,lulc,239,3,barren,river_delta,1.0,0.0,0.0,0.0,1.0,0.0,2.253557361093405,1.4790844122484808,1.039644308777405,3.5031258094005646,91,80241420
lulc_01993,lulc,220,4,cropland,farmland,1.0,0.0,0.0,0.0,0.0,1.0,1.0764639794076583,0.9104023235604247,1.4757893006879723,0.49075371549953495,52,6740187
lulc_01994,lulc,238,1,vegetation,urban_grid,0.8322211371527778,0.0,0.8322211371527778,0.1677788628472222,0.0,0.0,1.6180080148532014,1.005170825381167,0.6007783241446657,8.922323307222007,68,741517839
lulc_01995,lulc,238,1,vegetation,farmland,0.9271918402777778,0.033501519097222224,0.9271918402777778,0.007052951388888889,0.0,0.03225368923611111,2.2282462155837552,2.0363956864517205,1.8191394377344365,8.475424103956284,83,1771560908
lulc_01996,lulc,222,1,vegetation,quarry,0.5919325086805556,0.0,0.5919325086805556,0.4080674913194444,0.0,0.0,1.5581182881335909,2.336487350988139,0.3097290154628768,6.986563503631024,83,1475489415
lulc_01997,lulc,223,4,cropland,river_delta,0.720458984375,0.0,0.279541015625,0.0,0.0,0.720458984375,2.353626231327649,0.7570951013222356,0.4611429017346316,6.223492409473879,77,786287750
lulc_01998,lulc,214,2,built_up,harbour,0.6558430989583334,0.3441569010416667,0.0,0.6558430989583334,0.0,0.0,1.0651184741282824,1.7468954107677481,0.301055107182943,0.8665470499157872,73,526092619
lulc_01999,lulc,211,1,vegetation,farmland,0.83544921875,0.05235460069444445,0.83544921875,0.11219618055555555,0.0,0.0,1.4511892854921724,1.2163662368082004,2.762361620653493,10.837155230075059,47,131188149
lulc_02000,lulc,238,1,vegetation,river_delta,0.8653157552083334,0.025960286458333332,0.8653157552083334,0.0,0.015326605902777778,0.09339735243055555,1.6352837480471027,1.1737141878504738,1.1939479664288442,3.3462421551814088,74,1367502304
lulc_02001,lulc,225,4,cropland,river_delta,0.8639594184027778,0.030381944444444444,0.06298828125,0.0,0.042670355902777776,0.8639594184027778,1.6169825626987464,1.6710259332441852,1.6891835499194603,7.286272705361398,89,1046067472
lulc_02002,lulc,239,2,built_up,harbour,1.0,0.0,0.0,1.0,0.0,0.0,1.0430561965651557,1.7844687243241806,0.47394242530499636,1.3559969422513936,95,1260437801
lulc_02003,lulc,230,3,barren,urban_grid,0.8443196614583334,0.0,0.04530164930555555,0.1103786892361111,0.8443196614583334,0.0,2.027529192700395,1.738127546650397,1.6742523356299235,6.647774046013727,46,869155519
lulc_02004,lulc,213,1,vegetation,river_delta,0.6496310763888888,0.0,0.6496310763888888,0.0,0.20860460069444445,0.14176432291666666,1.1003744736334333,1.631854899548438,0.8378682138659601,11.83029077764882,81,1485554313
lulc_02005,lulc,216,4,cropland,farmland,0.78955078125,0.0,0.21044921875,0.0,0.0,0.78955078125,2.17582053785342,1.1554157744992484,1.8714056218205697,11.848346860204366,88,1558376006
lulc_02006,lulc,215,1,vegetation,farmland,1.0,0.0,1.0,0.0,0.0,0.0,1.1812322437402911,0.7667853845215291,0.7722770800180465,1.949589811416908,56,1993181964
lulc_02007,lulc,211,2,built_up,harbour,0.8550347222222222,0.1449652777777778,0.0,0.8550347222222222,0.0,0.0,1.966466289198526,0.7747336779667008,2.648064779876467,10.290804984360895,67,67583976
lulc_02008,lulc,237,3,barren,river_delta,1.0,0.0,0.0,0.0,1.0,0.0,1.593436441048412,1.311365952162916,1.3679466935211189,4.370800548284484,76,905300095
lulc_02009,lulc,234,3,barren,river_delta,0.8947211371527778,0.026014539930555556,0.036946614583333336,0.0,0.8947211371527778,0.042317708333333336,1.9790679300920417,1.9245885522676094,2.132914155330851,2.522326963025018,85,374269003
lulc_02010,lulc,221,0,water,river_delta,1.0,1.0,0.0,0.0,0.0,0.0,2.3144597753232206,1.314141150303949,2.873214750782128,2.7032217352034738,88,573997220
lulc_02011,lulc,235,4,cropland,farmland,0.6318901909722222,0.13267686631944445,0.1474338107638889,0.08799913194444445,0.0,0.6318901909722222,2.008087065708292,2.0612669114743114,2.5904644548019684,1.882605385489315,55,1874385219
lulc_02012,lulc,214,3,barren,quarry,0.6002604166666666,0.11338975694444445,0.17032877604166666,0.11602105034722222,0.6002604166666666,0.0,1.9968617360188934,2.384644015836455,1.3879197883350838,6.839706574861641,75,1466685223
lulc_02013,lulc,211,0,water,harbour,0.713623046875,0.713623046875,0.0,0.286376953125,0.0,0.0,1.5531803211279478,0.8319595033785139,1.6784318486239234,6.475045318399069,80,919253457
lulc_02014,lulc,229,4,cropland,farmland,0.676025390625,0.0,0.0,0.323974609375,0.0,0.676025390625,1.343389095515045,0.8565128833190563,2.7445099421810353,7.956962335919256,65,1208299023
lulc_02015,lulc,238,2,built_up,harbour,0.8517252604166666,0.073486328125,0.0,0.8517252604166666,0.07478841145833333,0.0,1.1969618332899106,1.0924483407132364,1.1350078217597213,10.587927600862429,62,1568537941
lulc_02016,lulc,227,0,water,river_delta,0.6414116753472222,0.6414116753472222,0.0,0.0,0.0,0.3585883246527778,1.9593249479466666,1.424390161451707,1.7041178038715468,3.7502212270527515,77,1158671281
lulc_02017,lulc,229,4,cropland,farmland,1.0,0.0,0.0,0.0,0.0,1.0,2.320281971739587,1.0950127143528472,2.867301946373004,11.443887761712771,59,1593846669
lulc_02018,lulc,212,0,water,harbour,0.9404839409722222,0.9404839409722222,0.0,0.059516059027777776,0.0,0.0,2.365793886088902,1.0224732245413484,1.6146850411708815,5.0503944438668364,63,142403862
lulc_02019,lulc,213,4,cropland,farmland,0.7911241319444444,0.027126736111111112,0.11705186631944445,0.064697265625,0.0,0.7911241319444444,0.7916135725336841,0.7750772571850028,0.5730677538094747,8.289420971857535,93,1001366034
lulc_02020,lulc,236,2,built_up,harbour,0.7938910590277778,0.1477593315972222,0.0,0.7938910590277778,0.058349609375,0.0,1.273964682647006,2.3093446371647697,0.09094510974044119,7.526112912128388,58,818782132
lulc_02021,lulc,211,2,built_up,urban_grid,0.7062717013888888,0.0,0.2937282986111111,0.7062717013888888,0.0,0.0,2.2590101091033956,1.7123943495328162,2.867962536995407,0.4430986135423338,78,511506301
lulc_02022,lulc,224,0,water,river_delta,0.8029242621527778,0.8029242621527778,0.0283203125,0.0,0.07918294270833333,0.0895724826388889,2.201752915401421,1.7656684754089,3.1072568423113625,9.960026146918565,57,862590442
lulc_02023,lulc,237,2,built_up,urban_grid,0.63720703125,0.0,0.3008626302083333,0.63720703125,0.061930338541666664,0.0,1.7159630731338087,2.1180146001657385,1.4973042971722972,0.5933024194748131,46,287033705
lulc_02024,lulc,236,3,barren,quarry,1.0,0.0,0.0,0.0,1.0,0.0,1.585063904583949,1.7237238161388855,1.5572047302718712,10.780695315237455,71,2119682733
lulc_02025,lulc,228,1,vegetation,river_delta,0.6027560763888888,0.0,0.6027560763888888,0.0,0.0,0.3972439236111111,1.3688460338340473,1.6361550993145135,1.6362235197658912,3.0391497467557964,87,1173177207
lulc_02026,lulc,219,4,cropland,farmland,0.8649088541666666,0.026746961805555556,0.010823567708333334,0.09752061631944445,0.0,0.8649088541666666,1.2379409550761058,1.2057738951183081,1.1957804373506495,8.13708347345143,45,843014855
lulc_02027,lulc,238,2,built_up,harbour,0.9717339409722222,0.007297092013888889,0.0,0.9717339409722222,0.020968967013888888,0.0,0.9595798569123488,1.598723567908995,1.914154321454084,1.378031545139562,70,701752967
lulc_02028,lulc,234,0,water,river_delta,0.7555881076388888,0.7555881076388888,0.007893880208333334,0.0,0.12196180555555555,0.11455620659722222,0.67981994302175,1.7400004170504206,2.2376039049493297,4.854609079397628,63,1249623622
lulc_02029,lulc,218,4,cropland,farmland,0.7596842447916666,0.031792534722222224,0.0,0.2085232204861111,0.0,0.7596842447916666,1.47613676193691,1.7799756320200846,2.435995727287084,7.668527498861678,63,1981290031
lulc_02030,lulc,223,3,barren,quarry,1.0,0.0,0.0,0.0,1.0,0.0,1.0822698155377846,1.4206261220904346,2.2818745299033725,7.1047398224002976,83,997992059
lulc_02031,lulc,218,1,vegetation,river_delta,0.9076334635416666,0.06656901041666667,0.9076334635416666,0.0,0.025797526041666668,0.0,1.8795999803731283,1.2001627403409212,1.7386414562432195,11.224578717622537,74,1324931630
lulc_02032,lulc,230,1,vegetation,river_delta,0.8703884548611112,0.043511284722222224,0.8703884548611112,0.0,0.008843315972222222,0.07725694444444445,0.8318649388302639,2.1976776426347713,0.4729620996762712,6.366505427566848,52,355608898
lulc_02033,lulc,216,2,built_up,urban_grid,1.0,0.0,0.0,1.0,0.0,0.0,0.709263119973961,1.258632976233781,0.9259365976511916,9.2554088759995,53,628048490
lulc_02034,lulc,234,1,vegetation,river_delta,0.7884657118055556,0.1294216579861111,0.7884657118055556,0.0,0.005805121527777778,0.07630750868055555,1.226629185543346,0.8613681520519911,0.7416872792764153,7.994775853310156,46,912551526
lulc_02035,lulc,221,4,cropland,farmland,1.0,0.0,0.0,0.0,0.0,1.0,2.2747942370219705,1.9527018368619635,0.7915116490665808,2.699474705405051,76,338368419
lulc_02036,lulc,214,2,built_up,quarry,0.8671061197916666,0.055826822916666664,0.07706705729166667,0.8671061197916666,0.0,0.0,1.8405479527302213,0.6075490404747118,3.100855870549529,7.776817091185126,62,870244746
lulc_02037,lulc,228,4,cropland,farmland,1.0,0.0,0.0,0.0,0.0,1.0,2.0431259999240967,2.2116052680124243,0.9615074812436372,5.334287370908631,90,405540583
lulc_02038,lulc,213,4,cropland,farmland,0.69921875,0.1320529513888889,0.0,0.1687282986111111,0.0,0.69921875,2.0032023042626785,0.9724608096617122,0.7383550472352299,0.4317043449999409,75,2044061868
lulc_02039,lulc,237,1,vegetation,river_delta,0.884033203125,0.115966796875,0.884033203125,0.0,0.0,0.0,0.6144581454968567,2.3221268575395606,0.36807250151643,4.299557158234736,88,1804923719
lulc_02040,lulc,231,0,water,river_delta,0.6936577690972222,0.6936577690972222,0.012424045138888888,0.0,0.0,0.2939181857638889,1.86954712012838,2.1040924964625725,1.0515679745458972,4.792791285931694,74,1793481808
lulc_02041,lulc,214,0,water,river_delta,0.7181532118055556,0.7181532118055556,0.16295030381944445,0.0,0.118896484375,0.0,0.8620159125463478,1.4507194121180507,0.5685251704902492,1.4027692548892268,59,1013631335
lulc_02042,lulc,214,3,barren,river_delta,0.6404622395833334,0.021375868055555556,0.2574598524305556,0.0,0.6404622395833334,0.08070203993055555,2.390719879770676,2.1715862833812416,2.0999933133420785,4.373683378021312,78,1429927289
lulc_02043,lulc,229,4,cropland,farmland,1.0,0.0,0.0,0.0,0.0,1.0,2.1658378452664584,1.9301401031438017,1.5203000591453883,6.314299077045149,68,371956552
lulc_02044,lulc,221,0,water,harbour,0.8268229166666666,0.8268229166666666,0.0,0.17317708333333334,0.0,0.0,1.1623017628096748,1.3201326913926787,1.1704648440294938,3.6791380566413947,86,2125213914
lulc_02045,lulc,215,1,vegetation,urban_grid,1.0,0.0,1.0,0.0,0.0,0.0,0.6590125877580699,1.4928914627673064,0.19714434019397237,0.7931759421219455,53,235823375
lulc_02046,lulc,212,3,barren,quarry,0.8442654079861112,0.10015190972222222,0.0,0.055582682291666664,0.8442654079861112,0.0,1.0331885197514876,1.855108673835515,2.476462826064094,7.31651945238721,65,1946024455
lulc_02047,lulc,212,1,vegetation,river_delta,0.918212890625,0.0,0.918212890625,0.0,0.023030598958333332,0.058756510416666664,1.7859058298529198,0.686123598535262,2.010129554849157,6.762694398325097,66,586803409
lulc_02048,lulc,230,3,barren,river_delta,0.6830783420138888,0.09507921006944445,0.002983940972222222,0.0,0.6830783420138888,0.21885850694444445,1.8430991389381424,1.6388400064698971,2.466081545435366,5.397816819285543,52,263418688
lulc_02049,lulc,230,0,water,river_delta,0.7313639322916666,0.7313639322916666,0.2686360677083333,0.0,0.0,0.0,2.1334972826872907,1.8379031810014195,2.894981323304519,6.938934108964702,93,1110224675
lulc_02050,lulc,236,4,cropland,farmland,1.0,0.0,0.0,0.0,0.0,1.0,1.3202142440436893,1.0212593386017608,1.6180047594885332,0.9023716431920281,72,1735806816
lulc_02051,lulc,211,1,vegetation,farmland,0.8658854166666666,0.04942491319444445,0.8658854166666666,0.028293185763888888,0.0,0.056396484375,0.6091863362810208,1.68077997622763,2.287493466401412,8.405676167333638,49,1896364833
lulc_02052,lulc,239,4,cropland,farmland,0.7034776475694444,0.2965223524305556,0.0,0.0,0.0,0.7034776475694444,1.8305967966653713,0.9392977864175518,2.930140119746869,2.3600206205475494,73,1815545919
lulc_02053,lulc,216,3,barren,quarry,0.884765625,0.115234375,0.0,0.0,0.884765625,0.0,1.0862186693386013,2.2252792015440996,1.953550591280428,1.5066019123535908,91,526515547
lulc_02054,lulc,220,1,vegetation,river_delta,0.5630696614583334,0.0,0.5630696614583334,0.0,0.0,0.4369303385416667,2.0070346002105683,1.934012796049636,2.17977430430569,2.5426366840250347,57,1700049322
lulc_02055,lulc,213,3,barren,quarry,0.653564453125,0.2234157986111111,0.1230197482638889,0.0,0.653564453125,0.0,1.5869871248391476,1.562147251896597,2.7642790191249844,10.28927728770275,53,2134884974
lulc_02056,lulc,223,0,water,harbour,0.6748318142361112,0.6748318142361112,0.0,0.0,0.3251681857638889,0.0,0.6605568214159229,1.3726278640082743,2.8561578857809824,8.840973916566352,66,1713250840
lulc_02057,lulc,224,3,barren,river_delta,0.8382975260416666,0.13001844618055555,0.00035264756944444444,0.0,0.8382975260416666,0.031331380208333336,0.6508780888009273,0.6205158939580245,0.7526298001947016,7.4010109180058254,82,1255752728
lulc_02058,lulc,236,1,vegetation,urban_grid,1.0,0.0,1.0,0.0,0.0,0.0,1.360504538048358,0.9073683959527907,1.7161226062108967,9.283835553405261,53,1870150790
lulc_02059,lulc,215,4,cropland,farmland,0.9007432725694444,0.0,0.09925672743055555,0.0,0.0,0.9007432725694444,1.686592073838086,0.9379800155404527,1.6663957935498674,2.440000962704025,68,1595936423
lulc_02060,lulc,234,3,barren,river_delta,0.8418240017361112,0.018120659722222224,0.025851779513888888,0.0,0.8418240017361112,0.11420355902777778,1.9605124943686882,2.0340414566064235,1.0379645312852108,11.587389363730228,64,1383877041
lulc_02061,lulc,228,0,water,harbour,0.7903103298611112,0.7903103298611112,0.0,0.0,0.2096896701388889,0.0,1.9085953374028528,2.1846848554817737,2.986435752631125,10.721297820153922,67,672372217
lulc_02062,lulc,211,4,cropland,farmland,0.83203125,0.0749782986111111,0.0008951822916666666,0.09209526909722222,0.0,0.83203125,2.1245485659465175,1.9538534435026196,1.7409858132334213,7.509323520887845,73,244083328
lulc_02063,lulc,220,2,built_up,urban_grid,0.8724229600694444,0.0,0.0,0.8724229600694444,0.12757703993055555,0.0,1.7941670097422802,0.6510407633336799,1.7282313678597692,5.201354978560505,80,1623078596
lulc_02064,lulc,235,1,vegetation,river_delta,0.8011067708333334,0.1328125,0.8011067708333334,0.0,0.010850694444444444,0.055230034722222224,2.024437132188852,1.2501189087457574,1.0392431733583873,3.509597160925571,47,1941133392
lulc_02065,lulc,235,1,vegetation,river_delta,1.0,0.0,1.0,0.0,0.0,0.0,1.6837520021214476,2.011555593662879,1.8674621261173876,7.405832109879933,57,881965211
lulc_02066,lulc,221,2,built_up,harbour,0.9497612847222222,0.005696614583333333,0.0,0.9497612847222222,0.04454210069444445,0.0,1.8199210637259902,0.6777022671722179,1.4214554244301763,2.862524097182508,53,2079423704
lulc_02067,lulc,228,1,vegetation,farmland,1.0,0.0,1.0,0.0,0.0,0.0,2.3624809120757866,1.8184515837428292,2.599877236546374,10.79555542584059,53,409463028
lulc_02068,lulc,223,3,barren,river_delta,1.0,0.0,0.0,0.0,1.0,0.0,1.627123602737754,2.3736120540367023,1.467821884232353,4.059349727467878,59,1030559003
lulc_02069,lulc,239,1,vegetation,farmland,1.0,0.0,1.0,0.0,0.0,0.0,1.2049057485177377,1.171176756504887,0.07550479025809048,0.6164167532018312,59,250068230
lulc_02070,lulc,219,4,cropland,farmland,0.9290364583333334,0.07012261284722222,0.0008409288194444445,0.0,0.0,0.9290364583333334,2.0458365805741514,1.1031795734549954,0.8076210154983013,5.234109097114327,73,278554923
lulc_02071,lulc,236,2,built_up,urban_grid,0.9330240885416666,0.0,0.0,0.9330240885416666,0.06697591145833333,0.0,1.6787683447804205,0.9767583330081091,1.10109904635816,4.809872244519121,77,1802973216
lulc_02072,lulc,229,3,barren,quarry,0.8514811197916666,0.023980034722222224,0.07969835069444445,0.044840494791666664,0.8514811197916666,0.0,1.4060554284895148,1.0814876110883453,2.4383290023713866,0.89227310239544,84,685151381
lulc_02073,lulc,236,2,built_up,urban_grid,0.9336208767361112,0.0,0.0,0.9336208767361112,0.0663791232638889,0.0,2.293733438111814,1.000067393877269,1.8434597611019499,0.1803760235032721,80,1502724546
lulc_02074,lulc,212,3,barren,quarry,1.0,0.0,0.0,0.0,1.0,0.0,0.8107673386060262,2.0760100412735527,1.0986600879434874,11.457677616681988,92,1889525032
lulc_02075,lulc,226,3,barren,urban_grid,0.6733127170138888,0.0,0.3266872829861111,0.0,0.6733127170138888,0.0,1.493022388359641,2.06207021306296,1.9527464170740514,1.5036971272347506,89,204905163
lulc_02076,lulc,220,0,water,harbour,0.8816460503472222,0.8816460503472222,0.0,0.0,0.11835394965277778,0.0,1.7103153421273958,1.5307423394563684,2.2667923818411873,11.528773876413936,53,700845457
lulc_02077,lulc,237,1,vegetation,river_delta,0.8208279079861112,0.0,0.8208279079861112,0.0,0.0,0.1791720920138889,0.6909635789950767,1.1653466739316907,1.2142796699241325,0.08912189658714365,91,806315460
lulc_02078,lulc,237,1,vegetation,farmland,0.7792154947916666,0.0,0.7792154947916666,0.0,0.0,0.22078450520833334,1.6174341302401065,1.0603025405198414,2.286943703102001,5.959119981824363,63,1043824032
lulc_02079,lulc,216,1,vegetation,farmland,0.5850694444444444,0.025146484375,0.5850694444444444,0.1943359375,0.0,0.19544813368055555,1.2270142406660165,1.7724557521547242,2.681058524334415,11.87381190532614,79,2056878965
lulc_02080,lulc,226,2,built_up,urban_grid,0.6277940538194444,0.0,0.0,0.6277940538194444,0.3722059461805556,0.0,1.0360882117601737,1.8482890114064459,1.1063410090210346,2.362877887400293,67,56784639
lulc_02081,lulc,222,0,water,harbour,1.0,1.0,0.0,0.0,0.0,0.0,1.9864420715339155,1.5962783388550665,1.6834810192165393,2.5163918469138804,95,409630471
lulc_02082,lulc,227,0,water,river_delta,0.7345377604166666,0.7345377604166666,0.0,0.0,0.0,0.2654622395833333,1.4302707149009646,1.8778562400754253,2.943644460394538,6.102386772565457,48,490597176
lulc_02083,lulc,220,4,cropland,river_delta,0.6155056423611112,0.03306749131944445,0.0400390625,0.0,0.3113878038194444,0.6155056423611112,0.6888283076565273,1.074383199396795,2.114380784562193,3.812280523270679,80,2101019825
lulc_02084,lulc,229,3,barren,river_delta,0.6351996527777778,0.1655544704861111,0.111572265625,0.0,0.6351996527777778,0.0876736111111111,1.2573005117055918,1.4181173139343874,0.062434722014531506,5.011668697988965,61,627620876
lulc_02085,lulc,212,4,cropland,farmland,0.6543240017361112,0.021213107638888888,0.324462890625,0.0,0.0,0.6543240017361112,0.8461919256686664,1.692209608036645,1.8745818910048142,2.7152000046059017,95,921780362
lulc_02086,lulc,219,3,barren,quarry,1.0,0.0,0.0,0.0,1.0,0.0,0.711456827466557,0.6740529281729132,0.5172514678146598,0.46366374794312515,51,912477478
lulc_02087,lulc,227,4,cropland,farmland,0.7143012152777778,0.060004340277777776,0.22569444444444445,0.0,0.0,0.7143012152777778,0.9505442716294117,1.21831744095492,2.173421857105555,0.9211149027674193,74,869270889
lulc_02088,lulc,214,3,barren,river_delta,1.0,0.0,0.0,0.0,1.0,0.0,2.1415342358925424,1.4930170934183589,1.4367916676145116,6.345519193950081,68,186739889
lulc_02089,lulc,237,1,vegetation,river_delta,1.0,0.0,1.0,0.0,0.0,0.0,1.3221127141090268,0.8815413006902513,2.9769792396749266,1.7204603600814368,71,1434594035
lulc_02090,lulc,231,4,cropland,farmland,0.6367730034722222,0.14366319444444445,0.10663519965277778,0.11292860243055555,0.0,0.6367730034722222,0.9996557994111893,0.9611445015056934,0.4936018701286883,1.545274711696507,53,759676419
lulc_02091,lulc,227,0,water,river_delta,1.0,1.0,0.0,0.0,0.0,0.0,2.1610134728955313,1.8200076304798922,2.636553939207599,11.957432359258995,46,1416374435
lulc_02092,lulc,224,1,vegetation,farmland,1.0,0.0,1.0,0.0,0.0,0.0,1.9582767603503175,0.7073171082362719,0.021198928591155148,7.435148433643587,50,1878770498
lulc_02093,lulc,221,0,water,river_delta,0.6358235677083334,0.6358235677083334,0.2236056857638889,0.0,0.015407986111111112,0.12516276041666666,1.5356238151101884,1.0713279453271662,1.8997255540173659,5.928030884615936,95,145702038
lulc_02094,lulc,216,3,barren,river_delta,0.6852213541666666,0.07118055555555555,0.2435980902777778,0.0,0.6852213541666666,0.0,1.4230205556521511,0.9398235151431381,0.3182079941032568,4.366945114885248,50,1722949074
lulc_02095,lulc,229,4,cropland,farmland,1.0,0.0,0.0,0.0,0.0,1.0,1.897299623747012,1.3995562701909192,2.6871990142371027,6.083158052318467,49,749373746
lulc_02096,lulc,214,3,barren,quarry,0.8831922743055556,0.11680772569444445,0.0,0.0,0.8831922743055556,0.0,1.4743932509576925,0.8833831568534416,2.066324335633927,3.019821347352061,66,207126041
lulc_02097,lulc,216,3,barren,river_delta,0.8378363715277778,0.0,0.044596354166666664,0.0,0.8378363715277778,0.11756727430555555,2.395453986681916,2.319896139940962,1.9715854433319717,1.9813269003157745,51,980483198
lulc_02098,lulc,216,2,built_up,harbour,0.6719835069444444,0.2876247829861111,0.0,0.6719835069444444,0.04039171006944445,0.0,1.9377469493512933,1.4908247268924184,2.694852626720485,1.004035233201198,92,1441359170
lulc_02099,lulc,237,1,vegetation,quarry,1.0,0.0,1.0,0.0,0.0,0.0,2.3707672928680656,2.38131339388181,2.8276621962724335,0.6207493445754126,93,626289740
lulc_02100,lulc,215,3,barren,quarry,0.6091851128472222,0.04749891493055555,0.0166015625,0.3267144097222222,0.6091851128472222,0.0,1.3614637150112503,1.0758064931129654,1.373615847273708,10.789825478503683,56,527988815
lulc_02101,lulc,233,3,barren,quarry,1.0,0.0,0.0,0.0,1.0,0.0,2.1947940134496315,0.7734597853665518,2.406222780208109,6.945747002970295,76,980048370
lulc_02102,lulc,235,0,water,harbour,0.8186848958333334,0.8186848958333334,0.0,0.119873046875,0.061442057291666664,0.0,1.173784638096377,1.0064597917867395,1.5756265110070276,10.245819836341806,87,979407012
lulc_02103,lulc,233,0,water,river_delta,0.9373372395833334,0.9373372395833334,0.013237847222222222,0.0,0.04942491319444445,0.0,1.3203257409265348,0.8919094720069584,0.5674003041714886,1.1970614147069867,87,540605876
lulc_02104,lulc,218,3,barren,quarry,0.6185709635416666,0.04733615451388889,0.1980523003472222,0.1360405815972222,0.6185709635416666,0.0,2.216070087705745,1.1288764950720567,2.6554533284429227,1.4030267734099784,89,654295355
lulc_02105,lulc,210,0,water,river_delta,0.7557508680555556,0.7557508680555556,0.0,0.0,0.029975043402777776,0.21427408854166666,0.6127262348799742,1.0577531780006868,2.893245148586963,11.886175042641124,86,351676449
lulc_02106,lulc,231,3,barren,river_delta,0.7694227430555556,0.0,0.23057725694444445,0.0,0.7694227430555556,0.0,0.6946030170749107,0.851319288887331,2.442424473344669,2.0811178620992856,61,713178230
lulc_02107,lulc,235,2,built_up,urban_grid,0.7817111545138888,0.0,0.046305338541666664,0.7817111545138888,0.17198350694444445,0.0,1.9764171705750568,0.7884425333329527,2.677943521006872,9.352223584326731,73,265408674
lulc_02108,lulc,216,3,barren,quarry,0.7470160590277778,0.17106119791666666,0.08192274305555555,0.0,0.7470160590277778,0.0,0.8236517956959948,0.9935697938728643,2.2913599627505885,8.194128097680743,64,536356000
lulc_02109,lulc,232,4,cropland,farmland,0.6983506944444444,0.3016493055555556,0.0,0.0,0.0,0.6983506944444444,1.812175596693887,2.1829334299378718,2.6151395930217674,10.120290450184934,65,1810437287
lulc_02110,lulc,227,1,vegetation,river_delta,0.6298285590277778,0.0,0.6298285590277778,0.0,0.12559678819444445,0.2445746527777778,1.469333487921742,2.0953201564452426,0.7886074308113582,4.289944681521545,88,472276340
lulc_02111,lulc,239,0,water,harbour,0.8618435329861112,0.8618435329861112,0.0,0.1381564670138889,0.0,0.0,0.6135793453403081,1.8517219911895495,1.849978683524726,8.52252372282373,86,612999471
lulc_02112,lulc,220,3,barren,river_delta,0.8138563368055556,0.09385850694444445,0.09228515625,0.0,0.8138563368055556,0.0,0.633865316308264,1.5387932636355774,3.013951342753079,9.261679797683133,58,1136090542
lulc_02113,lulc,211,4,cropland,farmland,0.8030598958333334,0.0,0.19694010416666666,0.0,0.0,0.8030598958333334,1.080918771327047,1.632434177177195,0.7693624041878124,1.811771517289642,68,290509616
lulc_02114,lulc,214,3,barren,river_delta,0.6854112413194444,0.028618706597222224,0.034586588541666664,0.0,0.6854112413194444,0.2513834635416667,0.7681892299417779,1.7841216561839226,0.9368103351451741,7.766122882226365,45,1033359364
lulc_02115,lulc,214,1,vegetation,quarry,0.8350423177083334,0.09724934895833333,0.8350423177083334,0.035400390625,0.032307942708333336,0.0,1.680916326384894,0.6388436399934068,1.8262605517175656,1.3748810395148445,53,1356753620
lulc_02116,lulc,231,2,built_up,urban_grid,1.0,0.0,0.0,1.0,0.0,0.0,2.0484593159166575,1.315538349353655,2.18455980540663,11.680234797911975,76,936887390
lulc_02117,lulc,215,3,barren,quarry,0.8657769097222222,0.1342230902777778,0.0,0.0,0.8657769097222222,0.0,0.9953423373102963,0.7918346959342307,1.9087155017524884,5.152246678226683,51,1721026936
lulc_02118,lulc,217,4,cropland,farmland,0.9022894965277778,0.018120659722222224,0.0,0.07958984375,0.0,0.9022894965277778,2.3690569112057775,1.8424588051922952,2.2885691657824645,0.6446261270550897,61,1096935133
lulc_02119,lulc,232,1,vegetation,river_delta,1.0,0.0,1.0,0.0,0.0,0.0,1.081117641052908,1.8918882422352024,0.7098245190703915,0.2067943123317968,46,121180065
lulc_02120,lulc,225,2,built_up,urban_grid,0.7865939670138888,0.0,0.1527777777777778,0.7865939670138888,0.060628255208333336,0.0,1.0863831318768635,1.3068558208725913,1.7839620078177518,10.939461299789857,94,1318531389
lulc_02121,lulc,233,1,vegetation,farmland,0.5583224826388888,0.016682942708333332,0.5583224826388888,0.0,0.0,0.4249945746527778,1.8730177183757286,2.243677475457736,2.594477412114119,2.446188633557699,50,247893292
lulc_02122,lulc,217,2,built_up,urban_grid,0.9604763454861112,0.0,0.034369574652777776,0.9604763454861112,0.005154079861111111,0.0,0.9266812924778167,1.8434038746650714,1.3682760057725205,3.4672024558858006,55,1316082734
lulc_02123,lulc,221,4,cropland,farmland,1.0,0.0,0.0,0.0,0.0,1.0,1.1741772551979337,1.4147291011479313,0.2841321506707967,5.294809798226563,76,2145759137
lulc_02124,lulc,229,2,built_up,urban_grid,1.0,0.0,0.0,1.0,0.0,0.0,1.6538141651073213,0.6402635850836381,2.1242888836821274,8.885043176186915,70,1876287737
lulc_02125,lulc,211,1,vegetation,quarry,0.7335340711805556,0.0,0.7335340711805556,0.08805338541666667,0.1784125434027778,0.0,2.280779677704694,1.7421838099854936,2.11798078315605,3.5471178234134015,63,1140104176
lulc_02126,lulc,220,2,built_up,urban_grid,0.6803385416666666,0.0,0.3196614583333333,0.6803385416666666,0.0,0.0,1.2293547704844159,1.3584127478185364,0.39111556449197277,6.330161360239531,78,1141053301
lulc_02127,lulc,233,4,cropland,farmland,0.8745930989583334,0.0,0.04861111111111111,0.07679578993055555,0.0,0.8745930989583334,1.3170949991957592,1.2552789973305107,0.35216626248150873,1.8432914157532534,89,1933128092
lulc_02128,lulc,218,0,water,harbour,1.0,1.0,0.0,0.0,0.0,0.0,1.9084491724969594,1.518841704768882,1.7072868973136142,9.160315584611086,46,1986986141
lulc_02129,lulc,232,3,barren,quarry,0.7836100260416666,0.0,0.21638997395833334,0.0,0.7836100260416666,0.0,2.0180820180535335,1.6293310661172717,2.5451814423063936,11.555085380657221,57,1991519817
lulc_02130,lulc,218,2,built_up,urban_grid,1.0,0.0,0.0,1.0,0.0,0.0,0.9532591862775401,1.7107513476717076,1.3978517812480413,11.648970231298382,58,1523694792
lulc_02131,lulc,216,0,water,harbour,0.6282823350694444,0.6282823350694444,0.0,0.0,0.3717176649305556,0.0,1.9970934177013162,1.6402355686764643,0.20916455311475188,1.8479025476868651,51,170803618
lulc_02132,lulc,230,3,barren,quarry,0.7887369791666666,0.20426432291666666,0.0,0.006998697916666667,0.7887369791666666,0.0,0.6258432052732308,0.6439935578842744,2.7496658949968165,8.937101176664626,82,481601212
lulc_02133,lulc,225,1,vegetation,river_delta,0.9229871961805556,0.024088541666666668,0.9229871961805556,0.0,0.0,0.052924262152777776,0.7994972478209723,0.7741665583351962,2.0127623021662,11.01374943635161,94,267775303
lulc_02134,lulc,235,3,barren,urban_grid,0.9184299045138888,0.0,0.0,0.0815700954861111,0.9184299045138888,0.0,0.875100626975506,1.8973711340461983,2.3796721017128486,8.465044289678922,91,883062652
lulc_02135,lulc,228,2,built_up,harbour,0.6938205295138888,0.04163953993055555,0.0,0.6938205295138888,0.2645399305555556,0.0,1.8756131482931466,1.702765031278465,1.1993573146786602,9.238443350409408,93,240139697
lulc_02136,lulc,210,2,built_up,urban_grid,0.76806640625,0.0,0.2184516059027778,0.76806640625,0.013481987847222222,0.0,2.204687950943914,0.7466540450489165,1.2047847548254902,2.086717288135639,73,1731088869
lulc_02137,lulc,212,3,barren,river_delta,0.7610134548611112,0.07964409722222222,0.06947157118055555,0.0,0.7610134548611112,0.0898708767361111,2.2888918670237826,1.799133730694066,0.2444120038564838,4.913648764615657,46,724942874
lulc_02138,lulc,210,0,water,harbour,1.0,1.0,0.0,0.0,0.0,0.0,0.8371586485745653,1.1340583032707792,2.346323848811986,8.78804718250628,68,1934679453
lulc_02139,lulc,211,3,barren,urban_grid,0.6491427951388888,0.0,0.3508572048611111,0.0,0.6491427951388888,0.0,0.6117737184440528,2.19332422668155,0.11254419851391327,4.62170378708426,56,778285223
lulc_02140,lulc,213,0,water,river_delta,0.5657552083333334,0.5657552083333334,0.013536241319444444,0.0,0.2472601996527778,0.17344835069444445,0.9175017577397777,1.263910501170861,1.233106943251694,1.2815055860813502,75,759626241
lulc_02141,lulc,231,2,built_up,quarry,0.8301866319444444,0.059136284722222224,0.11067708333333333,0.8301866319444444,0.0,0.0,0.7254043908970144,0.6269385963527894,1.2374800298655946,10.742729639236337,53,1371198778
lulc_02142,lulc,228,4,cropland,farmland,0.6752115885416666,0.020128038194444444,0.03298611111111111,0.2716742621527778,0.0,0.6752115885416666,2.1361107405394515,1.3636088003937386,1.5835297060966735,2.307354071910397,72,457536433
lulc_02143,lulc,219,1,vegetation,river_delta,1.0,0.0,1.0,0.0,0.0,0.0,2.278916083090564,2.07787584699571,1.0604855697605677,11.038404813667583,75,2105935466
lulc_02144,lulc,239,0,water,harbour,0.7706705729166666,0.7706705729166666,0.0,0.22932942708333334,0.0,0.0,1.3068567375865057,1.0604754802590524,0.09740572035773475,2.1384653379639023,82,1949236592
lulc_02145,lulc,234,3,barren,quarry,1.0,0.0,0.0,0.0,1.0,0.0,2.1387706881989303,2.219591882588661,2.2460602663696325,1.3116449860943944,95,924002538
lulc_02146,lulc,220,2,built_up,quarry,0.7074381510416666,0.0,0.2925618489583333,0.7074381510416666,0.0,0.0,1.2905504133311907,2.3327067828740033,2.231044312037721,9.921031985169384,80,837276250
lulc_02147,lulc,236,1,vegetation,farmland,0.613037109375,0.2495659722222222,0.613037109375,0.0,0.0,0.1373969184027778,1.1017232765022271,0.8604227106470534,0.3620376609552383,10.508490121100435,56,1656159621
lulc_02148,lulc,235,4,cropland,river_delta,0.8165147569444444,0.015597873263888888,0.16788736979166666,0.0,0.0,0.8165147569444444,1.6925934054049114,1.7928327715826984,0.9556771812682169,9.09776339883046,54,1909613531
lulc_02149,lulc,217,0,water,river_delta,1.0,1.0,0.0,0.0,0.0,0.0,1.893226975605311,2.2478479824924555,3.011648857848445,5.613172887900115,71,1032453043
lulc_02150,lulc,227,1,vegetation,farmland,1.0,0.0,1.0,0.0,0.0,0.0,0.8285612540855567,2.2394637252875054,0.6592691599693672,4.97403349244304,91,2147249345
lulc_02151,lulc,224,4,cropland,farmland,0.7211642795138888,0.04714626736111111,0.05137803819444445,0.18031141493055555,0.0,0.7211642795138888,1.2809559688469678,1.948006165155348,1.5792760865529054,2.9484290787765057,57,1055218163
lulc_02152,lulc,210,1,vegetation,urban_grid,0.7402615017361112,0.0,0.7402615017361112,0.16099717881944445,0.09874131944444445,0.0,1.075861631718851,2.168572798513251,1.7538397784686859,8.816541116697884,58,1877480052
lulc_02153,lulc,219,3,barren,urban_grid,1.0,0.0,0.0,0.0,1.0,0.0,1.195945140612997,1.9309780597261201,1.2059010336754246,3.214290979192801,71,2093902788
lulc_02154,lulc,221,4,cropland,farmland,1.0,0.0,0.0,0.0,0.0,1.0,1.6162726052279797,1.3616755434288057,2.9722600045692418,8.597577273581289,63,338800160
lulc_02155,lulc,217,0,water,quarry,0.9121365017361112,0.9121365017361112,0.03917100694444445,0.04869249131944445,0.0,0.0,1.1041436076785032,1.9174670127877262,0.17973625140686408,10.425734568343813,74,1686026725
lulc_02156,lulc,215,4,cropland,farmland,1.0,0.0,0.0,0.0,0.0,1.0,0.8691430948476065,1.0357600346864573,1.3775095314462598,0.19067226247259805,79,440726925
lulc_02157,lulc,235,0,water,harbour,0.7088216145833334,0.7088216145833334,0.0,0.2831217447916667,0.008056640625,0.0,1.972702704845509,0.9778451936339516,1.1707810752887446,8.12640332393903,47,1705058403
lulc_02158,lulc,238,3,barren,quarry,0.9376085069444444,0.018364800347222224,0.0,0.044026692708333336,0.9376085069444444,0.0,1.3324682181905732,2.1594595666994847,0.33423060165339774,10.474163629785107,91,683336090
lulc_02159,lulc,214,1,vegetation,farmland,0.7952745225694444,0.0,0.7952745225694444,0.010389539930555556,0.0,0.1943359375,1.7688557019970634,1.1634797079314152,1.2664663753720964,3.1081062208269636,76,103382254
lulc_02160,lulc,230,0,water,harbour,0.7821451822916666,0.7821451822916666,0.0,0.21785481770833334,0.0,0.0,2.3184512445199608,1.6962768647424893,1.1673064467715843,5.221028466852184,69,1201128459
lulc_02161,lulc,225,1,vegetation,farmland,1.0,0.0,1.0,0.0,0.0,0.0,1.3856538082991223,1.9833327912504335,1.3721583182668813,2.6798587689038014,55,289916754
lulc_02162,lulc,216,3,barren,quarry,0.6602918836805556,0.0,0.0,0.3397081163194444,0.6602918836805556,0.0,2.0907344087675632,2.07874762050243,1.0561883373046344,0.39808429886825136,56,655134345
lulc_02163,lulc,237,2,built_up,urban_grid,0.767822265625,0.0,0.232177734375,0.767822265625,0.0,0.0,1.242308596372252,1.4585772247199391,2.8700626208014017,0.4105359994979261,83,666070597
lulc_02164,lulc,221,3,barren,quarry,0.8107367621527778,0.1892632378472222,0.0,0.0,0.8107367621527778,0.0,1.201933647671277,0.7082632477635107,0.2735272272596814,6.200919872474541,61,576042232
lulc_02165,lulc,212,0,water,harbour,1.0,1.0,0.0,0.0,0.0,0.0,2.26550957250141,1.254026718177121,1.2880969062783305,5.4029203107842125,45,917598313
lulc_02166,lulc,218,3,barren,river_delta,1.0,0.0,0.0,0.0,1.0,0.0,1.6765686562353874,1.319549427597154,0.47560228359050005,9.618549429935829,79,699296988
lulc_02167,lulc,226,0,water,river_delta,1.0,1.0,0.0,0.0,0.0,0.0,1.480170697640299,0.6564769034427119,0.23324273928306996,1.6970176481941124,78,1206567746
lulc_02168,lulc,236,0,water,harbour,0.6567925347222222,0.6567925347222222,0.0,0.2057834201388889,0.1374240451388889,0.0,1.7068467930204747,1.6360999115962778,1.506913987026658,9.986684030944783,71,1042825219
lulc_02169,lulc,219,4,cropland,farmland,1.0,0.0,0.0,0.0,0.0,1.0,2.292434921377559,2.132961383156708,1.9020485710291495,6.335841691629156,75,1085873673
lulc_02170,lulc,221,1,vegetation,farmland,0.5887586805555556,0.0,0.5887586805555556,0.4112413194444444,0.0,0.0,1.7478213028472052,1.9412234342946708,0.7111740467718528,2.728130626065774,88,132833272
lulc_02171,lulc,217,2,built_up,urban_grid,0.7368435329861112,0.0,0.04844835069444445,0.7368435329861112,0.21470811631944445,0.0,1.6636690197562634,1.958839200222633,0.4112550376082426,6.0270008807341835,70,1249044230
lulc_02172,lulc,216,3,barren,quarry,0.850341796875,0.0,0.043782552083333336,0.10587565104166667,0.850341796875,0.0,2.1646065217312387,0.6242117279432454,0.37643427629376836,11.018592949056181,94,1075134434
lulc_02173,lulc,236,1,vegetation,urban_grid,0.771728515625,0.0,0.771728515625,0.17664930555555555,0.05162217881944445,0.0,2.0390627977308724,1.3025122041285293,2.605749616833834,5.1027984300214015,78,1593350389
lulc_02174,lulc,215,2,built_up,urban_grid,0.6846516927083334,0.0,0.0,0.6846516927083334,0.3153483072916667,0.0,0.9167036499679271,1.7336522926286566,0.6621825144052895,0.5829153565273408,45,881674220
lulc_02175,lulc,234,4,cropland,river_delta,0.7304416232638888,0.16395399305555555,0.06016710069444445,0.0,0.04543728298611111,0.7304416232638888,1.1293911405835906,0.9361056641132051,1.1796930972272537,10.898410428524308,47,502198655
lulc_02176,lulc,236,1,vegetation,river_delta,0.7174750434027778,0.0,0.7174750434027778,0.0,0.0,0.2825249565972222,0.9786609988766732,0.9701591407515677,1.1573198134735294,4.796203033317289,49,512595579
lulc_02177,lulc,226,2,built_up,urban_grid,0.8394368489583334,0.0,0.09629991319444445,0.8394368489583334,0.06426323784722222,0.0,1.9841416492112982,0.8469264723995602,2.0333233045016312,0.8871914476556721,78,1227882008
lulc_02178,lulc,232,1,vegetation,farmland,0.6522894965277778,0.13560655381944445,0.6522894965277778,0.1265190972222222,0.0,0.08558485243055555,2.236128119522061,0.8900619064394648,1.1227588889338078,6.876439924609212,62,526592141
lulc_02179,lulc,239,2,built_up,urban_grid,0.6912163628472222,0.0,0.3087836371527778,0.6912163628472222,0.0,0.0,2.0353761403377892,1.470820509155227,0.9757862468477712,4.416722428933619,78,832809792
lulc_02180,lulc,237,2,built_up,harbour,0.6999240451388888,0.0,0.0,0.6999240451388888,0.3000759548611111,0.0,2.213673172516546,1.2051319383151928,2.8680959464164557,11.066590321107928,80,1391601561
lulc_02181,lulc,212,4,cropland,farmland,0.8769259982638888,0.0,0.1230740017361111,0.0,0.0,0.8769259982638888,2.305039581044424,2.2423318271535235,2.5219784624086197,1.8211837048265473,69,159841077
lulc_02182,lulc,220,2,built_up,harbour,0.7696397569444444,0.23036024305555555,0.0,0.7696397569444444,0.0,0.0,1.7491393707918492,1.74440372432956,3.057816365087152,6.524479829092547,59,2031302348
lulc_02183,lulc,213,0,water,river_delta,0.7395290798611112,0.7395290798611112,0.13224283854166666,0.0,0.08954535590277778,0.03868272569444445,1.6635373077508913,1.8575442245518556,1.1238762634380663,9.668840580239003,60,1807334053
lulc_02184,lulc,234,1,vegetation,quarry,1.0,0.0,1.0,0.0,0.0,0.0,1.8442412407966056,1.6079227472945865,1.0636753954793623,9.577609092892171,70,1318684238
lulc_02185,lulc,226,2,built_up,urban_grid,0.7247178819444444,0.0,0.2752821180555556,0.7247178819444444,0.0,0.0,1.4774162013424972,1.9144412574023058,0.13966314143739111,10.800771854380653,86,1639979212
lulc_02186,lulc,211,3,barren,river_delta,0.7944607204861112,0.045355902777777776,0.032769097222222224,0.0,0.7944607204861112,0.1274142795138889,1.6216942612035825,0.7348247241244633,0.6956059534519599,1.8614383102446381,55,40768349
lulc_02187,lulc,230,3,barren,quarry,0.8973524305555556,0.0,0.058186848958333336,0.04446072048611111,0.8973524305555556,0.0,1.8531105014435751,2.3984912002413807,2.093774434235967,11.124128842457841,63,1322629685
lulc_02188,lulc,227,0,water,harbour,0.8920355902777778,0.8920355902777778,0.0,0.10796440972222222,0.0,0.0,2.033867011556323,2.2210398204960624,0.42302046719101394,1.619150255323702,94,504884798
lulc_02189,lulc,218,0,water,harbour,1.0,1.0,0.0,0.0,0.0,0.0,2.0264860166482204,1.0681010784007072,2.511313545926543,3.8553987723320398,50,1232066107
lulc_02190,lulc,236,1,vegetation,quarry,0.7165798611111112,0.1750217013888889,0.7165798611111112,0.1083984375,0.0,0.0,0.7054383584885955,1.173422101385418,1.2808545194625967,1.7105175297222472,59,377658747
lulc_02191,lulc,233,4,cropland,farmland,1.0,0.0,0.0,0.0,0.0,1.0,1.3745061973105186,1.1572120307550724,0.25836159101936385,2.760826806909685,69,1450799523
lulc_02192,lulc,230,1,vegetation,farmland,0.6592610677083334,0.1464572482638889,0.6592610677083334,0.10270182291666667,0.0,0.0915798611111111,0.9774915795077523,1.301541798830608,1.9254591705294273,3.6694847744829104,78,274320771
lulc_02193,lulc,228,3,barren,quarry,0.818603515625,0.0,0.0,0.181396484375,0.818603515625,0.0,1.6077357356828723,2.198541359965326,1.0526173102138145,8.043409551781806,89,1794121973
lulc_02194,lulc,226,0,water,harbour,0.9478081597222222,0.9478081597222222,0.0,0.052191840277777776,0.0,0.0,2.3698554947576467,1.2755333432906903,0.23695872479374686,2.8413494377716613,57,413565377
lulc_02195,lulc,226,2,built_up,urban_grid,0.770751953125,0.0,0.229248046875,0.770751953125,0.0,0.0,1.1558429489548039,1.44172598750245,1.9838026518656096,2.238561120583944,85,1951843847
lulc_02196,lulc,225,1,vegetation,river_delta,0.7744411892361112,0.07904730902777778,0.7744411892361112,0.0,0.05221896701388889,0.09429253472222222,1.6313761544429046,1.3162475759575571,2.262606849012084,11.498219010524805,84,1322778343
lulc_02197,lulc,236,2,built_up,urban_grid,0.7621799045138888,0.0,0.032524956597222224,0.7621799045138888,0.2052951388888889,0.0,2.328262334272777,0.7999412039930802,0.34272654294881805,8.918516574218167,47,1270624658
lulc_02198,lulc,236,3,barren,urban_grid,0.6644694010416666,0.0,0.3355305989583333,0.0,0.6644694010416666,0.0,1.29219386936326,1.6573407010692565,2.977625327696588,11.438730496760405,62,32700508
lulc_02199,lulc,216,0,water,river_delta,0.6276041666666666,0.6276041666666666,0.3723958333333333,0.0,0.0,0.0,1.101280192418772,2.237285153760839,1.5853867971747588,3.9657670230555904,58,1738913606
lulc_02200,lulc,232,4,cropland,farmland,0.6947157118055556,0.3052842881944444,0.0,0.0,0.0,0.6947157118055556,1.2471558244128427,2.3912216458829287,2.112763590940508,4.2364806159039805,60,827212302
lulc_02201,lulc,220,2,built_up,harbour,0.8982204861111112,0.0,0.0,0.8982204861111112,0.1017795138888889,0.0,0.7819789441222402,0.745676509237576,0.9965760883383304,9.272435373543878,53,402386218
lulc_02202,lulc,217,4,cropland,farmland,0.7827962239583334,0.08287217881944445,0.1343315972222222,0.0,0.0,0.7827962239583334,2.0495274669489505,1.4228048882641793,0.40581449094136834,2.8609364809306284,76,1349664117
lulc_02203,lulc,227,0,water,harbour,0.7440592447916666,0.7440592447916666,0.0,0.1811794704861111,0.07476128472222222,0.0,2.338269131870563,0.8911885622470582,3.1383899715816073,1.1561137818095428,87,1826629967
lulc_02204,lulc,223,1,vegetation,river_delta,0.6975911458333334,0.2540418836805556,0.6975911458333334,0.0,0.0,0.04836697048611111,1.7700566989008846,0.6396983620602852,1.1091129336043508,2.668334756027356,56,723394568
lulc_02205,lulc,239,3,barren,quarry,0.6320258246527778,0.3679741753472222,0.0,0.0,0.6320258246527778,0.0,1.7568157992534394,1.5663294444494595,0.26884572587726563,10.375657781392881,85,1373859484
lulc_02206,lulc,236,1,vegetation,quarry,0.728759765625,0.0939670138888889,0.728759765625,0.15196397569444445,0.025309244791666668,0.0,1.288976485318749,1.2669309122381276,3.0190179654263742,0.6904240443211727,65,471469133
lulc_02207,lulc,225,4,cropland,river_delta,0.7234157986111112,0.2765842013888889,0.0,0.0,0.0,0.7234157986111112,1.9993011508108487,0.75921645919339,0.8192869805368465,5.540781181633985,67,505504401
lulc_02208,lulc,212,3,barren,quarry,1.0,0.0,0.0,0.0,1.0,0.0,0.7710681275985882,1.3473676835723185,0.453167627298252,6.469096281627635,88,1127425306
lulc_02209,lulc,210,2,built_up,urban_grid,1.0,0.0,0.0,1.0,0.0,0.0,2.1193076505770847,1.353157872033302,1.2435074161846638,4.001326560592045,47,8598069
lulc_02210,lulc,214,4,cropland,farmland,0.8854166666666666,0.0,0.11458333333333333,0.0,0.0,0.8854166666666666,1.2546358834889486,1.4736523517817972,0.7248922782851701,5.316562336538868,75,987388884
lulc_02211,lulc,221,2,built_up,urban_grid,1.0,0.0,0.0,1.0,0.0,0.0,1.701043705114241,1.334204626653868,1.0184906309444313,0.7374141567170587,45,804425652
lulc_02212,lulc,218,2,built_up,urban_grid,1.0,0.0,0.0,1.0,0.0,0.0,1.9182739041094545,1.0471458559341715,2.775389607029474,11.074836978626614,65,1484468470
lulc_02213,lulc,215,3,barren,urban_grid,0.8281521267361112,0.0,0.018391927083333332,0.15345594618055555,0.8281521267361112,0.0,1.071656741197212,2.1957465325687266,1.4747665337608589,4.575185355897178,48,1996790016
lulc_02214,lulc,215,0,water,river_delta,0.6453450520833334,0.6453450520833334,0.06198459201388889,0.0,0.2509765625,0.041693793402777776,2.034169313164315,1.0584615411839706,2.682183306002611,1.4306908749583886,47,1636022460
lulc_02215,lulc,217,2,built_up,quarry,0.8143446180555556,0.03138563368055555,0.038628472222222224,0.8143446180555556,0.11564127604166667,0.0,1.1223958929927997,2.099004106354277,2.0966862526838876,10.509455615409879,69,744393344
lulc_02216,lulc,210,3,barren,urban_grid,1.0,0.0,0.0,0.0,1.0,0.0,1.0608167685356953,1.7598891212266667,0.6021386901371137,1.878157917929851,81,901161820
lulc_02217,lulc,226,2,built_up,urban_grid,0.6626790364583334,0.0,0.3373209635416667,0.6626790364583334,0.0,0.0,1.2516558002832723,2.378340103633395,2.138871096452215,4.467319419391506,95,1463131272
lulc_02218,lulc,226,1,vegetation,urban_grid,0.7582194010416666,0.0,0.7582194010416666,0.24178059895833334,0.0,0.0,0.8314920533652477,1.7466929223372927,0.32960611216615626,2.031531720619657,47,810636259
lulc_02219,lulc,216,3,barren,quarry,0.647216796875,0.0,0.352783203125,0.0,0.647216796875,0.0,1.896713217734661,1.0972643447155654,0.66788176535948,0.7457214800628122,60,697106020
lulc_02220,lulc,226,2,built_up,harbour,0.7954915364583334,0.09480794270833333,0.0,0.7954915364583334,0.10970052083333333,0.0,1.3305393401034076,1.168291177631438,1.5745849661778548,4.618408744869021,71,1279116222
lulc_02221,lulc,235,4,cropland,river_delta,0.9096137152777778,0.0,0.09038628472222222,0.0,0.0,0.9096137152777778,0.8584363744274404,1.9025334973824255,1.5644223529204766,8.295668973724094,66,191393743
lulc_02222,lulc,215,4,cropland,farmland,1.0,0.0,0.0,0.0,0.0,1.0,1.3884743986299606,2.2560594572889583,2.3768331180471454,9.654190732067885,82,2009760681
lulc_02223,lulc,225,2,built_up,quarry,1.0,0.0,0.0,1.0,0.0,0.0,1.1030920127169237,1.5455529400670618,2.2047529858725086,3.3045052941556596,86,1826728834
lulc_02224,lulc,239,3,barren,urban_grid,0.6917588975694444,0.0,0.11005316840277778,0.1981879340277778,0.6917588975694444,0.0,0.7340587316493904,1.0823452071801414,0.990731841496608,5.877944383564362,48,184608890
lulc_02225,lulc,228,0,water,river_delta,0.8155653211805556,0.8155653211805556,0.0,0.0,0.0,0.18443467881944445,1.1446461655033646,2.3885092430868164,0.2720568591407236,7.459383836196679,89,192918001
lulc_02226,lulc,210,3,barren,quarry,0.7662760416666666,0.02294921875,0.08976236979166667,0.12101236979166667,0.7662760416666666,0.0,1.9542876025513505,0.9406831217218734,2.949637760349033,3.7845546784500645,74,1135798490
lulc_02227,lulc,235,0,water,river_delta,1.0,1.0,0.0,0.0,0.0,0.0,0.8870481898181791,1.9680077226467496,0.4145638297613756,2.2215586793890103,62,1439060115
lulc_02228,lulc,214,4,cropland,farmland,1.0,0.0,0.0,0.0,0.0,1.0,2.3389700931057997,2.2496869454259274,1.1045089825201673,9.317391839182159,82,1955802017
lulc_02229,lulc,235,1,vegetation,farmland,0.8150227864583334,0.0,0.8150227864583334,0.0,0.0,0.18497721354166666,1.6698479085298703,1.2497249783849655,0.0560389366631471,8.828907274389955,51,877512584
lulc_02230,lulc,236,0,water,river_delta,0.5965440538194444,0.5965440538194444,0.0,0.0,0.0,0.4034559461805556,0.941341379232898,2.257169749520565,1.709137109666254,7.8580550816916475,51,1560320476
lulc_02231,lulc,220,4,cropland,farmland,0.7027180989583334,0.2972819010416667,0.0,0.0,0.0,0.7027180989583334,1.8230637632146776,1.7641818628978072,0.7853330123129668,0.5436393178710057,63,1837654346
lulc_02232,lulc,232,4,cropland,farmland,0.6997884114583334,0.037543402777777776,0.17542860243055555,0.08723958333333333,0.0,0.6997884114583334,1.5140983875578,1.4753720980488048,1.170718889132351,4.8250219573817645,51,1964650161
lulc_02233,lulc,231,2,built_up,urban_grid,1.0,0.0,0.0,1.0,0.0,0.0,1.2612365080491847,2.042921516095789,1.027757871180725,9.240272498553253,88,165462519
lulc_02234,lulc,231,2,built_up,urban_grid,0.9178602430555556,0.0,0.056559244791666664,0.9178602430555556,0.025580512152777776,0.0,1.9801756976318559,0.9800250952894207,1.9775250489728047,5.12461600519945,65,2026876095
lulc_02235,lulc,222,2,built_up,harbour,0.8541124131944444,0.04896375868055555,0.0,0.8541124131944444,0.096923828125,0.0,1.9439681910374045,0.7463317903496787,2.365729134949396,11.70271474690579,47,2118855059
lulc_02236,lulc,217,3,barren,quarry,0.9104275173611112,0.07527669270833333,0.014295789930555556,0.0,0.9104275173611112,0.0,2.3598236924779648,2.141892772944235,0.5181537942200045,8.299159807795617,45,1703318444
lulc_02237,lulc,222,1,vegetation,river_delta,0.66943359375,0.03285047743055555,0.66943359375,0.0,0.2977159288194444,0.0,1.412160691852854,2.378285353418113,2.005707947696356,9.958943454654584,50,877609605
lulc_02238,lulc,237,2,built_up,urban_grid,1.0,0.0,0.0,1.0,0.0,0.0,2.169100542262123,2.114604898671666,0.8152949900906158,6.997464994975639,74,766505254
lulc_02239,lulc,213,1,vegetation,river_delta,0.7591145833333334,0.020317925347222224,0.7591145833333334,0.0,0.07904730902777778,0.14152018229166666,2.189219554644498,0.9754883100799967,0.22645354691298678,5.222633719601707,53,1887873961
lulc_02240,lulc,238,3,barren,quarry,0.6990017361111112,0.15909830729166666,0.0,0.1418999565972222,0.6990017361111112,0.0,0.8618935972936997,0.9276196782443129,1.4896900024947448,9.561247976211488,47,1332807248
lulc_02241,lulc,233,1,vegetation,farmland,0.7078993055555556,0.060709635416666664,0.7078993055555556,0.0,0.0,0.2313910590277778,0.6820540752866806,1.0737756809496017,2.3466094075113113,6.61945761377754,83,610006347
lulc_02242,lulc,217,0,water,river_delta,0.6686740451388888,0.6686740451388888,0.08203125,0.0,0.1682671440972222,0.0810275607638889,2.2910517731398197,2.2957590193650845,0.8051610238849062,5.837614462682772,67,1915508497
lulc_02243,lulc,210,4,cropland,farmland,0.8135308159722222,0.0,0.161865234375,0.024603949652777776,0.0,0.8135308159722222,1.968369034887846,0.6518644114569707,1.956603878210482,6.067942947465424,57,1430138481
lulc_02244,lulc,229,4,cropland,farmland,0.8667534722222222,0.1332465277777778,0.0,0.0,0.0,0.8667534722222222,1.088358126068121,1.4369748720378603,2.548893731148483,1.025252328304635,84,131821441
lulc_02245,lulc,213,2,built_up,urban_grid,0.6584201388888888,0.0,0.3415798611111111,0.6584201388888888,0.0,0.0,1.9911023560868522,1.758743625462825,2.072588352755445,11.02277633157648,48,908595906
lulc_02246,lulc,222,4,cropland,farmland,0.7165256076388888,0.2834743923611111,0.0,0.0,0.0,0.7165256076388888,0.8540442132039433,1.5268699716605638,2.7540292746735027,8.337011456953665,94,717089124
lulc_02247,lulc,230,4,cropland,river_delta,0.6623263888888888,0.09247504340277778,0.24064127604166666,0.0,0.004557291666666667,0.6623263888888888,0.8060330165446369,1.003969890901625,2.50594415890855,4.077438525098439,80,1615264445
lulc_02248,lulc,224,0,water,harbour,0.8835177951388888,0.8835177951388888,0.0,0.1164822048611111,0.0,0.0,0.7052836082843605,1.8307261589090698,2.4932481016206895,11.31615256351784,78,525698865
lulc_02249,lulc,217,0,water,harbour,0.7283257378472222,0.7283257378472222,0.0,0.2716742621527778,0.0,0.0,1.1224595599868046,1.6876453671146745,0.8432280409559397,2.558544080810242,76,1023445879
lulc_02250,lulc,218,4,cropland,farmland,0.5813259548611112,0.3671603732638889,0.0,0.051513671875,0.0,0.5813259548611112,1.167833477836263,1.416833321177804,0.3428698557524951,9.365956524203195,58,337553846
lulc_02251,lulc,220,4,cropland,farmland,0.6443956163194444,0.0,0.0,0.3556043836805556,0.0,0.6443956163194444,2.0427992718661208,2.2372886654380677,1.909749602679761,7.6697674130686995,95,2089773536
lulc_02252,lulc,237,4,cropland,farmland,0.9418402777777778,0.0,0.0,0.058159722222222224,0.0,0.9418402777777778,0.6570925363066985,1.1662942821834417,2.0781914560429913,9.417419846902062,73,834831511
lulc_02253,lulc,229,4,cropland,farmland,0.7916124131944444,0.0,0.0,0.20838758680555555,0.0,0.7916124131944444,1.341107866381932,1.2063016680388188,1.268051953243973,3.0455130804006876,73,975800625
lulc_02254,lulc,216,0,water,harbour,1.0,1.0,0.0,0.0,0.0,0.0,1.3321013049815202,2.1605438153184755,1.1737572845973467,6.880155457961164,63,1601392669
lulc_02255,lulc,231,2,built_up,harbour,0.871337890625,0.0,0.0,0.871337890625,0.128662109375,0.0,0.8773145718628157,2.12100428642635,0.8647094836334708,7.581101655857045,54,1594771630
lulc_02256,lulc,223,2,built_up,urban_grid,0.8528374565972222,0.0,0.013319227430555556,0.8528374565972222,0.1338433159722222,0.0,2.2946433987018695,0.6746769313167799,1.0891080308269168,3.525978872562083,85,2020876271
lulc_02257,lulc,230,1,vegetation,river_delta,1.0,0.0,1.0,0.0,0.0,0.0,1.6377391309957203,0.8501490745561875,2.505780777112226,1.6314459968058204,74,719028451
lulc_02258,lulc,227,4,cropland,farmland,0.8286946614583334,0.08799913194444445,0.0,0.08330620659722222,0.0,0.8286946614583334,1.379367890647221,1.0946180194173616,2.2731468109170896,11.376059118096538,74,1360033481
lulc_02259,lulc,225,0,water,river_delta,1.0,1.0,0.0,0.0,0.0,0.0,1.0357942345025415,0.9228130568369586,2.649352264845728,6.726140065037743,82,433177903
lulc_02260,lulc,222,3,barren,urban_grid,0.59375,0.0,0.019015842013888888,0.3872341579861111,0.59375,0.0,1.8673712399160296,2.102601408364326,1.3651887617288232,3.2951896523835877,62,644530414
lulc_02261,lulc,234,0,water,harbour,0.8516167534722222,0.8516167534722222,0.0,0.058675130208333336,0.08970811631944445,0.0,1.0362268475058105,0.6499673841511583,0.8075688209890335,6.25522352132721,51,234165026
lulc_02262,lulc,232,3,barren,river_delta,0.8680826822916666,0.13191731770833334,0.0,0.0,0.8680826822916666,0.0,1.0270459644025307,1.6763651612914745,0.6240357961668096,8.861923956624366,71,589549188
lulc_02263,lulc,221,4,cropland,farmland,0.8219672309027778,0.04001193576388889,0.0,0.13802083333333334,0.0,0.8219672309027778,2.3292632825719637,1.236870915665685,1.9482158626187778,5.415492347669245,54,129272218
lulc_02264,lulc,218,1,vegetation,farmland,0.7193739149305556,0.06776258680555555,0.7193739149305556,0.08162434895833333,0.0,0.13123914930555555,2.168507761312147,2.1369024939214616,2.6893206513022414,7.706398347734201,45,708013143
lulc_02265,lulc,237,3,barren,urban_grid,0.9568956163194444,0.0,0.04310438368055555,0.0,0.9568956163194444,0.0,1.444181960945977,1.6060857939393292,2.7407850246897465,8.193151277576426,92,1157342626
lulc_02266,lulc,218,0,water,harbour,1.0,1.0,0.0,0.0,0.0,0.0,0.6229537707442655,1.728122012167964,0.31384145633614435,5.28065849434069,89,43877052
lulc_02267,lulc,234,2,built_up,quarry,0.7136501736111112,0.0,0.014377170138888888,0.7136501736111112,0.27197265625,0.0,0.6770908065854159,2.2258345911156616,0.25212306800845913,3.713781637914633,83,708700642
lulc_02268,lulc,228,4,cropland,river_delta,0.9319932725694444,0.0,0.06800672743055555,0.0,0.0,0.9319932725694444,0.9771826093905978,1.3075387385109536,2.1888411071283835,0.44549326133366796,60,517360555
lulc_02269,lulc,226,2,built_up,harbour,0.6782769097222222,0.3209092881944444,0.0,0.6782769097222222,0.0008138020833333334,0.0,0.7853006090011048,2.1697490537372377,2.8491793778619505,10.262010222746982,62,382385061
lulc_02270,lulc,231,4,cropland,farmland,1.0,0.0,0.0,0.0,0.0,1.0,1.804658440021611,2.242490201687189,2.9494812766546685,7.525461529279228,83,1605575436
lulc_02271,lulc,216,0,water,quarry,0.7471788194444444,0.7471788194444444,0.105712890625,0.14710828993055555,0.0,0.0,1.0037220232983601,1.8666688783398353,2.1492434569082226,6.649815365879892,95,216597543
lulc_02272,lulc,231,0,water,harbour,0.8827311197916666,0.8827311197916666,0.0,0.11726888020833333,0.0,0.0,1.365553137811244,0.8130154061284075,0.7837713594256372,4.590432089757729,56,1233959221
lulc_02273,lulc,238,4,cropland,farmland,1.0,0.0,0.0,0.0,0.0,1.0,2.1000984290545572,1.3979754715957629,1.0105716671832388,2.517980871136368,45,1793992803
lulc_02274,lulc,234,0,water,harbour,0.645751953125,0.645751953125,0.0,0.354248046875,0.0,0.0,1.095950873406083,2.267179486096976,2.1727684575007062,4.985819434125764,81,584865965
lulc_02275,lulc,226,3,barren,quarry,0.7904188368055556,0.20958116319444445,0.0,0.0,0.7904188368055556,0.0,1.4895123708838052,1.5810951194279224,0.25733603704602553,7.530675924370847,73,2140370454
lulc_02276,lulc,223,1,vegetation,urban_grid,0.8803439670138888,0.0,0.8803439670138888,0.0,0.1196560329861111,0.0,1.2004949338796673,1.464764561116181,3.104283061284543,8.204379531453242,63,1155969060
lulc_02277,lulc,231,2,built_up,urban_grid,0.9637586805555556,0.0,0.03624131944444445,0.9637586805555556,0.0,0.0,1.993092672671486,2.15633766795136,1.2777423401491266,1.8424242717385813,89,803463564
lulc_02278,lulc,218,0,water,river_delta,0.9282769097222222,0.9282769097222222,0.0023600260416666665,0.0,0.033393012152777776,0.035970052083333336,1.1151895476476907,1.4256901106905329,2.084703333000398,3.906604466859305,61,319695670
lulc_02279,lulc,231,3,barren,urban_grid,0.6892361111111112,0.0,0.0752224392361111,0.2355414496527778,0.6892361111111112,0.0,0.6616957203990721,0.7967284951878122,0.054236492831984534,10.926262766617846,46,759633521
lulc_02280,lulc,222,0,water,river_delta,0.7875705295138888,0.7875705295138888,0.026746961805555556,0.0,0.008029513888888888,0.17765299479166666,1.4462269887387214,0.8469310830067678,2.9788012387644223,7.020625734058942,75,1576100227
lulc_02281,lulc,223,4,cropland,farmland,0.8957790798611112,0.04163953993055555,0.06258138020833333,0.0,0.0,0.8957790798611112,1.0813298512495706,2.1486572902011716,2.768127713566019,0.9948656731412928,80,1386848969
lulc_02282,lulc,238,2,built_up,harbour,0.8825141059027778,0.0,0.0,0.8825141059027778,0.11748589409722222,0.0,1.519199006033655,2.0098550339140826,0.4952250412457123,7.133817600033283,78,444568628
lulc_02283,lulc,239,1,vegetation,farmland,0.8602973090277778,0.06749131944444445,0.8602973090277778,0.07221137152777778,0.0,0.0,0.6943287696011776,1.189469678923305,1.469392754689123,3.9977084383262937,55,255548687
lulc_02284,lulc,211,0,water,harbour,0.6208767361111112,0.6208767361111112,0.0,0.3791232638888889,0.0,0.0,0.7319447645926389,1.3817454627877954,1.544090855464165,0.49372059458668494,73,952400656
lulc_02285,lulc,213,3,barren,urban_grid,0.7744954427083334,0.0,0.22550455729166666,0.0,0.7744954427083334,0.0,1.4513672419576062,1.770999264466631,2.862550004803812,5.91797397982003,95,1765097401
lulc_02286,lulc,220,1,vegetation,river_delta,0.8991156684027778,0.023844401041666668,0.8991156684027778,0.0,0.020562065972222224,0.056477864583333336,2.2898681911717413,1.8445282831910612,2.301681984215982,2.6129668371671615,82,1984158474
lulc_02287,lulc,238,1,vegetation,farmland,0.6103244357638888,0.16471354166666666,0.6103244357638888,0.10807291666666667,0.0,0.11688910590277778,2.3819283206272357,2.368908311080121,1.6509698894517677,1.555972194696995,73,81300324
lulc_02288,lulc,217,1,vegetation,farmland,0.8828667534722222,0.0,0.8828667534722222,0.04039171006944445,0.0,0.07674153645833333,0.661092211469499,0.8756286114167833,0.007948277538021284,8.103981222446553,59,1854280521
lulc_02289,lulc,238,2,built_up,urban_grid,0.9421929253472222,0.0,0.027642144097222224,0.9421929253472222,0.030164930555555556,0.0,1.199904202657134,1.1994464503407998,2.1165137954955164,5.318740085814586,77,236507652
lulc_02290,lulc,210,4,cropland,river_delta,0.7682291666666666,0.0,0.057698567708333336,0.0,0.174072265625,0.7682291666666666,2.3365433722784767,2.393791831648745,2.8125564063853585,1.8305794314939758,90,458387689
lulc_02291,lulc,229,1,vegetation,farmland,0.8368598090277778,0.025010850694444444,0.8368598090277778,0.0657009548611111,0.0,0.07242838541666667,0.6032715036080817,2.1543102080680603,1.0785977904904664,6.208963327964311,63,968250387
lulc_02292,lulc,217,1,vegetation,farmland,0.7891438802083334,0.021185980902777776,0.7891438802083334,0.0,0.0,0.1896701388888889,0.6232939739341152,1.9436585140135216,2.1459089765617207,6.642267400202702,52,658249135
lulc_02293,lulc,230,2,built_up,urban_grid,0.8982747395833334,0.0,0.0,0.8982747395833334,0.10172526041666667,0.0,1.252321393506383,1.9046100390223413,0.7647376013781877,2.195588010516612,56,1699280613
lulc_02294,lulc,239,2,built_up,urban_grid,0.6531032986111112,0.0,0.3468967013888889,0.6531032986111112,0.0,0.0,1.3175900678871582,2.2041271331191408,0.5742326994017679,3.1536342641071293,68,397467604
lulc_02295,lulc,211,1,vegetation,river_delta,0.8905436197916666,0.0,0.8905436197916666,0.0,0.10945638020833333,0.0,1.655178947350381,2.0189000659828555,2.359959611714462,6.004827052332248,68,1349173760
lulc_02296,lulc,217,2,built_up,urban_grid,0.9124348958333334,0.0,0.0,0.9124348958333334,0.08756510416666667,0.0,2.3875683454834906,1.741054744524659,0.4334792484644004,2.929386480393588,68,569628783
lulc_02297,lulc,211,1,vegetation,quarry,0.6754557291666666,0.054768880208333336,0.6754557291666666,0.18562825520833334,0.08414713541666667,0.0,1.7665366853991649,2.3296934416889634,0.29023967292348735,8.636986454199784,61,1693871324
lulc_02298,lulc,220,4,cropland,farmland,1.0,0.0,0.0,0.0,0.0,1.0,1.9520162586726317,2.212006842498151,1.694416062396598,1.9726864347288422,54,127812502
lulc_02299,lulc,220,2,built_up,quarry,0.6623806423611112,0.0,0.0,0.6623806423611112,0.3376193576388889,0.0,0.9657191552183473,0.9093579658263975,2.47889142572493,9.873414075422685,55,1148479570
lulc_02300,lulc,231,2,built_up,harbour,1.0,0.0,0.0,1.0,0.0,0.0,0.7603639152912014,1.147094365860349,2.26814882881376,9.267780744071615,45,1129917161
lulc_02301,lulc,228,4,cropland,farmland,1.0,0.0,0.0,0.0,0.0,1.0,2.1508333716783814,1.8520768058769383,2.6796270406887515,11.719114064956072,72,1282695024
lulc_02302,lulc,219,0,water,river_delta,0.8158365885416666,0.8158365885416666,0.0013292100694444445,0.0,0.0,0.1828342013888889,0.9931723320163777,0.83596881599727,0.8360432095635291,11.301350503727571,49,273697360
lulc_02303,lulc,227,2,built_up,urban_grid,0.8521592881944444,0.0,0.0,0.8521592881944444,0.14784071180555555,0.0,2.0348919716548064,1.1878647284847514,0.46480755059140283,6.436455081579847,94,937019374
lulc_02304,lulc,236,1,vegetation,farmland,0.7633192274305556,0.1672905815972222,0.7633192274305556,0.015516493055555556,0.0,0.053873697916666664,1.1219106979363027,1.5827689162708312,0.05546359443038884,5.294997013210413,60,1663146104
lulc_02305,lulc,236,1,vegetation,river_delta,1.0,0.0,1.0,0.0,0.0,0.0,2.0239962745618763,2.1570193350324045,0.8590901196303744,10.14452361846248,69,1131344300
lulc_02306,lulc,214,4,cropland,farmland,0.8482530381944444,0.0,0.15174696180555555,0.0,0.0,0.8482530381944444,1.6417183341954713,1.7574745954926114,0.024705675263435086,6.914950955228504,68,346162331
lulc_02307,lulc,236,4,cropland,river_delta,0.7556423611111112,0.20445421006944445,0.0,0.0,0.03990342881944445,0.7556423611111112,0.867016579101791,1.8365536237785962,0.8371374566598031,5.672973668916866,85,316009872
lulc_02308,lulc,219,4,cropland,farmland,0.883056640625,0.022352430555555556,0.0,0.09459092881944445,0.0,0.883056640625,1.6117996886949633,1.6879247932814985,0.8117865487889486,1.8026215680893078,63,1947861804
lulc_02309,lulc,232,1,vegetation,river_delta,0.6125759548611112,0.1391872829861111,0.6125759548611112,0.0,0.05845811631944445,0.18977864583333334,0.9419302419287366,2.278663667022591,2.7525621838377066,0.2498615053139357,50,1031471062
lulc_02310,lulc,214,4,cropland,farmland,0.8034396701388888,0.0639377170138889,0.10194227430555555,0.030680338541666668,0.0,0.8034396701388888,1.720874649273787,2.345479951397935,1.0191551434589603,7.296747239540938,88,1515076483
lulc_02311,lulc,217,4,cropland,farmland,0.6703830295138888,0.028428819444444444,0.1274685329861111,0.17371961805555555,0.0,0.6703830295138888,1.821107194112118,0.9665377395902219,2.4105890657213043,5.7338734675062355,67,858636104
lulc_02312,lulc,227,4,cropland,farmland,1.0,0.0,0.0,0.0,0.0,1.0,1.8234974265617887,1.6100487568486015,1.615183453783353,1.1610115086249224,63,455274864
lulc_02313,lulc,218,1,vegetation,quarry,0.7650010850694444,0.23499891493055555,0.7650010850694444,0.0,0.0,0.0,1.3190591298816556,1.5023010804371886,2.7504868971730665,8.88414801450825,65,1864392334
lulc_02314,lulc,218,0,water,river_delta,0.9545627170138888,0.9545627170138888,0.0,0.0,0.04543728298611111,0.0,2.164692283850547,2.3353180271507847,0.5421860252341847,1.9717324897143929,95,833619873
lulc_02315,lulc,218,0,water,quarry,0.5869683159722222,0.5869683159722222,0.0,0.1444769965277778,0.2685546875,0.0,2.014356933920529,1.4961451310871687,1.5321263731179324,2.8500551412812616,66,209591892
lulc_02316,lulc,211,3,barren,urban_grid,0.7812771267361112,0.0,0.06361219618055555,0.15511067708333334,0.7812771267361112,0.0,1.11250929859297,0.9446232318960552,2.553668863565044,6.560465474586528,53,406243571
lulc_02317,lulc,239,2,built_up,harbour,0.8442925347222222,0.0,0.0,0.8442925347222222,0.1557074652777778,0.0,1.3551570915104405,1.8246307747681878,2.3123176734089284,3.493786333314305,94,1388292217
lulc_02318,lulc,239,4,cropland,farmland,0.8816731770833334,0.025634765625,0.04006618923611111,0.05262586805555555,0.0,0.8816731770833334,0.8052750415899994,1.8541580330753615,3.088256143003338,1.1307366729388404,63,33767352
lulc_02319,lulc,225,2,built_up,urban_grid,1.0,0.0,0.0,1.0,0.0,0.0,1.1836083319781614,1.6393615622593956,0.882650160212805,8.39472295906397,85,510816184
lulc_02320,lulc,214,3,barren,urban_grid,0.8036838107638888,0.0,0.1963161892361111,0.0,0.8036838107638888,0.0,1.062907143435448,1.0334610330839218,2.846216352703067,6.109105787767988,77,1227930676
lulc_02321,lulc,217,1,vegetation,farmland,1.0,0.0,1.0,0.0,0.0,0.0,1.8411973300667448,0.6051862777703143,2.203981622090589,4.082071432338225,58,2005001805
lulc_02322,lulc,231,2,built_up,harbour,0.7004665798611112,0.2995334201388889,0.0,0.7004665798611112,0.0,0.0,1.6548669257615156,1.6509760205309472,2.4713021253297303,3.02555375211604,46,2100146589
lulc_02323,lulc,222,3,barren,urban_grid,1.0,0.0,0.0,0.0,1.0,0.0,2.088418230826262,1.2563668793194567,0.038613109915528035,6.85687952874048,82,1711561409
lulc_02324,lulc,226,4,cropland,farmland,1.0,0.0,0.0,0.0,0.0,1.0,1.546794933782882,0.6835635794515248,0.31577880111151707,2.902578864085436,74,2050144290
lulc_02325,lulc,223,4,cropland,river_delta,0.6394856770833334,0.3605143229166667,0.0,0.0,0.0,0.6394856770833334,0.9158221089233569,0.6037742957126201,0.7355528828004337,9.06536852944371,56,1272874180
lulc_02326,lulc,211,1,vegetation,urban_grid,0.8329806857638888,0.0,0.8329806857638888,0.14832899305555555,0.018690321180555556,0.0,1.0586913399326352,1.652051155131855,0.9542161668867432,3.1118347470646945,92,714972343
lulc_02327,lulc,218,1,vegetation,river_delta,1.0,0.0,1.0,0.0,0.0,0.0,2.0309241373769966,1.0362051873335136,1.9776612453049105,7.55000182185779,59,956561459
lulc_02328,lulc,231,3,barren,river_delta,0.8734537760416666,0.05506727430555555,0.0,0.0,0.8734537760416666,0.07147894965277778,1.0122331626063084,2.344425950857364,2.3521593856610132,9.346374301990675,85,105878468
lulc_02329,lulc,220,2,built_up,urban_grid,0.8936089409722222,0.0,0.0,0.8936089409722222,0.10639105902777778,0.0,1.7238595327752506,2.339661853557364,0.5367681847074416,6.361850203935064,50,1061878703
lulc_02330,lulc,220,1,vegetation,river_delta,0.7265896267361112,0.019802517361111112,0.7265896267361112,0.0,0.111328125,0.1422797309027778,2.0612695564946097,0.9773075631274093,1.3252168124893375,0.8772083805269024,55,1857057961
lulc_02331,lulc,223,4,cropland,farmland,0.737548828125,0.0,0.04823133680555555,0.21421983506944445,0.0,0.737548828125,1.0457569425476823,0.6603544304934553,2.4469677056157497,10.57147621701441,54,670329471
lulc_02332,lulc,223,1,vegetation,river_delta,0.8540310329861112,0.030463324652777776,0.8540310329861112,0.0,0.09833441840277778,0.017171223958333332,1.0670320518283716,1.8383855932666253,0.7616801113100918,1.1673061890581393,81,984496966
lulc_02333,lulc,210,0,water,river_delta,0.9157172309027778,0.9157172309027778,0.03700086805555555,0.0,0.0,0.047281901041666664,0.97302262358081,0.7280239893724363,0.8047095591899313,0.17341258086666,58,74955547
lulc_02334,lulc,221,4,cropland,farmland,1.0,0.0,0.0,0.0,0.0,1.0,1.621964215377957,1.3136807502861996,0.9767896197805785,6.530642518963573,78,1750677422
lulc_02335,lulc,228,2,built_up,harbour,0.7262369791666666,0.22498914930555555,0.0,0.7262369791666666,0.048773871527777776,0.0,1.4920145266974068,0.9815722666244453,3.044505858051572,5.446789163842292,46,1268173786
lulc_02336,lulc,217,1,vegetation,river_delta,0.8377549913194444,0.16224500868055555,0.8377549913194444,0.0,0.0,0.0,1.8870871575529162,0.707598337156524,0.38980164752309365,3.27305809700266,57,2125378929
lulc_02337,lulc,213,1,vegetation,river_delta,1.0,0.0,1.0,0.0,0.0,0.0,1.7924786741084864,2.296454336791063,1.8263364020515958,10.090749746982798,61,1563758995
lulc_02338,lulc,217,2,built_up,urban_grid,0.7537706163194444,0.0,0.24622938368055555,0.7537706163194444,0.0,0.0,1.7150828245085,0.9091606457901473,2.728278603867588,9.346782343809078,73,2109828607
lulc_02339,lulc,238,2,built_up,urban_grid,0.7779134114583334,0.0,0.061089409722222224,0.7779134114583334,0.16099717881944445,0.0,1.9390655084269994,0.7133729743200605,0.4550006922339774,11.182358895214284,48,1836452472
lulc_02340,lulc,232,3,barren,quarry,0.7382541232638888,0.0,0.0,0.2617458767361111,0.7382541232638888,0.0,0.9575975481877133,1.3931022723223632,0.3985489233264527,4.607614088428252,45,439865388
lulc_02341,lulc,231,3,barren,quarry,0.7796495225694444,0.0,0.022677951388888888,0.19767252604166666,0.7796495225694444,0.0,0.7034758813197162,1.6042180996992146,0.3436800435509353,11.515993019314006,75,89428630
lulc_02342,lulc,214,3,barren,quarry,1.0,0.0,0.0,0.0,1.0,0.0,2.2914934899414554,1.383254270530804,1.3956792640506457,9.517446504849506,79,1917275558
lulc_02343,lulc,216,4,cropland,farmland,0.68310546875,0.2978786892361111,0.019015842013888888,0.0,0.0,0.68310546875,1.3571346517259184,0.6318494650070043,0.2092840042368773,8.683833486463442,76,2131646482
lulc_02344,lulc,237,0,water,harbour,0.7803005642361112,0.7803005642361112,0.0,0.2196994357638889,0.0,0.0,1.5499356165844516,0.8106938452459795,2.328082167409882,8.026310815374917,76,834054855
lulc_02345,lulc,211,1,vegetation,river_delta,1.0,0.0,1.0,0.0,0.0,0.0,1.4683145502164827,0.7179698973938102,0.6961260748457064,5.5727455817881815,70,2101137686
lulc_02346,lulc,239,2,built_up,quarry,0.9619954427083334,0.0,0.006157769097222222,0.9619954427083334,0.03184678819444445,0.0,1.7825686354338117,1.3499586458444413,0.6815986468800768,10.145053206961778,85,416565170
lulc_02347,lulc,211,0,water,river_delta,0.7148980034722222,0.7148980034722222,0.0,0.0,0.2851019965277778,0.0,1.9959304009068588,0.8189113139085238,2.960480039706243,2.7920152823653535,57,42508608
lulc_02348,lulc,212,0,water,river_delta,0.799072265625,0.799072265625,0.200927734375,0.0,0.0,0.0,1.2037163357825156,2.375565889496453,1.5751249863322487,0.5325565984710692,88,756921084
lulc_02349,lulc,214,0,water,harbour,0.6814778645833334,0.6814778645833334,0.0,0.05137803819444445,0.2671440972222222,0.0,1.2374348796136785,1.0660576325385218,0.9948185236238728,2.425544658230499,95,744703388
lulc_02350,lulc,215,4,cropland,river_delta,0.8500162760416666,0.07071940104166667,0.04332139756944445,0.0,0.035942925347222224,0.8500162760416666,1.2666956082505576,2.0990188329815647,2.3990040888171307,9.826725386822865,83,939234633
lulc_02351,lulc,229,0,water,harbour,0.6397298177083334,0.6397298177083334,0.0,0.19441731770833334,0.16585286458333334,0.0,1.2803841645670198,1.2188115002550557,0.13378064503939163,7.4991471131367735,91,615135728
lulc_02352,lulc,239,1,vegetation,river_delta,0.9546983506944444,0.04530164930555555,0.9546983506944444,0.0,0.0,0.0,1.9667814976520548,1.5369522565838734,2.8355674462229756,7.502049977597607,82,581545364
lulc_02353,lulc,221,1,vegetation,farmland,0.8183322482638888,0.022677951388888888,0.8183322482638888,0.08015950520833333,0.0,0.0788302951388889,2.3258249123282266,1.6804845989234325,0.6989569240856388,9.053766252931759,88,1185554087
lulc_02354,lulc,217,2,built_up,harbour,1.0,0.0,0.0,1.0,0.0,0.0,0.8820741802484686,0.6202896521122834,1.7943262165262348,9.727933562696203,54,2066911554
lulc_02355,lulc,238,4,cropland,farmland,0.6484103732638888,0.029351128472222224,0.00732421875,0.3149142795138889,0.0,0.6484103732638888,2.2634906128393424,1.7997310370875215,0.2597963853311249,3.524712203760746,53,957321426
lulc_02356,lulc,231,4,cropland,farmland,0.9139811197916666,0.034098307291666664,0.016303168402777776,0.03561740451388889,0.0,0.9139811197916666,1.3019203028595707,1.38291265418346,1.7918571016635887,9.710501549871598,77,667400679
lulc_02357,lulc,221,0,water,harbour,0.9076063368055556,0.9076063368055556,0.0,0.08585611979166667,0.006537543402777778,0.0,2.0715445960435033,0.6349412890223544,0.11138281852180917,9.168677559126381,68,515586701
lulc_02358,lulc,226,2,built_up,harbour,0.9006076388888888,0.0993923611111111,0.0,0.9006076388888888,0.0,0.0,1.0006167111023134,1.7650021608658242,1.5127086718090221,2.812034021062272,90,1427994658
lulc_02359,lulc,212,4,cropland,farmland,0.8290744357638888,0.10145399305555555,0.056939019097222224,0.012532552083333334,0.0,0.8290744357638888,1.585983102041729,2.109992306025349,0.7876464691850631,9.476038038000528,56,939435096
lulc_02360,lulc,233,3,barren,urban_grid,1.0,0.0,0.0,0.0,1.0,0.0,1.7792495862817597,1.3207947373827347,0.7968097413753652,5.9727811040481065,49,1323676339
lulc_02361,lulc,218,3,barren,quarry,0.7290581597222222,0.026963975694444444,0.07109917534722222,0.1728786892361111,0.7290581597222222,0.0,1.4335882968365312,1.4398582775451052,0.3647598733651034,3.337692733985352,52,736178740
lulc_02362,lulc,215,2,built_up,urban_grid,0.8359103732638888,0.0,0.12190755208333333,0.8359103732638888,0.042182074652777776,0.0,0.739333895713576,1.6842359634360875,2.72115429750434,7.841670947148321,88,1441977409
lulc_02363,lulc,231,4,cropland,farmland,0.8744303385416666,0.12556966145833334,0.0,0.0,0.0,0.8744303385416666,2.329851958319106,1.265240719874693,0.0005524158633755129,0.20552198640854114,47,1327380286
lulc_02364,lulc,233,2,built_up,urban_grid,0.7176649305555556,0.0,0.0,0.7176649305555556,0.2823350694444444,0.0,1.7512455510093359,1.5096150545946339,0.04900650457609372,8.794298120654151,53,1370286611
lulc_02365,lulc,229,3,barren,quarry,0.8550889756944444,0.0,0.14491102430555555,0.0,0.8550889756944444,0.0,2.1510682304590363,1.602118108834532,0.060254178993129945,0.1559917436266418,81,2028793842
lulc_02366,lulc,228,2,built_up,harbour,0.7918023003472222,0.2081976996527778,0.0,0.7918023003472222,0.0,0.0,1.8056637595420537,2.3571759509309222,1.291429608671919,0.3625873093559324,48,895504256
lulc_02367,lulc,212,1,vegetation,farmland,0.5617404513888888,0.0,0.5617404513888888,0.3696017795138889,0.0,0.06865776909722222,0.6458142432653412,2.2937894559709537,3.123065903296131,5.9816163649696374,81,776721239
lulc_02368,lulc,213,2,built_up,quarry,1.0,0.0,0.0,1.0,0.0,0.0,1.5885470225881515,0.6844099274657064,2.2420178764806717,8.98501552514891,58,1853048377
lulc_02369,lulc,212,3,barren,river_delta,0.736572265625,0.026095920138888888,0.07996961805555555,0.0,0.736572265625,0.15736219618055555,0.7795465106270566,1.5460050041106679,2.406087344991709,7.300626545182432,52,1222602873
lulc_02370,lulc,232,0,water,river_delta,1.0,1.0,0.0,0.0,0.0,0.0,1.62818651346833,1.1718495340362962,2.9074753251005614,2.723704293938962,89,246314342
lulc_02371,lulc,210,1,vegetation,urban_grid,0.7923990885416666,0.0,0.7923990885416666,0.0,0.20760091145833334,0.0,1.7030470868040917,2.0933885618629637,2.9150713427279227,5.779761425584962,67,1920647609
lulc_02372,lulc,224,0,water,river_delta,0.6977267795138888,0.6977267795138888,0.09825303819444445,0.0,0.10972764756944445,0.09429253472222222,1.6027852592027547,1.9493994797040384,1.6920644270653644,4.2001240541908,50,638454675
lulc_02373,lulc,214,4,cropland,river_delta,0.9292534722222222,0.03952365451388889,0.0,0.0,0.031222873263888888,0.9292534722222222,1.5319760849974875,2.2173424408968367,1.433734831915262,8.40059452551301,79,1770725290
lulc_02374,lulc,235,4,cropland,farmland,0.6570095486111112,0.048882378472222224,0.2394748263888889,0.054633246527777776,0.0,0.6570095486111112,0.6834802022560015,1.8591859090354634,1.8443060615078792,3.0975124116979247,92,582404928
lulc_02375,lulc,217,2,built_up,quarry,0.7950032552083334,0.20499674479166666,0.0,0.7950032552083334,0.0,0.0,2.369119856803384,0.6461511860048241,3.002397800699442,6.342967329782086,90,1621621074
lulc_02376,lulc,235,3,barren,quarry,0.7352159288194444,0.07649739583333333,0.08661566840277778,0.10167100694444445,0.7352159288194444,0.0,1.0207699630894809,1.8108454820321298,1.840892429087527,3.8794060805297255,51,1909775856
lulc_02377,lulc,225,0,water,river_delta,1.0,1.0,0.0,0.0,0.0,0.0,0.6341328631423955,1.7474976018394721,1.3819710111204473,1.7433800068912286,87,384614324
lulc_02378,lulc,226,0,water,river_delta,0.6712510850694444,0.6712510850694444,0.1491156684027778,0.0,0.005669487847222222,0.17396375868055555,2.3090706617367585,1.3562448857497587,0.3555057550247514,2.496840003984887,64,552831464
lulc_02379,lulc,214,2,built_up,harbour,0.8997938368055556,0.10020616319444445,0.0,0.8997938368055556,0.0,0.0,1.7078870278801475,1.0969121458427795,2.869551527136085,8.255882918399783,88,105942518
lulc_02380,lulc,232,1,vegetation,farmland,0.6735026041666666,0.035563151041666664,0.6735026041666666,0.2909342447916667,0.0,0.0,1.8874552101270625,0.9649444307157589,1.1098497348948055,9.722106608255949,93,1910316097
lulc_02381,lulc,225,1,vegetation,quarry,0.84130859375,0.0,0.84130859375,0.12261284722222222,0.036078559027777776,0.0,1.0618273070705904,2.3176572685313936,2.044583506103279,7.555642820753256,47,68466531
lulc_02382,lulc,210,4,cropland,farmland,0.6767849392361112,0.1737738715277778,0.09003363715277778,0.059407552083333336,0.0,0.6767849392361112,1.7987349470938034,0.6270384801473133,0.8748181270184159,7.061972165348555,60,2136462741
lulc_02383,lulc,237,3,barren,quarry,1.0,0.0,0.0,0.0,1.0,0.0,1.3832510307465808,1.5631975859671106,2.4134228645322975,2.8349940405630516,74,825628236
lulc_02384,lulc,219,3,barren,quarry,1.0,0.0,0.0,0.0,1.0,0.0,0.6074006733974953,1.5613763097197788,3.1302781731674707,11.75595330953266,87,1831467011
lulc_02385,lulc,213,0,water,harbour,0.7925889756944444,0.7925889756944444,0.0,0.0,0.20741102430555555,0.0,0.8710651116576441,0.6971604617039235,0.10420585531011839,2.6994716438721973,69,1484043666
lulc_02386,lulc,213,1,vegetation,river_delta,1.0,0.0,1.0,0.0,0.0,0.0,1.9664683587594611,2.1720066421763264,1.2544249505064067,2.1361959953307843,61,1460326860
lulc_02387,lulc,230,0,water,harbour,0.7545301649305556,0.7545301649305556,0.0,0.24546983506944445,0.0,0.0,1.8431162187580896,1.094566638520396,2.987845738965355,8.134712753191444,70,645525160
lulc_02388,lulc,214,3,barren,urban_grid,0.9344075520833334,0.0,0.007893880208333334,0.057698567708333336,0.9344075520833334,0.0,1.5100597382069347,2.0334694717375648,1.6738178996180022,1.3367370934634275,74,1915519249
lulc_02389,lulc,221,0,water,harbour,0.9559733072916666,0.9559733072916666,0.0,0.0,0.044026692708333336,0.0,0.7137549303061119,1.8687779787047534,0.6532149276646636,9.483468342102336,86,1555590716
lulc_02390,lulc,212,2,built_up,urban_grid,0.6765950520833334,0.0,0.1923556857638889,0.6765950520833334,0.1310492621527778,0.0,1.0063613133968037,1.6078829367934775,0.35927995351023795,6.100284892033417,79,780279621
lulc_02391,lulc,213,2,built_up,urban_grid,0.7151692708333334,0.0,0.18709309895833334,0.7151692708333334,0.09773763020833333,0.0,2.0640585332158476,0.9970715465679871,2.137085739056935,9.499743760567913,47,1388955806
lulc_02392,lulc,225,0,water,river_delta,0.7018771701388888,0.7018771701388888,0.0,0.0,0.05807834201388889,0.2400444878472222,1.8614553752151646,1.3325942730016538,0.6056670325055877,11.734756790171787,79,1007367959
lulc_02393,lulc,212,2,built_up,quarry,0.7602267795138888,0.06439887152777778,0.033745659722222224,0.7602267795138888,0.1416286892361111,0.0,0.9962152798090722,2.3010820069799567,2.2706072953979106,6.249848532561666,58,834560756
lulc_02394,lulc,226,0,water,harbour,0.7108289930555556,0.7108289930555556,0.0,0.0962185329861111,0.19295247395833334,0.0,1.6127633928448,1.0519888966826274,0.14943263816118396,11.821880678581035,81,478825093
lulc_02395,lulc,221,1,vegetation,urban_grid,0.7809516059027778,0.0,0.7809516059027778,0.1531304253472222,0.06591796875,0.0,2.0800237022892043,0.9159027010073585,0.05181035236861173,6.641353224370566,74,893594967
lulc_02396,lulc,229,1,vegetation,urban_grid,0.7838812934027778,0.0,0.7838812934027778,0.0793728298611111,0.1367458767361111,0.0,1.3928463041330044,2.0658473332202,1.6253550019409488,8.102382278630161,77,1777410798
lulc_02397,lulc,239,0,water,harbour,0.7081163194444444,0.7081163194444444,0.0,0.0,0.2918836805555556,0.0,2.2504827541927392,0.9430316773986953,1.4324327258791456,8.420959894535642,94,1219940232
lulc_02398,lulc,213,3,barren,quarry,0.9444444444444444,0.0,0.05555555555555555,0.0,0.9444444444444444,0.0,1.0738815779818363,0.6050258232781341,0.3397751779312852,9.40339863291983,57,1964655401
lulc_02399,lulc,232,3,barren,quarry,1.0,0.0,0.0,0.0,1.0,0.0,2.016560597272922,1.5122223356052071,1.6425987758680691,0.5947163997303915,66,1690868549
lulc_02400,lulc,237,0,water,harbour,0.7053493923611112,0.7053493923611112,0.0,0.2946506076388889,0.0,0.0,1.0930145086268668,1.750693152136344,0.7674674303039035,5.84678631784389,88,1692415667
lulc_02401,lulc,230,2,built_up,harbour,0.7465549045138888,0.034613715277777776,0.0,0.7465549045138888,0.21883138020833334,0.0,1.898389402544399,1.7784905158422868,2.4778643465079226,4.281894971110621,46,1134866643
lulc_02402,lulc,216,1,vegetation,farmland,0.6823459201388888,0.027994791666666668,0.6823459201388888,0.0,0.0,0.2896592881944444,0.7040324823174651,1.5681668655812602,1.65627958047907,7.208872168875493,60,1114640111
lulc_02403,lulc,217,0,water,harbour,1.0,1.0,0.0,0.0,0.0,0.0,2.0815774565234153,1.6589321604123453,2.568029009436927,3.4065878688767026,53,1881871129
lulc_02404,lulc,210,1,vegetation,urban_grid,0.7784016927083334,0.0,0.7784016927083334,0.0,0.22159830729166666,0.0,1.4903975641780027,1.6804231638730491,3.0153616402845564,11.94497852408778,64,1569852618
lulc_02405,lulc,227,4,cropland,farmland,0.7612847222222222,0.0,0.2387152777777778,0.0,0.0,0.7612847222222222,0.6093436601791912,2.24596634755773,0.3599673527899349,2.802522998937445,89,1088055926
lulc_02406,lulc,217,4,cropland,farmland,0.9260525173611112,0.028184678819444444,0.022759331597222224,0.023003472222222224,0.0,0.9260525173611112,1.7290563782126336,2.369691540538976,1.4463898010390883,3.192106666925535,83,1662666017
lulc_02407,lulc,211,4,cropland,farmland,0.6587456597222222,0.0,0.0,0.3412543402777778,0.0,0.6587456597222222,1.8520251016114568,1.3219899670213222,0.9011372248170384,9.854002950967903,55,229986088
lulc_02408,lulc,222,3,barren,quarry,1.0,0.0,0.0,0.0,1.0,0.0,1.5303933964178416,1.001205725181637,2.2141231945152096,11.467042481643928,70,2010233667
lulc_02409,lulc,229,4,cropland,farmland,0.6508517795138888,0.019666883680555556,0.3294813368055556,0.0,0.0,0.6508517795138888,1.4368922772615216,1.3029685369082147,2.993532172732136,1.5342727533985592,46,783189701
lulc_02410,lulc,230,2,built_up,urban_grid,0.7836100260416666,0.0,0.21034071180555555,0.7836100260416666,0.006049262152777778,0.0,2.0983124088640985,1.6685085889186997,2.0315812079507984,11.966225979190412,56,6499034
lulc_02411,lulc,227,0,water,harbour,1.0,1.0,0.0,0.0,0.0,0.0,1.8565634395701789,0.8680823337546202,0.3756986394488105,10.309674786005173,46,1808585922
lulc_02412,lulc,228,4,cropland,farmland,1.0,0.0,0.0,0.0,0.0,1.0,1.9779159678695892,1.8032846664555287,0.6560101720458695,11.115450296664307,58,552371321
lulc_02413,lulc,229,1,vegetation,farmland,1.0,0.0,1.0,0.0,0.0,0.0,1.9707940042478458,1.0718191062494389,3.0313641768773865,0.11518011270618889,52,1291097086
lulc_02414,lulc,225,1,vegetation,farmland,1.0,0.0,1.0,0.0,0.0,0.0,1.553874756313049,2.066646662596289,0.9643491611563438,9.312048444111937,56,1884263821
lulc_02415,lulc,227,3,barren,river_delta,0.7684733072916666,0.0,0.029541015625,0.0,0.7684733072916666,0.20198567708333334,1.1042959364095948,1.4542319080856076,1.0123973959068953,8.6833382834771,78,1170037653
lulc_02416,lulc,225,2,built_up,urban_grid,0.7618543836805556,0.0,0.056830512152777776,0.7618543836805556,0.18131510416666666,0.0,1.4869452259726934,2.1907957536502223,1.2669947587686698,9.655238005389577,45,846442013
lulc_02417,lulc,222,1,vegetation,farmland,1.0,0.0,1.0,0.0,0.0,0.0,1.8019159929106516,1.9051188919436255,2.9304623717096656,5.102343589858965,47,999583971
lulc_02418,lulc,233,4,cropland,farmland,0.7291666666666666,0.2708333333333333,0.0,0.0,0.0,0.7291666666666666,1.2271837230673217,1.6354195835305272,1.7660052832385364,5.483719828743363,76,1853399870
lulc_02419,lulc,223,3,barren,urban_grid,0.7398274739583334,0.0,0.2601725260416667,0.0,0.7398274739583334,0.0,1.845873724715605,1.6435010806744148,1.834090798062949,3.2061379782171,47,1641489589
lulc_02420,lulc,237,0,water,river_delta,0.7197265625,0.7197265625,0.056830512152777776,0.0,0.0,0.2234429253472222,1.983879473375159,0.7523562018268729,2.003823648873385,1.9174090488434605,55,717174773
lulc_02421,lulc,213,2,built_up,urban_grid,0.7660047743055556,0.0,0.0,0.7660047743055556,0.23399522569444445,0.0,1.7002922797764168,1.3580370876858674,1.6576623271392836,3.540861938170425,65,195678218
lulc_02422,lulc,225,4,cropland,river_delta,0.8683539496527778,0.0,0.0,0.0,0.1316460503472222,0.8683539496527778,1.5931363637384435,1.5994138452558944,1.1741613807321132,1.082973236953503,91,561491387
lulc_02423,lulc,223,0,water,river_delta,0.7575412326388888,0.7575412326388888,0.019911024305555556,0.0,0.026611328125,0.19593641493055555,2.204985404267389,1.5635623867521296,2.6439547237485304,3.107959490847297,83,1356861977
lulc_02424,lulc,226,4,cropland,farmland,1.0,0.0,0.0,0.0,0.0,1.0,0.9214991862865514,0.7225988836082428,0.2355433507660253,9.098607422755684,64,844749633
lulc_02425,lulc,219,2,built_up,harbour,0.7549913194444444,0.24500868055555555,0.0,0.7549913194444444,0.0,0.0,0.6424497374797962,0.6167314459812084,1.0020872361828144,2.9299606043651134,47,1399299221
lulc_02426,lulc,237,3,barren,river_delta,0.8391927083333334,0.0,0.0,0.0,0.8391927083333334,0.16080729166666666,1.398960462907198,1.541112504068764,1.723894913310606,0.372280706315371,95,160752484
lulc_02427,lulc,233,3,barren,river_delta,1.0,0.0,0.0,0.0,1.0,0.0,1.9170490338881976,0.8851117381635459,2.0790227952144953,1.7278109632352598,47,1406348127
lulc_02428,lulc,222,1,vegetation,river_delta,0.7717556423611112,0.027398003472222224,0.7717556423611112,0.0,0.11954752604166667,0.081298828125,1.9583584175011635,1.8964270236682284,2.1563152554851803,5.5513947264619725,50,637781798
lulc_02429,lulc,219,1,vegetation,urban_grid,1.0,0.0,1.0,0.0,0.0,0.0,1.5167790112256814,1.4079873977176982,1.09153019020372,6.487321983413251,60,796442109
lulc_02430,lulc,210,4,cropland,farmland,0.6295844184027778,0.06510416666666667,0.06684027777777778,0.2384711371527778,0.0,0.6295844184027778,1.8445979522577414,1.2178196808068829,0.8585636738562741,7.423692099289145,67,314949558
lulc_02431,lulc,231,3,barren,quarry,1.0,0.0,0.0,0.0,1.0,0.0,1.0369805432084171,2.171446209318165,2.8271605330622074,8.296044360152314,80,503597167
lulc_02432,lulc,213,2,built_up,urban_grid,1.0,0.0,0.0,1.0,0.0,0.0,2.0634761437823403,1.4638470081394106,2.6099976438778003,5.612507358232954,65,1311239217
lulc_02433,lulc,224,0,water,river_delta,0.7356770833333334,0.7356770833333334,0.14295789930555555,0.0,0.015733506944444444,0.10563151041666667,1.6042435571981772,1.6025607842275242,2.8975562675443904,0.7298816158717072,89,1325148341
lulc_02434,lulc,238,2,built_up,urban_grid,1.0,0.0,0.0,1.0,0.0,0.0,0.9591341470977388,1.8044625618448342,0.9277635016543238,9.821884435024465,57,682329615
lulc_02435,lulc,227,2,built_up,harbour,0.7218695746527778,0.0,0.0,0.7218695746527778,0.2781304253472222,0.0,1.8791024595847294,0.9689999756294729,1.4464301618281543,11.09621152943124,48,1098439191
lulc_02436,lulc,235,3,barren,quarry,0.859130859375,0.024251302083333332,0.0,0.11661783854166667,0.859130859375,0.0,1.4979381716600604,0.9963940126130075,0.3588815370889457,2.306722138698112,75,1173503759
lulc_02437,lulc,224,3,barren,quarry,0.6593967013888888,0.029812282986111112,0.310791015625,0.0,0.6593967013888888,0.0,0.7411856995266785,1.5754031356698066,2.5339395973186027,11.269237787828711,95,624199564
lulc_02438,lulc,222,4,cropland,river_delta,0.8602159288194444,0.029541015625,0.021864149305555556,0.0,0.08837890625,0.8602159288194444,1.8537235324513652,1.4030682659325282,1.1486669608933735,8.974312662173396,78,588521917
lulc_02439,lulc,239,2,built_up,harbour,0.7965223524305556,0.03236219618055555,0.0,0.7965223524305556,0.1711154513888889,0.0,1.8838273121273437,0.6400411812176446,2.452700899761835,7.04543383743305,71,717937067
lulc_02440,lulc,212,1,vegetation,farmland,1.0,0.0,1.0,0.0,0.0,0.0,2.0466982617975154,2.3432175935643613,2.27866273464618,3.5084737621194377,46,1435713820
lulc_02441,lulc,231,1,vegetation,river_delta,0.8069932725694444,0.008734809027777778,0.8069932725694444,0.0,0.1842719184027778,0.0,2.121227610679014,1.2283612177061394,0.8898249130556505,5.1714748643144866,92,418084446
lulc_02442,lulc,230,4,cropland,river_delta,1.0,0.0,0.0,0.0,0.0,1.0,0.6240200123693083,2.2145729941656183,3.1404551175377104,11.431360282599172,71,934365599
lulc_02443,lulc,214,2,built_up,harbour,0.6686469184027778,0.3313530815972222,0.0,0.6686469184027778,0.0,0.0,1.0896627813297113,0.7620927374489385,1.843105149682996,10.095902831690276,60,1988731664
lulc_02444,lulc,232,4,cropland,farmland,0.8525119357638888,0.0,0.024278428819444444,0.12320963541666667,0.0,0.8525119357638888,2.3645921291310943,0.6707653825321205,2.141329653804592,7.159598487830762,90,871813774
lulc_02445,lulc,217,4,cropland,farmland,1.0,0.0,0.0,0.0,0.0,1.0,1.9098419269035882,2.2397718740136274,2.790979720863175,4.711093173840057,47,863465729
lulc_02446,lulc,231,2,built_up,urban_grid,0.8680284288194444,0.0,0.13197157118055555,0.8680284288194444,0.0,0.0,1.1198309632562333,1.2463343889557135,1.008993899460844,11.090734280334871,58,1174432670
lulc_02447,lulc,215,3,barren,urban_grid,0.72119140625,0.0,0.27880859375,0.0,0.72119140625,0.0,1.8010678269697888,0.7940203964944144,2.5419623376700784,3.096424029460796,71,642830970
lulc_02448,lulc,222,0,water,river_delta,0.6286078559027778,0.6286078559027778,0.028889973958333332,0.0,0.03371853298611111,0.3087836371527778,2.0519111471754785,1.460195898160844,2.6534273353541127,3.722830920101325,46,199220524
lulc_02449,lulc,232,0,water,river_delta,0.6418728298611112,0.6418728298611112,0.3581271701388889,0.0,0.0,0.0,1.2602893617845454,0.625149607013463,2.870664154342512,4.59971407802527,76,1961948822
lulc_02450,lulc,234,3,barren,urban_grid,0.5996636284722222,0.0,0.0,0.4003363715277778,0.5996636284722222,0.0,1.7001889867263023,2.3389690967419248,2.4991511048006694,11.575157528298874,63,462808481
lulc_02451,lulc,232,0,water,quarry,0.8773328993055556,0.8773328993055556,0.0,0.12266710069444445,0.0,0.0,2.3481972531733932,1.659906204948828,2.9272517195427508,3.5690713011998936,76,997338602
lulc_02452,lulc,214,2,built_up,quarry,1.0,0.0,0.0,1.0,0.0,0.0,0.702866332353105,0.6415734217290311,2.666547252452925,5.428691463214509,75,273903319
lulc_02453,lulc,214,1,vegetation,farmland,1.0,0.0,1.0,0.0,0.0,0.0,1.187311589394511,1.117375855559473,1.876517493922831,1.5310667211940756,62,1205221456
lulc_02454,lulc,217,2,built_up,harbour,0.7606879340277778,0.04391818576388889,0.0,0.7606879340277778,0.19539388020833334,0.0,0.6782446851338394,1.545418672430928,2.4848594118280123,4.388978675920219,81,2132945656
lulc_02455,lulc,229,2,built_up,urban_grid,0.8373752170138888,0.0,0.1626247829861111,0.8373752170138888,0.0,0.0,2.1644928451745384,1.795074189986086,2.391931050534698,11.092766248276769,62,1230925512
lulc_02456,lulc,239,4,cropland,farmland,0.7522243923611112,0.0,0.004774305555555556,0.24300130208333334,0.0,0.7522243923611112,2.01747527501604,0.7860286831801443,3.0584657807160616,8.719461382645427,90,136100726
lulc_02457,lulc,217,0,water,harbour,1.0,1.0,0.0,0.0,0.0,0.0,0.9479719935879927,2.046241251335866,1.7888617484900973,4.733488678612954,55,2038078645
lulc_02458,lulc,238,4,cropland,farmland,0.7865397135416666,0.21346028645833334,0.0,0.0,0.0,0.7865397135416666,0.9535605625799277,0.6285197935101375,1.791365617727221,11.153645204544645,93,1487335915
lulc_02459,lulc,230,4,cropland,farmland,0.8114691840277778,0.0,0.11176215277777778,0.07676866319444445,0.0,0.8114691840277778,0.7843695738462328,1.106085202597077,3.0826631911143094,11.327364006052697,92,710327299
lulc_02460,lulc,232,0,water,quarry,0.735107421875,0.735107421875,0.0,0.0,0.264892578125,0.0,0.9275477707407473,1.9991254443179227,2.44554792021334,7.624601711590659,45,509001594
lulc_02461,lulc,215,3,barren,quarry,0.69580078125,0.018391927083333332,0.06426323784722222,0.22154405381944445,0.69580078125,0.0,2.3363978541910133,1.2553267043654381,0.4441897817796646,11.302837408872662,45,713087239
lulc_02462,lulc,221,1,vegetation,urban_grid,0.761962890625,0.0,0.761962890625,0.238037109375,0.0,0.0,1.3112940599630252,0.6117683195454704,3.0500865863769095,7.7886768639893775,76,498940972
lulc_02463,lulc,237,3,barren,river_delta,1.0,0.0,0.0,0.0,1.0,0.0,1.5844280410068254,0.7243991810155566,0.5185430438532467,6.477214585579738,46,285230449
lulc_02464,lulc,211,0,water,river_delta,1.0,1.0,0.0,0.0,0.0,0.0,1.7134933039358473,1.8653630189108896,2.3198792322033253,5.6825862370405655,82,1173886821
lulc_02465,lulc,232,3,barren,quarry,0.6875271267361112,0.0632595486111111,0.006076388888888889,0.2431369357638889,0.6875271267361112,0.0,2.2857024676854802,2.385281162919525,0.3479968692631188,1.1590717700193958,79,899160748
lulc_02466,lulc,224,1,vegetation,farmland,0.8221028645833334,0.058837890625,0.8221028645833334,0.0,0.0,0.11905924479166667,0.7130075056481149,2.115672600313267,2.1479383432074997,2.3429549550654554,45,1475919456
lulc_02467,lulc,213,2,built_up,urban_grid,1.0,0.0,0.0,1.0,0.0,0.0,2.2400058066343154,1.6890753685170234,1.0780167603753799,3.6573642485568096,60,1895981711
lulc_02468,lulc,233,2,built_up,harbour,0.9723578559027778,0.023491753472222224,0.0,0.9723578559027778,0.004150390625,0.0,1.3306773737887498,1.6979289630988506,1.629322694518613,3.7968276149550015,79,1794977244
lulc_02469,lulc,216,3,barren,quarry,0.7664388020833334,0.0,0.1559787326388889,0.07758246527777778,0.7664388020833334,0.0,1.309446506715803,1.105865695977863,0.5123053967267104,8.529100493323375,63,1531797719
lulc_02470,lulc,213,2,built_up,urban_grid,0.7603895399305556,0.0,0.0,0.7603895399305556,0.23961046006944445,0.0,1.547942268498995,0.9373335710061366,0.7042812378629693,8.577321402477104,49,549282701
lulc_02471,lulc,225,2,built_up,urban_grid,1.0,0.0,0.0,1.0,0.0,0.0,1.507765768848838,0.7103766644070414,2.890464725717688,10.62333519920832,50,941062636
lulc_02472,lulc,233,0,water,harbour,0.7159830729166666,0.7159830729166666,0.0,0.1052517361111111,0.1787651909722222,0.0,1.1024429214161593,1.5604096692643645,1.6707208170167667,7.6711506993464464,53,2108098646
lulc_02473,lulc,224,2,built_up,urban_grid,1.0,0.0,0.0,1.0,0.0,0.0,2.2801996247171994,1.1049321955963625,0.3599221763952131,4.416250237136914,56,1283588873
lulc_02474,lulc,223,2,built_up,urban_grid,0.77001953125,0.0,0.0,0.77001953125,0.22998046875,0.0,2.2867258671835913,2.164436424346438,0.6753880119970042,0.8881663975843734,71,161504887
lulc_02475,lulc,218,1,vegetation,quarry,0.6522352430555556,0.06621636284722222,0.6522352430555556,0.17955186631944445,0.10199652777777778,0.0,2.0208572138631142,2.242817560981806,1.3755329051101453,4.434495835338936,80,1455527066
lulc_02476,lulc,232,0,water,river_delta,0.7381998697916666,0.7381998697916666,0.14485677083333334,0.0,0.08414713541666667,0.032796223958333336,0.7778441617660243,1.3254185170245756,1.5358085587327406,5.60327972376972,57,1034753694
lulc_02477,lulc,228,1,vegetation,urban_grid,1.0,0.0,1.0,0.0,0.0,0.0,0.8825242704514435,1.4457260981457438,2.8172712258435295,1.0160971125186413,45,1919931975
lulc_02478,lulc,211,0,water,harbour,0.7739800347222222,0.7739800347222222,0.0,0.0,0.2260199652777778,0.0,2.1524578034561674,1.0557817157562006,0.643474454870335,0.721407078790778,79,1354824559
lulc_02479,lulc,214,2,built_up,urban_grid,0.8087022569444444,0.0,0.0018174913194444445,0.8087022569444444,0.1894802517361111,0.0,1.1429490750171705,1.9459357394501073,1.6469971690885843,5.348753349660949,54,1648419564
lulc_02480,lulc,216,3,barren,quarry,1.0,0.0,0.0,0.0,1.0,0.0,1.1011223068170914,0.8651914414385767,1.736651203546579,7.012772581174979,90,383657665
lulc_02481,lulc,235,0,water,river_delta,0.6597764756944444,0.6597764756944444,0.0,0.0,0.034261067708333336,0.3059624565972222,2.0501812313812704,1.6795562253233425,2.6852479048055637,6.414027250669265,83,913506738
lulc_02482,lulc,227,3,barren,river_delta,0.6914876302083334,0.03135850694444445,0.07392035590277778,0.0,0.6914876302083334,0.20323350694444445,2.0595047010149266,0.6193816895853209,1.1257147256337223,1.5011591820539234,95,129790835
lulc_02483,lulc,239,1,vegetation,river_delta,0.7936469184027778,0.09163411458333333,0.7936469184027778,0.0,0.1147189670138889,0.0,2.1842522571109186,1.736308499089886,0.9085625932035805,8.675274472572127,69,80306944
lulc_02484,lulc,233,3,barren,river_delta,1.0,0.0,0.0,0.0,1.0,0.0,1.714048429003447,1.8002728400295314,1.0994735318960491,0.68557093122498,94,1698711540
lulc_02485,lulc,213,1,vegetation,river_delta,0.76953125,0.030300564236111112,0.76953125,0.0,0.1767306857638889,0.0234375,1.193404047966625,1.1649191603473532,2.527229905309411,4.412452304589928,90,260569824
lulc_02486,lulc,212,1,vegetation,farmland,0.8793402777777778,0.030517578125,0.8793402777777778,0.09014214409722222,0.0,0.0,2.2398674966516183,2.0284619319588804,1.1686857216872648,11.928269907346182,84,617799294
lulc_02487,lulc,232,1,vegetation,farmland,0.6225314670138888,0.3492838541666667,0.6225314670138888,0.028184678819444444,0.0,0.0,2.110152002959168,1.3120157222979536,2.0724032092891433,2.4780905128923614,47,73976014
lulc_02488,lulc,210,0,water,river_delta,0.9579806857638888,0.9579806857638888,0.0,0.0,0.04201931423611111,0.0,2.309433517021724,0.6748338608103828,0.48983165275550805,11.68307162212475,86,1990315919
lulc_02489,lulc,212,2,built_up,urban_grid,1.0,0.0,0.0,1.0,0.0,0.0,2.3458512783037335,1.6493056620971331,1.243614377835639,3.336794765528761,87,236843357
lulc_02490,lulc,235,4,cropland,farmland,0.8913845486111112,0.0,0.0,0.1086154513888889,0.0,0.8913845486111112,1.3809411587174956,2.3094340650494742,2.8823567867088107,10.572175983179203,67,1693815572
lulc_02491,lulc,235,4,cropland,farmland,0.6895887586805556,0.07647026909722222,0.1382107204861111,0.0957302517361111,0.0,0.6895887586805556,1.8558820969215803,1.463167357046561,0.9185465544649078,0.3530593493015797,56,2087621241
lulc_02492,lulc,225,2,built_up,quarry,0.6944986979166666,0.0,0.0,0.6944986979166666,0.3055013020833333,0.0,1.5016984568191194,1.4494720698535406,2.410329109570476,1.8613176614053963,64,178535104
lulc_02493,lulc,236,0,water,harbour,1.0,1.0,0.0,0.0,0.0,0.0,1.1078080625682951,1.935008336727583,0.5006666057500387,5.922669456452315,63,1214105621
lulc_02494,lulc,229,2,built_up,harbour,1.0,0.0,0.0,1.0,0.0,0.0,1.3072101380850962,1.4195532664615849,2.8471459963781967,11.735787674696468,64,1800905259
lulc_02495,lulc,218,3,barren,river_delta,0.8716362847222222,0.0,0.1283637152777778,0.0,0.8716362847222222,0.0,2.2159913145302963,1.6745537010274392,2.9950591970436284,8.990287425336913,58,1930155259
lulc_02496,lulc,221,2,built_up,urban_grid,0.6810980902777778,0.0,0.3189019097222222,0.6810980902777778,0.0,0.0,1.7480822873385562,1.7316248010194015,1.7365011206244256,8.553619143943784,90,28438970
lulc_02497,lulc,237,4,cropland,farmland,0.8633083767361112,0.0,0.1366916232638889,0.0,0.0,0.8633083767361112,0.8670887246528607,2.3632043907295115,0.8711305682432889,11.011760293679057,55,1422628399
lulc_02498,lulc,217,4,cropland,farmland,0.5577256944444444,0.0,0.0,0.4422743055555556,0.0,0.5577256944444444,1.6629857923007085,1.5583371392847734,1.542148902264086,8.816018408145741,80,101261942
lulc_02499,lulc,223,2,built_up,urban_grid,0.648193359375,0.0,0.351806640625,0.648193359375,0.0,0.0,1.6191077563108869,1.8309874981410035,0.05373834856715782,5.97021293511726,71,139240202
